{
"index":-5,
"id":"ice2",
"label":"ice temple",
"color":"#99A5AA",
"type":"tree",
"levels":[
{"id":1,"x":0.6,"y":0.95,"filename":"tutorials/levels/light_01.json","time":30,"mobileTime":50,"required":0,"initial":true,"_id":1},
{"id":2,"x":0.5,"y":0.9,"filename":"tutorials/levels/ice_02.json","time":45,"mobileTime":65,"required":0,"initial":true,"_id":2},
{"id":3,"x":0.5,"y":0.8,"filename":"ice/levels/ice_03.json","time":50,"mobileTime":70,"required":0,"_id":3},
{"id":4,"_id":4,"x":0.5,"y":0.65,"filename":"ice/levels/ice_04.json","time":140,"mobileTime":160,"required":0},
{"id":5,"_id":5,"x":0.35,"y":0.75,"filename":"ice/levels/ice_05.json","type":"puzzle","time":110,"mobileTime":140,"required":0},
{"id":6,"_id":7,"x":0.35,"y":0.6,"filename":"ice/levels/ice_06.json","type":"speed","time":45,"mobileTime":60,"required":0},
{"id":7,"_id":8,"x":0.5,"y":0.5,"filename":"ice/levels/ice_07.json","time":55,"mobileTime":95,"required":0},
{"id":9,"_id":9,"x":0.65,"y":0.75,"filename":"ice/levels/ice_09.json","type":"puzzle","time":65,"mobileTime":115,"required":0},
{"id":10,"_id":10,"x":0.15,"y":0.7,"filename":"ice/levels/ice_10.json","type":"speed","time":40,"mobileTime":60,"required":0},
{"id":11,"_id":11,"x":0.15,"y":0.8,"filename":"ice/levels/ice_11.json","time":58,"mobileTime":70,"required":0},
{"id":12,"_id":12,"x":0.05,"y":0.75,"filename":"ice/levels/ice_12.json","type":"puzzle","time":100,"mobileTime":120,"required":0},
{"id":13,"_id":13,"x":0.05,"y":0.65,"filename":"ice/levels/ice_13.json","time":85,"mobileTime":110,"required":0},
{"id":8,"_id":14,"x":0.65,"y":0.6,"filename":"ice/levels/ice_08.json","time":95,"mobileTime":135,"required":0},
{"id":15,"_id":15,"x":0.85,"y":0.8,"filename":"ice/levels/ice_15.json","time":240,"mobileTime":300,"required":0},
{"id":16,"_id":16,"x":0.95,"y":0.75,"filename":"ice/levels/ice_16.json","type":"puzzle","time":60,"mobileTime":90,"required":0},
{"id":17,"_id":17,"x":0.95,"y":0.65,"filename":"ice/levels/ice_17.json","time":65,"mobileTime":90,"required":0},
{"id":14,"_id":18,"x":0.85,"y":0.7,"filename":"ice/levels/ice_14.json","time":60,"mobileTime":70,"required":0},
{"id":25,"_id":19,"x":0.65,"y":0.4,"filename":"ice/levels/ice_25.json","type":"speed","time":35,"mobileTime":55,"required":0},
{"id":19,"_id":20,"x":0.35,"y":0.4,"filename":"ice/levels/ice_19.json","time":90,"mobileTime":105,"required":0},
{"id":18,"_id":21,"x":0.25,"y":0.5,"filename":"ice/levels/ice_18.json","type":"puzzle","time":75,"mobileTime":80,"required":0},
{"id":24,"_id":22,"x":0.75,"y":0.5,"filename":"ice/levels/ice_24.json","type":"puzzle","time":60,"mobileTime":90,"required":0},
{"id":32,"_id":23,"x":0.65,"y":0.25,"filename":"ice/levels/ice_32.json","type":"puzzle","time":120,"mobileTime":180,"required":0},
{"id":31,"_id":24,"x":0.35,"y":0.25,"filename":"ice/levels/ice_31.json","type":"puzzle","time":105,"mobileTime":125,"required":0},
{"id":30,"_id":25,"x":0.5,"y":0.35,"filename":"ice/levels/ice_30.json","time":90,"mobileTime":120,"required":0},
{"id":33,"_id":27,"x":0.5,"y":0.2,"filename":"ice/levels/ice_33.json","time":100,"mobileTime":120,"required":0},
{"id":36,"_id":28,"x":0.6,"y":0.15,"filename":"ice/levels/ice_36.json","time":80,"mobileTime":105,"required":0},
{"id":34,"_id":30,"x":0.4,"y":0.15,"filename":"ice/levels/ice_34.json","type":"speed","time":50,"mobileTime":65,"required":0},
{"id":26,"_id":33,"x":0.85,"y":0.3,"filename":"ice/levels/ice_26.json","time":105,"mobileTime":118,"required":0},
{"id":27,"_id":34,"x":0.8489,"y":0.2033,"filename":"ice/levels/ice_27.json","time":30,"mobileTime":45,"required":0},
{"id":28,"_id":35,"x":0.9467,"y":0.2522,"filename":"ice/levels/ice_28.json","type":"puzzle","time":90,"mobileTime":110,"required":0},
{"id":20,"_id":37,"x":0.1478,"y":0.3011,"filename":"ice/levels/ice_20.json","type":"speed","time":35,"mobileTime":45,"required":0},
{"id":23,"_id":38,"x":0.1478,"y":0.2011,"filename":"ice/levels/ice_23.json","type":"speed","time":30,"mobileTime":50,"required":0},
{"id":22,"_id":39,"x":0.04778,"y":0.2489,"filename":"ice/levels/ice_22.json","type":"puzzle","time":120,"mobileTime":135,"required":0},
{"id":21,"_id":40,"x":0.05222,"y":0.3478,"filename":"ice/levels/ice_21.json","time":105,"mobileTime":120,"required":0},
{"id":0,"_id":41,"x":0.4,"y":0.95,"filename":"tutorials/levels/forest_01.json","time":40,"mobileTime":70,"initial":true,"required":0},
{"id":35,"_id":44,"x":0.4967,"y":0.1011,"filename":"ice/levels/ice_35.json","type":"puzzle","time":140,"mobileTime":240,"required":0},
{"id":29,"_id":45,"x":0.95,"y":0.3478,"filename":"ice/levels/ice_29.json","type":"speed","time":20,"mobileTime":42,"required":0}
],
"edges":[
{"id":"temp","source":1,"target":2,"_id":"12"},
{"id":"temp","source":2,"target":3,"_id":"23"},
{"id":"temp","source":3,"target":4,"_id":"34"},
{"id":"temp","source":5,"target":4,"_id":"54"},
{"id":"temp","source":13,"target":10,"_id":"1310"},
{"id":"temp","source":10,"target":12,"_id":"1012"},
{"id":"temp","source":10,"target":11,"_id":"1011"},
{"id":"temp","source":10,"target":7,"_id":"107"},
{"id":"temp","source":7,"target":8,"_id":"78"},
{"id":"temp","source":8,"target":4,"_id":"84"},
{"id":"temp","source":7,"target":5,"_id":"75"},
{"id":"temp","source":4,"target":9,"_id":"49"},
{"id":"temp","source":9,"target":14,"_id":"914"},
{"id":"temp","source":14,"target":8,"_id":"148"},
{"id":"temp","source":14,"target":18,"_id":"1418"},
{"id":"temp","source":18,"target":16,"_id":"1816"},
{"id":"temp","source":18,"target":15,"_id":"1815"},
{"id":"temp","source":18,"target":17,"_id":"1817"},
{"id":"temp","source":8,"target":20,"_id":"820"},
{"id":"temp","source":8,"target":19,"_id":"819"},
{"id":"temp","source":19,"target":23,"_id":"1923"},
{"id":"temp","source":20,"target":24,"_id":"2024"},
{"id":"temp","source":20,"target":21,"_id":"2021"},
{"id":"temp","source":21,"target":7,"_id":"217"},
{"id":"temp","source":22,"target":14,"_id":"2214"},
{"id":"temp","source":22,"target":19,"_id":"2219"},
{"id":"temp","source":25,"target":24,"_id":"2524"},
{"id":"temp","source":25,"target":23,"_id":"2523"},
{"id":"temp","source":8,"target":25,"_id":"825"},
{"id":"temp","source":27,"target":28,"_id":"2728"},
{"id":"temp","source":27,"target":30,"_id":"2730"},
{"id":"temp","source":27,"target":25,"_id":"2725"},
{"id":"temp","source":19,"target":33,"_id":"1933"},
{"id":"temp","source":33,"target":35,"_id":"3335"},
{"id":"temp","source":33,"target":34,"_id":"3334"},
{"id":"temp","source":33,"target":45,"_id":"3345"},
{"id":"temp","source":27,"target":44,"_id":"2744"},
{"id":"temp","source":20,"target":37,"_id":"2037"},
{"id":"temp","source":37,"target":38,"_id":"3738"},
{"id":"temp","source":37,"target":39,"_id":"3739"},
{"id":"temp","source":37,"target":40,"_id":"3740"},
{"id":"temp","source":2,"target":41,"_id":"241"}
]
}