{"frames": [

{
	"filename": "BackGround0000",
	"frame": {"x":0,"y":0,"w":512,"h":512},
	"rotated": false,
	"trimmed": false,
	"spriteSourceSize": {"x":0,"y":0,"w":512,"h":512},
	"sourceSize": {"w":512,"h":512}
}
,{
	"filename": "Clock0000",
	"frame": {"x":516,"y":260,"w":268,"h":100},
	"rotated": false,
	"trimmed": false,
	"spriteSourceSize": {"x":0,"y":0,"w":268,"h":100},
	"sourceSize": {"w":268,"h":100}
}
,{
	"filename": "Diamond1_Bkg_Empty0000",
	"frame": {"x":334,"y":1601,"w":106,"h":111},
	"rotated": false,
	"trimmed": false,
	"spriteSourceSize": {"x":0,"y":0,"w":106,"h":111},
	"sourceSize": {"w":106,"h":111}
}
,{
	"filename": "FinishBoy0000",
	"frame": {"x":776,"y":0,"w":163,"h":139},
	"rotated": false,
	"trimmed": false,
	"spriteSourceSize": {"x":0,"y":0,"w":163,"h":139},
	"sourceSize": {"w":163,"h":139}
}
,{
	"filename": "FinishBoy0001",
	"frame": {"x":788,"y":143,"w":163,"h":139},
	"rotated": false,
	"trimmed": false,
	"spriteSourceSize": {"x":0,"y":0,"w":163,"h":139},
	"sourceSize": {"w":163,"h":139}
}
,{
	"filename": "FinishBoy0002",
	"frame": {"x":788,"y":286,"w":163,"h":139},
	"rotated": false,
	"trimmed": false,
	"spriteSourceSize": {"x":0,"y":0,"w":163,"h":139},
	"sourceSize": {"w":163,"h":139}
}
,{
	"filename": "FinishBoy0003",
	"frame": {"x":516,"y":364,"w":163,"h":139},
	"rotated": false,
	"trimmed": false,
	"spriteSourceSize": {"x":0,"y":0,"w":163,"h":139},
	"sourceSize": {"w":163,"h":139}
}
,{
	"filename": "FinishBoy0004",
	"frame": {"x":683,"y":429,"w":163,"h":139},
	"rotated": false,
	"trimmed": false,
	"spriteSourceSize": {"x":0,"y":0,"w":163,"h":139},
	"sourceSize": {"w":163,"h":139}
}
,{
	"filename": "FinishBoy0005",
	"frame": {"x":850,"y":429,"w":163,"h":139},
	"rotated": false,
	"trimmed": false,
	"spriteSourceSize": {"x":0,"y":0,"w":163,"h":139},
	"sourceSize": {"w":163,"h":139}
}
,{
	"filename": "FinishBoy0006",
	"frame": {"x":516,"y":507,"w":163,"h":139},
	"rotated": false,
	"trimmed": false,
	"spriteSourceSize": {"x":0,"y":0,"w":163,"h":139},
	"sourceSize": {"w":163,"h":139}
}
,{
	"filename": "FinishBoy0007",
	"frame": {"x":683,"y":572,"w":163,"h":139},
	"rotated": false,
	"trimmed": false,
	"spriteSourceSize": {"x":0,"y":0,"w":163,"h":139},
	"sourceSize": {"w":163,"h":139}
}
,{
	"filename": "FinishBoy0008",
	"frame": {"x":850,"y":572,"w":163,"h":139},
	"rotated": false,
	"trimmed": false,
	"spriteSourceSize": {"x":0,"y":0,"w":163,"h":139},
	"sourceSize": {"w":163,"h":139}
}
,{
	"filename": "FinishBoy0009",
	"frame": {"x":516,"y":650,"w":163,"h":139},
	"rotated": false,
	"trimmed": false,
	"spriteSourceSize": {"x":0,"y":0,"w":163,"h":139},
	"sourceSize": {"w":163,"h":139}
}
,{
	"filename": "FinishBoy0010",
	"frame": {"x":683,"y":715,"w":163,"h":139},
	"rotated": false,
	"trimmed": false,
	"spriteSourceSize": {"x":0,"y":0,"w":163,"h":139},
	"sourceSize": {"w":163,"h":139}
}
,{
	"filename": "FinishBoy0011",
	"frame": {"x":850,"y":715,"w":163,"h":139},
	"rotated": false,
	"trimmed": false,
	"spriteSourceSize": {"x":0,"y":0,"w":163,"h":139},
	"sourceSize": {"w":163,"h":139}
}
,{
	"filename": "FinishBoy0012",
	"frame": {"x":516,"y":793,"w":163,"h":139},
	"rotated": false,
	"trimmed": false,
	"spriteSourceSize": {"x":0,"y":0,"w":163,"h":139},
	"sourceSize": {"w":163,"h":139}
}
,{
	"filename": "FinishBoy0013",
	"frame": {"x":683,"y":858,"w":163,"h":139},
	"rotated": false,
	"trimmed": false,
	"spriteSourceSize": {"x":0,"y":0,"w":163,"h":139},
	"sourceSize": {"w":163,"h":139}
}
,{
	"filename": "FinishBoy0014",
	"frame": {"x":850,"y":858,"w":163,"h":139},
	"rotated": false,
	"trimmed": false,
	"spriteSourceSize": {"x":0,"y":0,"w":163,"h":139},
	"sourceSize": {"w":163,"h":139}
}
,{
	"filename": "FinishBoy0015",
	"frame": {"x":516,"y":936,"w":163,"h":139},
	"rotated": false,
	"trimmed": false,
	"spriteSourceSize": {"x":0,"y":0,"w":163,"h":139},
	"sourceSize": {"w":163,"h":139}
}
,{
	"filename": "FinishBoy0016",
	"frame": {"x":683,"y":1001,"w":163,"h":139},
	"rotated": false,
	"trimmed": false,
	"spriteSourceSize": {"x":0,"y":0,"w":163,"h":139},
	"sourceSize": {"w":163,"h":139}
}
,{
	"filename": "FinishBoy0017",
	"frame": {"x":850,"y":1001,"w":163,"h":139},
	"rotated": false,
	"trimmed": false,
	"spriteSourceSize": {"x":0,"y":0,"w":163,"h":139},
	"sourceSize": {"w":163,"h":139}
}
,{
	"filename": "FinishBoy0018",
	"frame": {"x":0,"y":1032,"w":163,"h":139},
	"rotated": false,
	"trimmed": false,
	"spriteSourceSize": {"x":0,"y":0,"w":163,"h":139},
	"sourceSize": {"w":163,"h":139}
}
,{
	"filename": "FinishBoy0019",
	"frame": {"x":167,"y":1032,"w":163,"h":139},
	"rotated": false,
	"trimmed": false,
	"spriteSourceSize": {"x":0,"y":0,"w":163,"h":139},
	"sourceSize": {"w":163,"h":139}
}
,{
	"filename": "FinishBoy0020",
	"frame": {"x":334,"y":1032,"w":163,"h":139},
	"rotated": false,
	"trimmed": false,
	"spriteSourceSize": {"x":0,"y":0,"w":163,"h":139},
	"sourceSize": {"w":163,"h":139}
}
,{
	"filename": "FinishBoy0021",
	"frame": {"x":501,"y":1079,"w":163,"h":139},
	"rotated": false,
	"trimmed": false,
	"spriteSourceSize": {"x":0,"y":0,"w":163,"h":139},
	"sourceSize": {"w":163,"h":139}
}
,{
	"filename": "FinishGirl0000",
	"frame": {"x":668,"y":1144,"w":163,"h":138},
	"rotated": false,
	"trimmed": false,
	"spriteSourceSize": {"x":0,"y":0,"w":163,"h":138},
	"sourceSize": {"w":163,"h":138}
}
,{
	"filename": "FinishGirl0001",
	"frame": {"x":835,"y":1144,"w":163,"h":138},
	"rotated": false,
	"trimmed": false,
	"spriteSourceSize": {"x":0,"y":0,"w":163,"h":138},
	"sourceSize": {"w":163,"h":138}
}
,{
	"filename": "FinishGirl0002",
	"frame": {"x":0,"y":1175,"w":163,"h":138},
	"rotated": false,
	"trimmed": false,
	"spriteSourceSize": {"x":0,"y":0,"w":163,"h":138},
	"sourceSize": {"w":163,"h":138}
}
,{
	"filename": "FinishGirl0003",
	"frame": {"x":167,"y":1175,"w":163,"h":138},
	"rotated": false,
	"trimmed": false,
	"spriteSourceSize": {"x":0,"y":0,"w":163,"h":138},
	"sourceSize": {"w":163,"h":138}
}
,{
	"filename": "FinishGirl0004",
	"frame": {"x":334,"y":1175,"w":163,"h":138},
	"rotated": false,
	"trimmed": false,
	"spriteSourceSize": {"x":0,"y":0,"w":163,"h":138},
	"sourceSize": {"w":163,"h":138}
}
,{
	"filename": "FinishGirl0005",
	"frame": {"x":501,"y":1222,"w":163,"h":138},
	"rotated": false,
	"trimmed": false,
	"spriteSourceSize": {"x":0,"y":0,"w":163,"h":138},
	"sourceSize": {"w":163,"h":138}
}
,{
	"filename": "FinishGirl0006",
	"frame": {"x":668,"y":1286,"w":163,"h":138},
	"rotated": false,
	"trimmed": false,
	"spriteSourceSize": {"x":0,"y":0,"w":163,"h":138},
	"sourceSize": {"w":163,"h":138}
}
,{
	"filename": "FinishGirl0007",
	"frame": {"x":835,"y":1286,"w":163,"h":138},
	"rotated": false,
	"trimmed": false,
	"spriteSourceSize": {"x":0,"y":0,"w":163,"h":138},
	"sourceSize": {"w":163,"h":138}
}
,{
	"filename": "FinishGirl0008",
	"frame": {"x":0,"y":1317,"w":163,"h":138},
	"rotated": false,
	"trimmed": false,
	"spriteSourceSize": {"x":0,"y":0,"w":163,"h":138},
	"sourceSize": {"w":163,"h":138}
}
,{
	"filename": "FinishGirl0009",
	"frame": {"x":167,"y":1317,"w":163,"h":138},
	"rotated": false,
	"trimmed": false,
	"spriteSourceSize": {"x":0,"y":0,"w":163,"h":138},
	"sourceSize": {"w":163,"h":138}
}
,{
	"filename": "FinishGirl0010",
	"frame": {"x":334,"y":1317,"w":163,"h":138},
	"rotated": false,
	"trimmed": false,
	"spriteSourceSize": {"x":0,"y":0,"w":163,"h":138},
	"sourceSize": {"w":163,"h":138}
}
,{
	"filename": "FinishGirl0011",
	"frame": {"x":501,"y":1364,"w":163,"h":138},
	"rotated": false,
	"trimmed": false,
	"spriteSourceSize": {"x":0,"y":0,"w":163,"h":138},
	"sourceSize": {"w":163,"h":138}
}
,{
	"filename": "FinishGirl0012",
	"frame": {"x":668,"y":1428,"w":163,"h":138},
	"rotated": false,
	"trimmed": false,
	"spriteSourceSize": {"x":0,"y":0,"w":163,"h":138},
	"sourceSize": {"w":163,"h":138}
}
,{
	"filename": "FinishGirl0013",
	"frame": {"x":835,"y":1428,"w":163,"h":138},
	"rotated": false,
	"trimmed": false,
	"spriteSourceSize": {"x":0,"y":0,"w":163,"h":138},
	"sourceSize": {"w":163,"h":138}
}
,{
	"filename": "FinishGirl0014",
	"frame": {"x":0,"y":1459,"w":163,"h":138},
	"rotated": false,
	"trimmed": false,
	"spriteSourceSize": {"x":0,"y":0,"w":163,"h":138},
	"sourceSize": {"w":163,"h":138}
}
,{
	"filename": "FinishGirl0015",
	"frame": {"x":167,"y":1459,"w":163,"h":138},
	"rotated": false,
	"trimmed": false,
	"spriteSourceSize": {"x":0,"y":0,"w":163,"h":138},
	"sourceSize": {"w":163,"h":138}
}
,{
	"filename": "FinishGirl0016",
	"frame": {"x":334,"y":1459,"w":163,"h":138},
	"rotated": false,
	"trimmed": false,
	"spriteSourceSize": {"x":0,"y":0,"w":163,"h":138},
	"sourceSize": {"w":163,"h":138}
}
,{
	"filename": "FinishGirl0017",
	"frame": {"x":501,"y":1506,"w":163,"h":138},
	"rotated": false,
	"trimmed": false,
	"spriteSourceSize": {"x":0,"y":0,"w":163,"h":138},
	"sourceSize": {"w":163,"h":138}
}
,{
	"filename": "FinishGirl0018",
	"frame": {"x":668,"y":1570,"w":163,"h":138},
	"rotated": false,
	"trimmed": false,
	"spriteSourceSize": {"x":0,"y":0,"w":163,"h":138},
	"sourceSize": {"w":163,"h":138}
}
,{
	"filename": "FinishGirl0019",
	"frame": {"x":835,"y":1570,"w":163,"h":138},
	"rotated": false,
	"trimmed": false,
	"spriteSourceSize": {"x":0,"y":0,"w":163,"h":138},
	"sourceSize": {"w":163,"h":138}
}
,{
	"filename": "FinishGirl0020",
	"frame": {"x":0,"y":1601,"w":163,"h":138},
	"rotated": false,
	"trimmed": false,
	"spriteSourceSize": {"x":0,"y":0,"w":163,"h":138},
	"sourceSize": {"w":163,"h":138}
}
,{
	"filename": "FinishGirl0021",
	"frame": {"x":167,"y":1601,"w":163,"h":138},
	"rotated": false,
	"trimmed": false,
	"spriteSourceSize": {"x":0,"y":0,"w":163,"h":138},
	"sourceSize": {"w":163,"h":138}
}
,{
	"filename": "ForeGround0000",
	"frame": {"x":516,"y":0,"w":256,"h":256},
	"rotated": false,
	"trimmed": false,
	"spriteSourceSize": {"x":0,"y":0,"w":256,"h":256},
	"sourceSize": {"w":256,"h":256}
}
,{
	"filename": "MenuBackground0000",
	"frame": {"x":0,"y":516,"w":512,"h":512},
	"rotated": false,
	"trimmed": false,
	"spriteSourceSize": {"x":0,"y":0,"w":512,"h":512},
	"sourceSize": {"w":512,"h":512}
}
,{
	"filename": "decor_A0000",
	"frame": {"x":572,"y":1702,"w":50,"h":50},
	"rotated": false,
	"trimmed": false,
	"spriteSourceSize": {"x":0,"y":0,"w":50,"h":50},
	"sourceSize": {"w":50,"h":50}
}
,{
	"filename": "decor_O_10000",
	"frame": {"x":683,"y":364,"w":70,"h":52},
	"rotated": false,
	"trimmed": false,
	"spriteSourceSize": {"x":0,"y":0,"w":70,"h":52},
	"sourceSize": {"w":70,"h":52}
}
,{
	"filename": "decor_O_20000",
	"frame": {"x":572,"y":1648,"w":50,"h":50},
	"rotated": false,
	"trimmed": false,
	"spriteSourceSize": {"x":0,"y":0,"w":50,"h":50},
	"sourceSize": {"w":50,"h":50}
}
,{
	"filename": "decor_T_10000",
	"frame": {"x":955,"y":256,"w":40,"h":116},
	"rotated": false,
	"trimmed": false,
	"spriteSourceSize": {"x":0,"y":0,"w":40,"h":116},
	"sourceSize": {"w":40,"h":116}
}
,{
	"filename": "decor_T_20000",
	"frame": {"x":955,"y":146,"w":50,"h":106},
	"rotated": false,
	"trimmed": false,
	"spriteSourceSize": {"x":0,"y":0,"w":50,"h":106},
	"sourceSize": {"w":50,"h":106}
}
,{
	"filename": "decor_T_30000",
	"frame": {"x":444,"y":1648,"w":60,"h":60},
	"rotated": false,
	"trimmed": false,
	"spriteSourceSize": {"x":0,"y":0,"w":60,"h":60},
	"sourceSize": {"w":60,"h":60}
}
,{
	"filename": "decor_V0000",
	"frame": {"x":955,"y":0,"w":44,"h":142},
	"rotated": false,
	"trimmed": false,
	"spriteSourceSize": {"x":0,"y":0,"w":44,"h":142},
	"sourceSize": {"w":44,"h":142}
}
,{
	"filename": "decor_X0000",
	"frame": {"x":508,"y":1648,"w":60,"h":60},
	"rotated": false,
	"trimmed": false,
	"spriteSourceSize": {"x":0,"y":0,"w":60,"h":60},
	"sourceSize": {"w":60,"h":60}
}],
"meta": {
	"app": "Adobe Flash CS6",
	"version": "12.0.0.481",
	"image": "TempleAssets.png",
	"format": "RGBA8888",
	"size": {"w":1024,"h":2048},
	"scale": "1"
}
}
