{"frames": [

{
	"filename": "HolderTexture0000",
	"frame": {"x":1024,"y":0,"w":256,"h":399},
	"rotated": false,
	"trimmed": false,
	"spriteSourceSize": {"x":0,"y":0,"w":256,"h":399},
	"sourceSize": {"w":256,"h":399}
}
,{
	"filename": "Loading0000",
	"frame": {"x":260,"y":0,"w":469,"h":103},
	"rotated": false,
	"trimmed": false,
	"spriteSourceSize": {"x":0,"y":0,"w":469,"h":103},
	"sourceSize": {"w":469,"h":103}
}
,{
	"filename": "SimpleBackground0000",
	"frame": {"x":1024,"y":0,"w":256,"h":317},
	"rotated": false,
	"trimmed": false,
	"spriteSourceSize": {"x":0,"y":0,"w":256,"h":317},
	"sourceSize": {"w":256,"h":317}
}
,{
	"filename": "SliderHolder0000",
	"frame": {"x":1024,"y":403,"w":1920,"h":395},
	"rotated": false,
	"trimmed": false,
	"spriteSourceSize": {"x":0,"y":0,"w":800,"h":395},
	"sourceSize": {"w":800,"h":395}
}
,{
	"filename": "_default0000",
	"frame": {"x":804,"y":403,"w":32,"h":33},
	"rotated": false,
	"trimmed": false,
	"spriteSourceSize": {"x":0,"y":0,"w":32,"h":33},
	"sourceSize": {"w":32,"h":33}
}],
"meta": {
	"app": "Adobe Flash CS6",
	"version": "12.0.0.481",
	"image": "MenuBackgrounds.png",
	"format": "RGBA8888",
	"size": {"w":1900,"h":1024},
	"scale": "1"
}
}
