{"height":29,"infinite":false,"layers":[{"data":[1,1,1,1,1,1,1,1,1,1,1,1,1,1,1,1,1,1,1,1,1,1,1,1,1,1,1,1,1,1,1,1,1,1,1,1,1,1,1,1,0,0,0,0,0,0,0,0,0,0,0,0,0,0,0,0,0,0,0,0,0,0,0,0,0,0,0,0,0,0,0,0,0,0,0,0,0,1,1,0,0,0,0,0,0,0,0,0,0,0,0,0,0,0,0,0,0,0,0,0,0,0,0,0,0,0,0,0,0,0,0,0,0,0,0,0,1,1,0,0,0,0,0,0,0,0,0,0,0,0,0,0,0,0,0,0,0,0,0,0,0,0,0,0,0,0,0,0,0,0,0,0,0,0,0,1,1,1,3,0,0,7,7,7,7,7,1,1,1,1,1,1,6,6,6,6,6,6,6,6,6,6,6,6,1,1,1,1,1,1,3,0,0,0,1,1,0,0,0,0,1,0,0,0,0,0,0,0,0,0,0,0,0,0,0,0,0,0,0,0,0,0,0,0,0,0,0,0,1,1,3,0,0,1,1,0,0,0,0,1,0,0,0,0,0,0,0,0,0,0,0,0,0,0,0,0,0,0,0,0,0,0,0,0,0,0,0,1,0,0,0,0,1,1,0,0,2,1,1,0,0,0,0,0,0,0,0,0,0,0,0,0,0,0,0,0,0,0,0,0,0,0,0,0,0,0,1,0,0,0,0,1,1,0,0,0,0,1,0,0,0,0,0,0,0,0,0,0,0,0,0,0,0,0,0,0,0,0,0,0,0,0,0,0,0,1,0,0,2,1,1,1,0,0,0,0,1,0,0,0,0,0,0,0,0,0,0,0,0,0,0,0,0,0,0,0,0,0,0,0,0,0,0,0,1,0,0,0,0,1,1,1,3,0,0,1,0,0,0,0,0,0,0,0,0,0,0,0,0,0,0,0,0,0,0,0,0,0,0,0,0,0,0,1,0,0,0,0,1,1,0,0,0,0,1,0,0,0,0,0,0,0,0,0,0,0,0,0,0,0,0,0,0,0,0,0,0,0,0,0,0,0,1,1,3,0,0,1,1,0,0,0,0,1,0,0,0,0,0,0,0,0,0,0,0,0,0,0,0,0,0,0,0,0,0,0,0,0,0,0,0,0,0,0,0,0,1,1,0,0,2,1,1,0,0,0,0,0,0,0,0,0,0,0,0,0,0,0,0,0,0,0,0,0,0,0,0,0,0,0,0,0,0,0,0,1,1,0,0,0,0,0,0,0,0,0,0,0,0,0,0,0,0,0,0,0,0,0,0,0,0,0,0,0,0,0,0,0,0,0,0,0,2,1,1,1,0,0,0,0,0,0,0,0,0,0,0,0,2,1,1,1,1,1,0,0,1,1,1,1,1,3,0,0,0,0,0,0,0,0,0,0,0,1,1,1,3,0,0,0,0,0,0,0,0,0,0,1,0,0,0,0,0,0,0,0,0,0,0,0,1,0,0,0,0,0,0,0,0,0,0,0,1,1,1,1,6,6,6,6,6,6,6,6,6,6,1,0,0,0,0,0,0,0,0,0,0,0,0,1,1,1,1,1,1,1,3,0,0,0,0,1,1,0,0,0,0,0,0,0,0,0,0,0,0,1,0,0,0,0,0,0,0,0,0,0,0,0,1,0,0,0,0,0,0,1,0,0,0,0,1,1,0,0,0,0,0,0,0,0,0,0,0,0,0,0,0,0,0,0,0,0,0,0,0,0,0,0,0,0,0,0,0,0,1,0,0,0,0,1,1,0,0,0,0,0,0,0,0,0,0,0,0,1,0,0,0,0,0,0,0,0,0,0,0,0,1,0,0,0,0,0,0,1,0,0,2,1,1,1,0,0,0,0,0,0,0,0,0,0,0,0,1,0,0,0,0,0,0,0,0,0,0,0,0,1,0,0,0,0,0,0,1,0,0,0,0,1,1,1,1,1,13,0,0,0,0,0,0,0,0,4,0,0,0,0,0,0,0,0,0,0,0,0,5,0,0,0,0,0,0,1,0,0,0,0,1,1,1,1,1,1,13,0,0,0,0,0,0,0,0,0,0,0,0,0,0,0,0,0,0,0,0,0,0,0,0,0,0,0,1,1,3,0,0,1,1,1,1,1,1,1,13,0,0,0,0,0,0,0,0,0,0,0,0,0,0,0,0,0,0,0,0,0,0,0,0,0,0,0,0,0,0,0,1,1,1,1,1,1,1,1,13,0,0,0,0,0,0,0,0,0,0,0,0,0,0,0,0,0,0,0,0,0,0,0,0,0,0,0,0,0,0,1,1,1,1,1,1,1,1,1,13,0,0,0,0,0,0,0,0,0,0,0,0,0,0,0,0,0,0,0,0,0,0,0,0,0,0,0,2,1,1,1,1,1,1,1,1,1,1,1,1,1,1,1,6,6,6,6,6,6,6,6,6,6,6,6,6,6,1,1,1,1,1,1,1,1,1,1,1,1,1,1,1,1,1,1,1,1,1,1,1,1,1,1,1,1,1,1,1,1,1,1,1,1,1,1,1,1,1,1,1,1,1,1,1,1,1,1,1],"height":29,"name":"Ground","opacity":1,"type":"tilelayer","visible":true,"width":39,"x":0,"y":0},{"draworder":"topdown","name":"Chars","objects":[{"gid":18,"height":64,"id":1,"name":"","rotation":0,"type":"","visible":true,"width":64,"x":336,"y":128},{"gid":19,"height":64,"id":2,"name":"","rotation":0,"type":"","visible":true,"width":64,"x":432,"y":128},{"gid":17,"height":64,"id":3,"name":"","rotation":0,"type":"","visible":true,"width":64,"x":352,"y":864},{"gid":16,"height":64,"id":4,"name":"","rotation":0,"type":"","visible":true,"width":64,"x":288,"y":864},{"gid":21,"height":64,"id":5,"name":"","rotation":0,"type":"","visible":true,"width":64,"x":496,"y":464},{"gid":21,"height":64,"id":6,"name":"","rotation":0,"type":"","visible":true,"width":64,"x":544,"y":848},{"gid":21,"height":64,"id":7,"name":"","rotation":0,"type":"","visible":true,"width":64,"x":48,"y":656},{"gid":21,"height":64,"id":8,"name":"","rotation":0,"type":"","visible":true,"width":64,"x":1144,"y":752},{"gid":21,"height":64,"id":9,"name":"","rotation":0,"type":"","visible":true,"width":64,"x":768,"y":112},{"gid":21,"height":64,"id":10,"name":"","rotation":0,"type":"","visible":true,"width":64,"x":32,"y":448},{"gid":20,"height":64,"id":11,"name":"","rotation":0,"type":"","visible":true,"width":64,"x":1088,"y":288},{"gid":20,"height":64,"id":12,"name":"","rotation":0,"type":"","visible":true,"width":64,"x":1096,"y":656},{"gid":20,"height":64,"id":13,"name":"","rotation":0,"type":"","visible":true,"width":64,"x":720,"y":464},{"gid":20,"height":64,"id":14,"name":"","rotation":0,"type":"","visible":true,"width":64,"x":672,"y":848},{"gid":20,"height":64,"id":15,"name":"","rotation":0,"type":"","visible":true,"width":64,"x":224,"y":768},{"gid":20,"height":64,"id":17,"name":"","rotation":0,"type":"","visible":true,"width":64,"x":208,"y":112}],"opacity":1,"type":"objectgroup","visible":true,"x":0,"y":0},{"draworder":"topdown","name":"Objects","objects":[{"height":0,"id":18,"name":"","polyline":[{"x":0,"y":0},{"x":360,"y":0}],"properties":{"group":2},"propertytypes":{"group":"int"},"rotation":0,"type":"slider","visible":true,"width":0,"x":528,"y":112},{"gid":38,"height":64,"id":19,"name":"","properties":{"group":2},"propertytypes":{"group":"int"},"rotation":0,"type":"","visible":true,"width":64,"x":608,"y":288},{"gid":33,"height":64,"id":20,"name":"","properties":{"group":5},"propertytypes":{"group":"int"},"rotation":90,"type":"","visible":true,"width":64,"x":608,"y":592},{"gid":28,"height":64,"id":21,"name":"","properties":{"group":5},"propertytypes":{"group":"int"},"rotation":0,"type":"","visible":true,"width":64,"x":928,"y":896},{"gid":32,"height":64,"id":22,"name":"","properties":{"color":"red","group":8,"initialState":1},"propertytypes":{"color":"string","group":"int","initialState":"int"},"rotation":180,"type":"","visible":true,"width":64,"x":1088,"y":592},{"gid":32,"height":64,"id":23,"name":"","properties":{"color":"blue","group":8,"initialState":1},"propertytypes":{"color":"string","group":"int","initialState":"int"},"rotation":0,"type":"","visible":true,"width":64,"x":0,"y":656},{"height":96,"id":24,"name":"","properties":{"dx":0,"dy":-3},"propertytypes":{"dx":"int","dy":"int"},"rotation":0,"type":"platform","visible":true,"width":32,"x":1056,"y":768},{"gid":41,"height":64,"id":27,"name":"","properties":{"time":4200},"propertytypes":{"time":"int"},"rotation":0,"type":"","visible":true,"width":64,"x":48,"y":736}],"opacity":1,"type":"objectgroup","visible":true,"x":0,"y":0}],"nextobjectid":31,"orientation":"orthogonal","renderorder":"right-down","tiledversion":"1.1.3","tileheight":32,"tilesets":[{"firstgid":1,"source":"../../../assets/tilemaps/tilesets/Ground.json"},{"firstgid":16,"source":"../../../assets/tilemaps/tilesets/Chars.json"},{"firstgid":24,"source":"../../../assets/tilemaps/tilesets/LargeObjects.json"},{"firstgid":27,"source":"../../../assets/tilemaps/tilesets/Objects.json"}],"tilewidth":32,"type":"map","version":1,"width":39}