{"height":29,"infinite":false,"layers":[{"data":[1,1,1,1,1,1,1,1,1,1,1,1,1,1,1,1,1,1,1,1,1,1,1,1,1,1,1,1,1,1,1,1,1,1,1,1,1,1,1,1,0,0,0,0,0,0,0,0,0,0,0,0,0,0,0,0,0,0,0,0,0,0,0,0,0,0,0,0,0,0,0,0,0,0,0,0,0,1,1,0,0,0,0,0,0,0,0,0,0,0,0,0,0,0,0,0,0,0,0,0,0,0,0,0,0,0,0,0,0,0,0,0,0,0,0,0,1,1,0,0,0,2,1,1,1,1,1,0,0,0,0,0,0,0,0,1,1,1,1,1,1,3,0,0,0,0,0,0,0,0,0,0,0,0,0,1,1,0,0,0,0,0,0,0,0,0,0,0,0,0,0,0,0,0,0,0,0,0,0,0,0,0,0,0,0,0,0,0,0,0,0,0,0,0,1,1,0,0,0,0,0,0,0,0,0,0,0,0,0,0,0,0,0,0,0,0,0,0,0,0,0,0,0,0,0,0,0,0,0,0,0,0,0,1,1,0,0,0,0,0,0,0,0,0,0,0,0,0,0,0,0,0,0,0,0,0,0,0,0,0,0,0,0,0,0,0,0,0,0,0,0,0,1,1,1,1,1,1,1,1,1,1,1,0,0,0,1,1,0,0,0,1,1,1,1,1,1,1,1,1,1,1,1,1,1,1,1,1,0,0,1,1,1,0,0,0,0,0,0,0,0,1,0,0,0,1,1,0,0,0,1,0,0,0,0,0,0,0,0,0,0,0,0,0,0,0,1,0,0,0,1,1,0,0,0,0,0,0,0,0,1,0,0,0,1,1,0,0,0,1,0,0,0,0,0,0,0,0,0,0,0,0,0,0,0,1,0,0,0,1,1,0,0,0,0,0,0,0,0,1,0,0,0,1,1,0,0,0,1,0,0,0,0,0,0,0,0,0,0,0,0,0,0,0,1,1,1,1,1,1,0,0,0,0,0,0,0,0,1,0,0,0,1,1,0,0,0,1,0,0,1,1,1,1,3,0,0,0,0,0,0,0,0,0,0,0,0,1,1,0,0,0,0,0,0,0,0,1,0,0,0,1,1,0,0,0,1,0,0,1,0,0,0,0,0,0,0,0,0,0,0,0,0,0,0,0,1,1,1,1,1,3,0,0,0,0,1,0,0,0,1,1,0,0,0,1,0,0,1,0,0,0,0,0,0,0,0,0,0,0,0,0,0,0,0,1,1,0,0,0,0,0,0,0,0,1,0,0,0,1,1,0,0,0,1,0,0,1,0,0,0,1,1,1,3,0,0,0,0,0,0,0,0,0,1,1,0,0,0,0,0,0,0,0,1,0,0,0,1,1,0,0,0,1,0,0,0,0,0,0,0,0,0,0,0,0,0,0,0,0,0,0,0,1,1,0,0,0,0,0,0,0,0,1,0,0,0,1,1,0,0,0,1,0,0,0,0,0,0,0,0,0,0,0,0,0,0,0,0,0,0,0,1,1,0,0,0,0,0,0,2,1,1,0,0,0,1,1,0,0,0,1,0,0,1,1,1,1,1,1,1,1,1,1,1,3,0,0,0,0,0,1,1,0,0,0,0,0,0,0,0,1,0,0,0,1,1,0,0,0,1,0,0,1,0,0,0,0,0,0,0,0,0,0,0,0,0,0,0,0,1,1,0,0,0,0,0,0,0,0,1,0,0,0,1,1,0,0,0,1,0,0,1,0,0,0,0,0,0,0,0,0,0,0,0,0,2,1,1,1,1,0,0,0,0,0,0,0,0,1,0,0,0,1,1,0,0,0,1,0,0,1,0,0,0,0,0,0,0,0,0,0,0,0,0,0,0,0,1,1,0,0,2,1,1,1,1,1,1,0,0,0,1,1,0,0,0,1,0,0,0,0,0,0,0,0,0,0,0,0,0,0,0,0,0,0,0,1,1,0,0,0,0,0,0,0,0,1,0,0,0,1,1,0,0,0,1,0,0,0,0,0,0,0,0,0,0,0,0,0,0,0,0,0,0,0,1,1,0,0,0,0,0,0,0,0,5,0,0,0,4,5,0,0,0,4,0,0,1,1,1,1,1,1,1,1,1,1,1,1,1,3,0,0,0,1,1,0,0,0,0,0,0,0,0,0,0,0,0,0,0,0,0,0,0,0,0,0,0,0,0,0,0,0,0,0,0,0,0,0,0,0,0,0,1,1,1,1,1,1,1,3,0,0,0,0,0,0,0,0,0,0,0,0,0,0,0,0,0,0,0,0,0,0,0,0,0,0,0,0,0,0,2,1,1,0,0,0,0,0,0,0,0,0,0,0,0,0,0,0,0,0,0,0,0,0,0,0,0,0,0,0,0,0,0,0,0,0,0,0,2,1,1,1,0,0,0,0,0,0,0,0,0,0,0,0,0,0,0,0,0,1,1,1,1,1,1,1,1,1,1,1,1,1,1,1,1,1,1,1,1,1,1,1,1,1,1,1,1,1,1,1,1,1,1,1,1,1,1,1,1,1,1,1,1,1,1,1,1,1,1,1,1,1,1,1,1,1,1,1,1],"height":29,"name":"Ground","opacity":1,"type":"tilelayer","visible":true,"width":39,"x":0,"y":0},{"draworder":"topdown","name":"Chars","objects":[{"gid":18,"height":64,"id":1,"name":"","rotation":0,"type":"","visible":true,"width":64,"x":48,"y":416},{"gid":19,"height":64,"id":2,"name":"","rotation":0,"type":"","visible":true,"width":64,"x":208,"y":672},{"gid":17,"height":64,"id":3,"name":"","rotation":0,"type":"","visible":true,"width":64,"x":800,"y":864},{"gid":16,"height":64,"id":4,"name":"","rotation":0,"type":"","visible":true,"width":64,"x":576,"y":224},{"gid":20,"height":64,"id":5,"name":"","rotation":0,"type":"","visible":true,"width":64,"x":48,"y":144},{"gid":20,"height":64,"id":6,"name":"","rotation":0,"type":"","visible":true,"width":64,"x":336,"y":496},{"gid":20,"height":64,"id":7,"name":"","rotation":0,"type":"","visible":true,"width":64,"x":96,"y":544},{"gid":20,"height":64,"id":8,"name":"","rotation":0,"type":"","visible":true,"width":64,"x":928,"y":208},{"gid":21,"height":64,"id":9,"name":"","rotation":0,"type":"","visible":true,"width":64,"x":48,"y":896},{"gid":21,"height":64,"id":10,"name":"","rotation":0,"type":"","visible":true,"width":64,"x":720,"y":464},{"gid":21,"height":64,"id":11,"name":"","rotation":0,"type":"","visible":true,"width":64,"x":992,"y":344},{"gid":21,"height":64,"id":12,"name":"","rotation":0,"type":"","visible":true,"width":64,"x":768,"y":720}],"opacity":1,"type":"objectgroup","visible":true,"x":0,"y":0},{"draworder":"topdown","name":"Objects","objects":[{"gid":30,"height":64,"id":13,"name":"","rotation":0,"type":"","visible":true,"width":64,"x":576,"y":96},{"gid":30,"height":64,"id":14,"name":"","rotation":0,"type":"","visible":true,"width":64,"x":640,"y":96},{"gid":30,"height":64,"id":15,"name":"","rotation":0,"type":"","visible":true,"width":64,"x":704,"y":96},{"gid":39,"height":64,"id":16,"name":"","rotation":0,"type":"","visible":true,"width":64,"x":184,"y":96},{"gid":39,"height":64,"id":17,"name":"","rotation":0,"type":"","visible":true,"width":64,"x":256,"y":96},{"gid":39,"height":64,"id":18,"name":"","rotation":0,"type":"","visible":true,"width":64,"x":336,"y":232},{"gid":26,"height":64,"id":19,"name":"","properties":{"group":5},"propertytypes":{"group":"int"},"rotation":0,"type":"","visible":true,"width":64,"x":704,"y":896},{"gid":26,"height":64,"id":20,"name":"","rotation":0,"type":"","visible":true,"width":64,"x":416,"y":256},{"gid":26,"height":64,"id":21,"name":"","properties":{"group":1},"propertytypes":{"group":"int"},"rotation":0,"type":"","visible":true,"width":64,"x":672,"y":256},{"gid":38,"height":64,"id":22,"name":"","rotation":0,"type":"","visible":true,"width":64,"x":672,"y":352},{"gid":38,"height":64,"id":23,"name":"","rotation":0,"type":"","visible":true,"width":64,"x":608,"y":736},{"gid":38,"height":64,"id":24,"name":"","rotation":90,"type":"","visible":true,"width":64,"x":704,"y":480},{"height":32,"id":25,"name":"","properties":{"dx":-2,"group":1},"propertytypes":{"dx":"int","group":"int"},"rotation":0,"type":"platform","visible":true,"width":96,"x":1120,"y":224},{"height":32,"id":27,"name":"","properties":{"dx":-2,"group":4},"propertytypes":{"dx":"int","group":"int"},"rotation":0,"type":"platform","visible":true,"width":64,"x":1024,"y":64},{"height":32,"id":28,"name":"","properties":{"boxFriction":0,"dx":-2,"group":5},"propertytypes":{"boxFriction":"int","dx":"int","group":"int"},"rotation":0,"type":"platform","visible":true,"width":96,"x":608,"y":352},{"height":32,"id":29,"name":"","properties":{"boxFriction":0,"dx":-2,"group":5},"propertytypes":{"boxFriction":"int","dx":"int","group":"int"},"rotation":0,"type":"platform","visible":true,"width":96,"x":608,"y":544},{"height":32,"id":30,"name":"","properties":{"boxFriction":0,"dx":-2,"group":5},"propertytypes":{"boxFriction":"int","dx":"int","group":"int"},"rotation":0,"type":"platform","visible":true,"width":64,"x":608,"y":736},{"height":32,"id":31,"name":"","properties":{"dx":-3,"group":0},"propertytypes":{"dx":"int","group":"int"},"rotation":0,"type":"platform","visible":true,"width":96,"x":480,"y":248},{"height":32,"id":32,"name":"","properties":{"dx":3,"group":0},"propertytypes":{"dx":"int","group":"int"},"rotation":0,"type":"platform","visible":true,"width":96,"x":320,"y":248},{"height":32,"id":33,"name":"","properties":{"dx":-2,"group":6},"propertytypes":{"dx":"int","group":"int"},"rotation":0,"type":"platform","visible":true,"width":96,"x":32,"y":672},{"gid":31,"height":64,"id":34,"name":"","properties":{"group":8,"initialState":1},"propertytypes":{"group":"int","initialState":"int"},"rotation":180,"type":"","visible":true,"width":64,"x":1248,"y":256},{"gid":31,"height":64,"id":35,"name":"","properties":{"color":"blue","group":8,"initialState":1},"propertytypes":{"color":"string","group":"int","initialState":"int"},"rotation":90,"type":"","visible":true,"width":64,"x":1024,"y":0},{"gid":33,"height":64,"id":36,"name":"","properties":{"color":"blue","group":6},"propertytypes":{"color":"string","group":"int"},"rotation":180,"type":"","visible":true,"width":64,"x":896,"y":0},{"gid":33,"height":64,"id":38,"name":"","properties":{"color":"yellow","group":4},"propertytypes":{"color":"string","group":"int"},"rotation":180,"type":"","visible":true,"width":64,"x":1184,"y":0},{"height":0,"id":39,"name":"","polyline":[{"x":0,"y":0},{"x":0,"y":-96},{"x":160,"y":-96},{"x":160,"y":640}],"rotation":0,"type":"pulley","visible":true,"width":0,"x":368,"y":240}],"opacity":1,"type":"objectgroup","visible":true,"x":0,"y":0}],"nextobjectid":40,"orientation":"orthogonal","renderorder":"right-down","tiledversion":"1.1.3","tileheight":32,"tilesets":[{"firstgid":1,"source":"../../../assets/tilemaps/tilesets/Ground.json"},{"firstgid":16,"source":"../../../assets/tilemaps/tilesets/Chars.json"},{"firstgid":23,"source":"../../../assets/tilemaps/tilesets/LargeObjects.json"},{"firstgid":26,"source":"../../../assets/tilemaps/tilesets/Objects.json"}],"tilewidth":32,"type":"map","version":1,"width":39}