{"height":29,"infinite":false,"layers":[{"data":[1,1,1,1,1,1,1,1,1,1,1,1,1,1,1,1,1,1,1,1,1,1,1,1,1,1,1,1,1,1,1,1,1,1,1,1,1,1,1,1,0,0,0,0,0,0,0,0,0,0,0,0,0,0,0,0,0,0,0,0,0,0,0,0,0,0,0,0,0,0,0,0,0,0,0,0,0,1,1,0,0,0,0,0,0,0,0,0,0,0,0,0,0,0,0,0,0,0,0,0,0,0,0,0,0,0,0,0,0,0,0,0,0,0,0,0,1,1,0,0,0,0,0,0,0,0,0,0,0,0,0,0,0,0,0,0,0,0,0,0,0,0,0,0,0,0,0,0,0,0,0,0,0,0,0,1,1,0,0,0,0,0,0,0,0,0,0,0,0,0,0,0,0,0,0,0,0,0,0,0,0,0,0,0,0,0,0,0,0,0,0,0,0,0,1,1,0,0,0,0,0,0,0,0,0,0,0,0,0,0,0,0,0,0,0,0,0,0,0,0,0,0,0,0,0,2,1,1,1,1,1,1,1,1,1,0,0,0,0,0,0,0,0,0,0,0,0,0,0,0,0,0,0,0,0,0,0,0,0,0,0,0,0,0,0,0,0,0,0,0,0,0,1,1,0,0,0,0,0,0,0,0,0,0,0,0,0,0,0,0,0,0,0,0,0,0,0,0,0,0,0,0,0,0,0,0,0,0,0,0,0,1,1,0,0,0,0,0,0,0,0,0,0,0,0,0,0,0,0,0,0,0,0,0,0,0,0,0,0,0,0,0,0,0,0,0,0,0,0,0,1,1,1,1,1,1,1,1,1,1,1,1,1,1,1,1,1,1,1,0,0,0,0,0,0,1,1,1,1,1,1,1,1,1,1,1,3,0,0,1,1,0,0,0,0,0,0,0,0,0,0,0,0,0,0,0,0,0,0,0,0,0,0,0,0,0,0,0,0,0,0,0,0,0,0,0,0,0,1,1,0,0,0,0,0,0,0,0,0,0,0,0,0,0,0,0,0,0,0,0,0,0,0,0,0,0,0,0,0,0,0,0,0,0,0,0,0,1,1,0,0,0,0,0,0,0,0,0,0,0,0,0,0,0,0,0,0,0,0,0,0,0,0,0,0,0,0,0,0,0,0,0,0,0,0,0,1,1,0,0,0,0,0,0,0,0,0,0,0,0,0,0,0,0,0,0,0,0,0,0,0,0,0,0,0,0,0,2,1,1,1,1,1,1,1,1,1,0,0,0,0,0,0,0,0,0,0,0,0,0,0,0,0,0,0,0,0,0,0,0,0,0,0,0,0,0,0,0,0,0,0,0,0,0,1,1,0,0,0,0,0,0,0,0,0,0,0,0,0,0,0,0,0,0,0,0,0,2,1,1,1,1,1,3,0,0,0,0,0,0,0,0,0,1,1,0,0,0,0,0,0,0,0,0,0,0,0,0,0,0,0,0,0,0,0,0,0,0,0,0,0,0,1,0,0,0,0,0,0,0,0,0,1,1,0,0,0,0,0,0,0,0,0,0,0,0,0,0,0,0,0,0,0,0,0,0,0,0,0,0,0,1,0,0,0,0,0,0,0,0,0,1,1,1,1,1,1,1,1,3,0,0,0,0,0,0,0,0,0,0,0,0,0,0,0,0,0,0,0,0,4,1,1,1,3,0,0,0,0,0,1,1,0,0,0,0,0,0,0,0,0,0,0,0,0,0,0,0,0,0,0,0,0,0,0,0,0,0,0,0,0,0,0,0,0,0,0,0,0,1,1,0,0,0,0,0,0,0,0,0,0,0,0,0,0,0,0,0,0,0,0,0,0,0,0,0,0,0,0,0,0,0,0,0,0,0,0,0,1,1,0,0,0,0,0,0,0,0,0,0,0,0,0,0,0,0,0,0,0,0,0,0,0,0,0,0,0,0,0,0,0,0,0,0,0,0,0,1,1,0,0,0,0,0,0,0,0,2,1,6,6,6,6,6,6,6,6,6,6,6,6,6,6,6,6,6,1,3,0,0,0,0,2,1,1,1,1,1,0,0,0,0,0,0,0,2,1,1,1,1,1,1,1,1,1,1,1,1,1,1,1,1,1,1,1,1,1,3,0,0,0,0,0,0,0,1,1,0,0,0,0,0,0,0,0,0,0,0,0,0,0,0,0,0,0,0,0,0,0,0,0,0,0,0,0,0,0,0,0,0,0,0,0,0,1,1,0,0,0,0,0,0,0,0,0,0,0,0,0,0,0,0,0,0,0,0,0,0,0,0,0,0,0,0,0,0,0,0,0,0,0,0,0,1,1,0,0,0,0,0,0,0,0,0,0,0,0,0,0,0,0,0,0,0,0,0,0,0,0,0,0,0,0,0,0,0,0,0,0,0,0,0,1,1,3,0,0,2,1,3,0,0,0,0,0,0,0,0,0,0,0,0,0,0,0,0,0,0,0,0,0,0,0,0,0,2,1,1,1,1,1,1,1,1,1,1,1,1,1,1,1,1,1,1,1,1,1,1,1,1,1,1,1,1,1,1,1,1,1,1,1,1,1,1,1,1,1,1,1,1,1],"height":29,"name":"Ground","opacity":1,"type":"tilelayer","visible":true,"width":39,"x":0,"y":0},{"draworder":"topdown","name":"Chars","objects":[{"gid":16,"height":64,"id":1,"name":"","rotation":0,"type":"","visible":true,"width":64,"x":32,"y":576},{"gid":17,"height":64,"id":2,"name":"","rotation":0,"type":"","visible":true,"width":64,"x":160,"y":576},{"gid":21,"height":64,"id":3,"name":"","rotation":0,"type":"","visible":true,"width":64,"x":736,"y":688},{"gid":21,"height":64,"id":4,"name":"","rotation":0,"type":"","visible":true,"width":64,"x":896,"y":880},{"gid":20,"height":64,"id":5,"name":"","rotation":0,"type":"","visible":true,"width":64,"x":288,"y":880},{"gid":20,"height":64,"id":6,"name":"","rotation":0,"type":"","visible":true,"width":64,"x":448,"y":688},{"gid":20,"height":64,"id":7,"name":"","rotation":0,"type":"","visible":true,"width":64,"x":736,"y":464},{"gid":20,"height":64,"id":9,"name":"","rotation":0,"type":"","visible":true,"width":64,"x":224,"y":256},{"gid":21,"height":64,"id":10,"name":"","rotation":0,"type":"","visible":true,"width":64,"x":384,"y":256},{"gid":21,"height":64,"id":11,"name":"","rotation":0,"type":"","visible":true,"width":64,"x":832,"y":256},{"gid":19,"height":64,"id":12,"name":"","rotation":0,"type":"","visible":true,"width":64,"x":1136,"y":160},{"gid":18,"height":64,"id":13,"name":"","rotation":0,"type":"","visible":true,"width":64,"x":1040,"y":160}],"opacity":1,"type":"objectgroup","visible":true,"x":0,"y":0},{"draworder":"topdown","name":"Objects","objects":[{"gid":38,"height":64,"id":18,"name":"","properties":{"group":51},"propertytypes":{"group":"int"},"rotation":0,"type":"","visible":true,"width":64,"x":64,"y":848},{"gid":32,"height":64,"id":19,"name":"","properties":{"color":"blue","group":31,"initialState":1},"propertytypes":{"color":"string","group":"int","initialState":"int"},"rotation":180,"type":"","visible":true,"width":64,"x":1248,"y":784},{"gid":32,"height":64,"id":20,"name":"","properties":{"color":"yellow","group":41,"initialState":1},"propertytypes":{"color":"string","group":"int","initialState":"int"},"rotation":180,"type":"","visible":true,"width":64,"x":1248,"y":336},{"gid":38,"height":64,"id":21,"name":"","properties":{"group":8},"propertytypes":{"group":"int"},"rotation":90,"type":"","visible":true,"width":64,"x":112,"y":352},{"gid":38,"height":64,"id":22,"name":"","properties":{"group":1},"propertytypes":{"group":"int"},"rotation":19.4852207647965,"type":"","visible":true,"width":64,"x":848,"y":120},{"gid":34,"height":64,"id":23,"name":"","properties":{"group":4},"propertytypes":{"group":"int"},"rotation":90,"type":"","visible":true,"width":64,"x":0,"y":104},{"height":128,"id":28,"name":"","properties":{"dx":0,"dy":4,"group":4},"propertytypes":{"dx":"int","dy":"int","group":"int"},"rotation":0,"type":"platform","visible":true,"width":32,"x":992,"y":32},{"gid":29,"height":64,"id":30,"name":"","properties":{"group":5},"propertytypes":{"group":"int"},"rotation":0,"type":"","visible":true,"width":64,"x":96,"y":608},{"height":64,"id":31,"name":"","properties":{"dx":0,"dy":-2,"group":5},"propertytypes":{"dx":"int","dy":"int","group":"int"},"rotation":0,"type":"platform","visible":true,"width":32,"x":480,"y":336},{"height":0,"id":32,"name":"","polyline":[{"x":0,"y":0},{"x":280,"y":0}],"properties":{"group":8,"max":0.4,"min":-0.4},"propertytypes":{"group":"int","max":"float","min":"float"},"rotation":0,"type":"slider","visible":true,"width":0,"x":168,"y":264},{"height":0,"id":33,"name":"","polyline":[{"x":0,"y":0},{"x":280,"y":0}],"properties":{"group":1,"max":0.4,"min":-0.4},"propertytypes":{"group":"int","max":"float","min":"float"},"rotation":0,"type":"slider","visible":true,"width":0,"x":824,"y":264},{"height":0,"id":34,"name":"","polyline":[{"x":0,"y":0},{"x":400,"y":0}],"properties":{"group":51,"max":0.4,"min":-0.4},"propertytypes":{"group":"int","max":"float","min":"float"},"rotation":0,"type":"slider","visible":true,"width":0,"x":416,"y":864}],"opacity":1,"type":"objectgroup","visible":true,"x":0,"y":0}],"nextobjectid":35,"orientation":"orthogonal","renderorder":"right-down","tiledversion":"1.1.3","tileheight":32,"tilesets":[{"firstgid":1,"source":"../../../assets/tilemaps/tilesets/Ground.json"},{"firstgid":16,"source":"../../../assets/tilemaps/tilesets/Chars.json"},{"firstgid":24,"source":"../../../assets/tilemaps/tilesets/LargeObjects.json"},{"firstgid":27,"source":"../../../assets/tilemaps/tilesets/Objects.json"}],"tilewidth":32,"type":"map","version":1,"width":39}