{"height":29,"infinite":false,"layers":[{"data":[1,1,1,1,1,1,1,1,1,1,1,1,1,1,1,1,1,1,1,1,1,1,1,1,1,1,1,1,1,1,1,1,1,1,1,1,1,1,1,1,0,0,0,0,1,0,0,0,0,0,0,1,0,0,1,0,0,0,0,0,0,0,1,0,0,1,0,0,0,0,0,0,0,0,0,0,0,1,1,0,0,0,0,1,0,0,0,0,0,0,1,0,0,1,0,0,1,1,1,0,0,1,0,0,1,0,0,0,0,0,0,0,0,0,0,0,1,1,0,0,0,0,1,0,0,0,0,0,0,1,0,0,0,0,0,1,0,1,0,0,0,0,0,1,0,0,0,0,0,0,0,0,0,0,0,1,1,0,0,0,0,1,0,0,4,1,1,1,1,0,0,0,0,0,1,0,1,0,0,0,0,0,1,1,1,1,1,1,1,13,0,0,0,0,1,1,0,0,0,0,1,0,0,0,0,0,0,4,1,1,0,0,0,1,0,1,0,0,0,1,1,5,0,0,0,0,0,0,4,13,0,0,0,1,1,0,0,0,0,4,3,0,0,0,0,0,0,0,0,0,0,0,1,0,1,0,0,0,1,0,0,0,0,0,0,0,0,0,0,0,0,0,1,1,0,0,0,0,0,4,1,1,3,0,0,0,0,0,0,0,0,1,0,1,0,0,0,1,0,0,0,0,0,0,0,0,0,0,0,0,0,1,1,0,0,0,0,0,0,0,0,1,3,0,0,0,0,0,0,0,1,0,1,0,0,0,1,0,0,0,0,0,0,0,0,0,0,12,1,1,1,1,1,1,1,3,0,0,0,0,1,1,1,1,1,0,0,0,0,1,0,1,0,0,0,5,0,0,0,0,0,0,0,0,0,12,1,1,1,1,1,0,0,0,0,0,0,0,0,1,0,0,0,5,0,0,0,0,1,0,1,0,0,0,0,0,0,0,0,0,0,0,0,12,1,1,1,1,1,1,0,0,0,0,0,0,0,0,1,0,0,0,0,0,0,0,0,1,0,1,0,0,0,0,0,0,0,0,0,0,0,0,0,0,0,0,0,1,1,0,0,0,0,2,1,1,1,1,0,0,0,0,0,0,0,0,4,1,5,0,0,0,0,0,0,0,0,0,0,0,0,0,0,0,0,0,1,1,0,0,0,0,0,0,0,0,0,0,0,0,0,0,0,0,0,0,0,0,0,0,0,0,0,0,0,0,0,0,2,1,1,1,1,0,0,1,1,0,0,0,0,0,0,0,0,0,0,0,0,0,0,0,0,0,0,0,0,0,0,0,0,0,0,0,0,0,2,1,1,1,1,1,0,0,1,1,0,0,0,0,0,0,0,0,0,0,0,0,0,0,0,0,0,0,0,0,0,0,0,0,0,0,0,0,2,1,1,1,1,1,1,0,0,1,1,0,0,0,0,0,0,0,0,0,0,0,0,0,0,0,0,0,0,0,0,0,0,0,0,0,0,0,0,0,0,0,0,0,0,0,0,0,1,1,0,0,0,0,0,0,0,0,0,0,0,0,0,0,0,0,0,0,0,0,0,0,0,0,0,0,0,0,0,0,0,0,0,0,0,0,2,1,1,1,1,1,1,1,1,1,1,1,1,1,1,1,1,0,0,0,1,1,1,0,0,0,1,1,1,1,1,1,1,1,1,1,1,1,1,1,1,1,0,0,0,0,0,0,0,0,0,0,0,0,0,1,0,0,0,1,1,1,0,0,0,1,0,0,0,0,0,0,0,0,0,0,0,0,0,1,1,0,0,0,0,0,0,0,0,0,0,0,0,0,1,0,0,0,1,1,1,0,0,0,1,0,0,0,0,0,0,0,0,0,0,0,0,0,1,1,0,0,0,0,0,0,0,0,0,0,0,0,0,1,0,0,0,1,1,1,0,0,0,1,0,0,0,0,0,0,0,0,0,0,0,0,0,1,1,0,0,0,0,0,0,0,0,2,1,1,1,1,5,0,0,0,4,1,5,0,0,0,4,1,1,1,1,3,0,0,0,0,0,0,0,0,1,1,0,0,0,0,0,0,4,1,1,1,1,1,5,0,0,0,0,0,1,0,0,0,0,0,4,1,1,1,1,1,5,0,0,0,0,0,0,1,1,0,0,0,0,0,0,0,0,0,0,0,0,0,0,0,0,0,0,1,0,0,0,0,0,0,0,0,0,0,0,0,0,0,0,0,0,0,1,1,0,0,0,0,0,0,0,0,0,0,0,0,0,0,0,0,0,0,1,0,0,0,0,0,0,0,0,0,0,0,0,0,0,0,0,0,0,1,1,0,0,0,0,0,0,0,0,0,0,0,0,0,0,0,0,0,1,1,1,0,0,0,0,0,0,0,0,0,0,0,0,0,0,0,0,0,1,1,7,7,7,7,7,7,7,7,7,7,7,7,7,7,1,1,1,1,1,1,1,1,1,6,6,6,6,6,6,6,6,6,6,6,6,6,6,1,1,1,1,1,1,1,1,1,1,1,1,1,1,1,1,1,1,1,1,1,1,1,1,1,1,1,1,1,1,1,1,1,1,1,1,1,1,1,1],"height":29,"name":"Ground","opacity":1,"type":"tilelayer","visible":true,"width":39,"x":0,"y":0},{"draworder":"topdown","name":"Chars","objects":[{"gid":17,"height":64,"id":1,"name":"","rotation":0,"type":"","visible":true,"width":64,"x":768,"y":576},{"gid":16,"height":64,"id":2,"name":"","rotation":0,"type":"","visible":true,"width":64,"x":832,"y":576},{"gid":22,"height":64,"id":3,"name":"","rotation":0,"type":"","visible":true,"width":64,"x":368,"y":688},{"gid":18,"height":64,"id":4,"name":"","rotation":0,"type":"","visible":true,"width":64,"x":48,"y":288},{"gid":19,"height":64,"id":5,"name":"","rotation":0,"type":"","visible":true,"width":64,"x":208,"y":384}],"opacity":1,"type":"objectgroup","visible":true,"x":0,"y":0},{"draworder":"topdown","name":"Objects","objects":[{"gid":27,"height":64,"id":6,"name":"","rotation":0,"type":"","visible":true,"width":64,"x":880,"y":160},{"gid":27,"height":64,"id":7,"name":"","properties":{"group":8},"propertytypes":{"group":"int"},"rotation":0,"type":"","visible":true,"width":64,"x":304,"y":160},{"gid":40,"height":64,"id":8,"name":"","rotation":0,"type":"","visible":true,"width":64,"x":416,"y":128},{"gid":40,"height":64,"id":9,"name":"","rotation":0,"type":"","visible":true,"width":64,"x":768,"y":128},{"height":32,"id":10,"name":"","properties":{"dx":-3},"propertytypes":{"dx":"int"},"rotation":0,"type":"platform","visible":true,"width":96,"x":768,"y":128},{"height":32,"id":11,"name":"","properties":{"dx":3,"group":8},"propertytypes":{"dx":"int","group":"int"},"rotation":0,"type":"platform","visible":true,"width":96,"x":384,"y":128},{"gid":27,"height":64,"id":12,"name":"","properties":{"group":5},"propertytypes":{"group":"int"},"rotation":0,"type":"","visible":true,"width":64,"x":1160,"y":288},{"gid":27,"height":64,"id":13,"name":"","properties":{"group":1},"propertytypes":{"group":"int"},"rotation":0,"type":"","visible":true,"width":64,"x":928,"y":608},{"gid":27,"height":64,"id":14,"name":"","properties":{"group":2},"propertytypes":{"group":"int"},"rotation":0,"type":"","visible":true,"width":64,"x":352,"y":608},{"gid":29,"height":64,"id":15,"name":"","properties":{"group":4},"propertytypes":{"group":"int"},"rotation":0,"type":"","visible":true,"width":64,"x":64,"y":608},{"gid":29,"height":64,"id":16,"name":"","properties":{"group":3},"propertytypes":{"group":"int"},"rotation":0,"type":"","visible":true,"width":64,"x":816,"y":736},{"height":32,"id":18,"name":"","properties":{"dx":0,"dy":-3,"group":4},"propertytypes":{"dx":"int","dy":"int","group":"int"},"rotation":0,"type":"platform","visible":true,"width":96,"x":32,"y":384},{"height":32,"id":19,"name":"","properties":{"dx":1,"group":2},"propertytypes":{"dx":"int","group":"int"},"rotation":0,"type":"platform","visible":true,"width":96,"x":416,"y":576},{"height":32,"id":20,"name":"","properties":{"dx":1,"group":2},"propertytypes":{"dx":"int","group":"int"},"rotation":0,"type":"platform","visible":true,"width":96,"x":608,"y":640},{"height":96,"id":21,"name":"","properties":{"dx":0,"dy":-3,"group":5},"propertytypes":{"dx":"int","dy":"int","group":"int"},"rotation":0,"type":"platform","visible":true,"width":32,"x":1120,"y":320},{"height":96,"id":23,"name":"","properties":{"dx":0,"dy":3,"group":1},"propertytypes":{"dx":"int","dy":"int","group":"int"},"rotation":0,"type":"platform","visible":true,"width":32,"x":1056,"y":480},{"gid":31,"height":64,"id":24,"name":"","rotation":0,"type":"","visible":true,"width":64,"x":1088,"y":576},{"height":0,"id":25,"name":"","polyline":[{"x":0,"y":-72},{"x":0,"y":-584},{"x":192,"y":-584},{"x":192,"y":-8}],"rotation":0,"type":"pulley","visible":true,"width":0,"x":528,"y":632},{"height":96,"id":26,"name":"","properties":{"dx":0,"dy":-3,"group":3},"propertytypes":{"dx":"int","dy":"int","group":"int"},"rotation":0,"type":"platform","visible":true,"width":32,"x":320,"y":608}],"opacity":1,"type":"objectgroup","visible":true,"x":0,"y":0}],"nextobjectid":27,"orientation":"orthogonal","renderorder":"right-down","tiledversion":"1.1.3","tileheight":32,"tilesets":[{"firstgid":1,"source":"../../../assets/tilemaps/tilesets/Ground.json"},{"firstgid":16,"source":"../../../assets/tilemaps/tilesets/Chars.json"},{"firstgid":24,"source":"../../../assets/tilemaps/tilesets/LargeObjects.json"},{"firstgid":27,"source":"../../../assets/tilemaps/tilesets/Objects.json"}],"tilewidth":32,"type":"map","version":1,"width":39}