{"height":29,"infinite":false,"layers":[{"data":[1,1,1,1,1,1,1,1,1,1,1,1,1,1,1,1,1,1,1,1,1,1,1,1,1,1,1,1,1,1,1,1,1,1,1,1,1,1,1,1,0,0,0,0,0,0,0,0,0,0,0,0,0,0,0,0,0,0,0,0,0,0,0,0,0,0,0,0,0,0,0,0,0,0,0,0,0,1,1,0,0,0,0,0,0,0,0,0,0,0,0,0,0,0,0,0,0,0,0,0,0,0,0,0,0,0,0,0,0,0,0,0,0,0,0,0,1,1,0,0,0,0,0,0,0,0,0,0,0,0,0,0,0,0,0,0,0,0,0,0,0,0,0,0,0,0,0,0,0,0,0,0,0,0,0,1,1,0,0,0,2,1,1,3,0,0,0,2,1,1,1,3,0,0,0,0,0,0,0,0,0,0,2,1,1,1,1,1,1,1,1,1,1,1,1,1,0,0,0,0,0,0,1,0,0,0,1,5,0,0,0,0,0,0,0,0,0,0,2,1,1,5,0,0,0,0,0,0,0,0,0,0,0,1,1,3,0,0,0,0,0,1,0,0,0,1,0,0,0,0,0,0,0,0,0,0,0,0,0,0,0,0,0,0,0,0,0,0,0,0,0,0,1,1,1,3,0,0,0,0,1,3,0,0,1,0,0,0,0,4,1,1,3,0,0,0,0,0,0,0,0,0,0,0,0,0,0,0,0,0,0,1,1,1,1,3,0,0,0,1,5,0,0,1,0,0,0,0,0,4,1,1,1,1,1,1,1,3,0,0,0,0,0,0,0,0,0,0,0,0,1,1,1,1,1,1,1,1,1,0,0,0,4,1,1,3,0,0,0,1,1,5,0,0,0,0,4,1,1,1,3,0,0,0,2,1,1,1,1,1,1,5,0,0,0,0,0,4,0,0,0,0,0,0,0,0,0,0,1,1,0,0,0,0,0,0,0,0,0,1,3,0,0,0,0,0,0,0,1,1,0,0,0,0,0,0,0,0,0,0,0,0,0,0,0,0,2,1,1,0,0,0,0,0,0,0,0,0,1,1,3,0,0,0,0,0,0,1,1,0,0,0,0,0,0,0,0,0,0,0,0,0,0,0,2,1,1,1,3,0,0,0,0,0,0,0,2,1,1,1,3,0,0,0,0,0,1,1,0,0,2,1,7,7,7,7,1,1,1,1,1,1,1,1,1,1,1,1,1,1,1,3,0,0,2,5,0,0,0,0,0,0,0,0,0,1,1,0,0,0,0,0,0,0,0,0,0,0,0,0,1,0,0,1,0,1,0,0,0,0,0,0,0,1,0,0,0,0,0,0,0,0,0,0,1,1,3,0,0,0,0,0,0,0,4,1,1,1,0,1,0,0,1,0,1,0,0,0,0,0,0,0,1,0,0,2,1,6,6,6,6,6,6,1,1,1,1,3,0,0,0,0,0,0,0,0,1,0,1,0,0,1,0,1,0,0,0,0,0,0,2,1,0,0,4,1,1,1,1,1,1,1,1,1,0,0,4,3,0,0,0,0,0,4,0,1,0,1,0,0,1,0,1,0,0,0,0,0,0,1,1,0,0,0,1,1,5,0,0,0,0,1,1,0,0,0,1,0,0,0,0,0,0,0,4,0,1,0,0,1,0,1,0,0,0,0,0,2,1,1,3,0,0,1,5,0,0,0,0,0,1,1,0,0,0,1,0,0,0,0,0,0,0,0,0,1,0,0,1,0,1,0,0,0,0,2,5,0,0,0,0,0,1,0,0,0,0,0,0,1,1,0,0,0,1,3,0,0,0,0,0,0,0,0,1,0,0,4,1,5,0,0,0,2,5,0,0,0,0,0,0,1,0,0,0,0,0,0,1,1,0,0,0,1,1,1,1,3,0,0,0,0,0,1,0,0,0,0,0,0,0,2,5,0,0,0,0,0,0,2,1,0,0,4,1,1,1,1,1,1,1,1,1,1,1,1,1,3,0,0,0,0,1,0,0,0,0,0,0,2,5,0,0,0,0,0,0,2,1,1,3,0,0,0,0,0,1,1,0,0,0,0,4,1,1,1,1,0,0,0,0,4,0,0,0,2,1,1,5,0,0,0,0,0,0,2,5,0,0,4,3,0,0,0,0,1,1,0,0,0,0,0,4,1,1,1,3,0,0,0,0,0,0,0,0,0,0,0,0,0,0,0,0,2,5,0,0,0,0,4,1,3,0,0,1,1,0,0,0,0,0,0,0,0,0,0,0,0,0,0,0,0,0,0,0,0,0,0,0,0,0,0,0,0,0,0,0,0,0,0,0,0,0,1,1,0,0,0,0,0,0,0,0,0,0,0,0,2,6,6,6,6,6,6,6,6,6,3,0,0,0,0,0,0,0,0,0,0,0,0,0,0,1,1,0,0,0,2,6,6,6,6,3,0,0,2,1,1,1,1,1,1,1,1,1,1,1,3,0,0,0,0,2,7,7,7,7,7,7,7,7,1,1,1,1,1,1,1,1,1,1,1,1,1,1,1,1,1,1,1,1,1,1,1,1,1,1,1,1,1,1,1,1,1,1,1,1,1,1,1,1],"height":29,"name":"Ground","opacity":1,"type":"tilelayer","visible":true,"width":39,"x":0,"y":0},{"draworder":"topdown","name":"Chars","objects":[{"gid":17,"height":64,"id":1,"name":"","rotation":0,"type":"","visible":true,"width":64,"x":480,"y":848},{"gid":16,"height":64,"id":2,"name":"","rotation":0,"type":"","visible":true,"width":64,"x":304,"y":896},{"gid":19,"height":64,"id":3,"name":"","rotation":0,"type":"","visible":true,"width":64,"x":48,"y":896},{"gid":22,"height":64,"id":4,"name":"","rotation":0,"type":"","visible":true,"width":64,"x":1136,"y":640},{"gid":18,"height":64,"id":19,"name":"","rotation":0,"type":"","visible":true,"width":64,"x":824,"y":896}],"opacity":1,"type":"objectgroup","visible":true,"x":0,"y":0},{"draworder":"topdown","name":"Objects","objects":[{"gid":29,"height":64,"id":5,"name":"","properties":{"group":3},"propertytypes":{"group":"int"},"rotation":0,"type":"","visible":true,"width":64,"x":688,"y":448},{"gid":27,"height":64,"id":6,"name":"","properties":{"group":4},"propertytypes":{"group":"int"},"rotation":0,"type":"","visible":true,"width":64,"x":1120,"y":320},{"gid":41,"height":64,"id":7,"name":"","properties":{"group":2,"time":11000},"propertytypes":{"group":"int","time":"int"},"rotation":0,"type":"","visible":true,"width":64,"x":1104,"y":160},{"gid":41,"height":64,"id":8,"name":"","properties":{"time":11000},"propertytypes":{"time":"int"},"rotation":0,"type":"","visible":true,"width":64,"x":144,"y":320},{"gid":27,"height":64,"id":9,"name":"","properties":{"group":5},"propertytypes":{"group":"int"},"rotation":0,"type":"","visible":true,"width":64,"x":352,"y":448},{"gid":32,"height":64,"id":10,"name":"","properties":{"color":"blue","group":8,"initialState":1},"propertytypes":{"color":"string","group":"int","initialState":"int"},"rotation":90,"type":"","visible":true,"width":64,"x":480,"y":416},{"height":32,"id":11,"name":"","properties":{"dx":-3,"group":3},"propertytypes":{"dx":"int","group":"int"},"rotation":0,"type":"platform","visible":true,"width":96,"x":1024,"y":672},{"height":32,"id":14,"name":"","properties":{"dx":-2,"group":5},"propertytypes":{"dx":"int","group":"int"},"rotation":0,"type":"platform","visible":true,"width":96,"x":480,"y":512},{"height":32,"id":15,"name":"","properties":{"dx":-2,"group":2},"propertytypes":{"dx":"int","group":"int"},"rotation":0,"type":"platform","visible":true,"width":96,"x":480,"y":544},{"height":32,"id":16,"name":"","properties":{"dx":-2,"group":0},"propertytypes":{"dx":"int","group":"int"},"rotation":0,"type":"platform","visible":true,"width":96,"x":480,"y":576},{"height":32,"id":17,"name":"","properties":{"dx":-2,"group":4},"propertytypes":{"dx":"int","group":"int"},"rotation":0,"type":"platform","visible":true,"width":96,"x":480,"y":608}],"opacity":1,"type":"objectgroup","visible":true,"x":0,"y":0}],"nextobjectid":20,"orientation":"orthogonal","renderorder":"right-down","tiledversion":"1.1.3","tileheight":32,"tilesets":[{"firstgid":1,"source":"../../../assets/tilemaps/tilesets/Ground.json"},{"firstgid":16,"source":"../../../assets/tilemaps/tilesets/Chars.json"},{"firstgid":24,"source":"../../../assets/tilemaps/tilesets/LargeObjects.json"},{"firstgid":27,"source":"../../../assets/tilemaps/tilesets/Objects.json"}],"tilewidth":32,"type":"map","version":1,"width":39}