{"height":29,"infinite":false,"layers":[{"data":[1,1,1,1,1,1,1,1,1,1,1,1,1,1,1,1,1,1,1,1,1,1,1,1,1,1,1,1,1,1,1,1,1,1,1,1,1,1,1,1,1,5,0,0,0,0,0,0,0,0,0,0,0,0,0,0,0,0,0,0,0,0,0,4,1,1,5,0,0,0,0,0,0,0,0,4,1,1,1,5,0,0,0,0,0,0,0,0,0,0,0,0,0,0,0,0,0,0,0,0,0,0,0,1,5,0,0,0,0,0,0,0,0,0,0,4,1,1,0,0,0,0,0,0,0,0,0,0,0,0,0,0,0,0,0,0,0,0,0,0,0,0,1,0,0,0,0,0,0,0,0,0,0,0,0,1,1,0,0,0,0,0,0,0,0,0,0,0,0,0,0,0,0,0,0,0,0,0,0,0,0,1,0,0,0,0,0,0,0,0,0,0,0,0,1,1,0,0,0,0,0,0,0,0,0,0,0,0,0,0,0,0,0,0,0,0,0,0,0,2,5,0,0,0,0,0,0,0,0,13,0,0,0,1,1,0,0,0,0,0,0,0,0,0,12,1,1,1,1,3,0,0,0,2,1,1,1,1,5,0,0,0,0,0,0,0,0,12,1,0,0,0,1,1,0,0,0,2,1,1,1,1,1,5,0,0,0,0,0,0,0,0,0,0,0,0,0,0,0,0,0,0,0,0,0,12,1,1,0,0,0,1,1,0,0,0,0,0,4,1,1,5,0,0,0,0,0,0,0,0,0,0,0,0,0,0,0,0,0,0,2,1,1,14,1,1,1,0,0,0,1,1,0,0,0,0,0,0,4,1,0,0,0,0,0,0,0,0,0,0,0,0,0,0,0,0,0,0,2,5,0,0,0,0,0,4,3,0,0,1,1,0,0,0,0,0,0,0,4,0,0,0,0,0,0,0,0,0,0,0,0,0,0,0,0,0,2,5,0,0,0,0,0,0,0,0,0,0,1,1,0,0,0,0,0,0,0,0,0,0,0,2,1,1,3,0,0,0,2,1,1,1,1,1,1,5,0,0,0,0,0,0,0,0,0,0,2,1,1,0,0,0,0,0,3,0,0,0,0,2,5,0,0,0,0,0,0,0,0,0,0,0,0,0,0,0,0,0,0,0,0,0,0,0,2,1,1,1,0,0,0,0,0,4,7,7,7,7,5,0,0,0,0,0,0,0,0,0,0,0,0,0,0,0,0,0,2,0,0,0,0,2,1,1,1,1,1,0,0,0,0,0,0,0,0,0,0,0,0,0,0,0,0,0,0,0,0,0,0,0,0,0,0,0,12,1,0,0,0,2,1,1,1,1,1,1,3,0,0,0,0,0,0,0,0,0,0,0,0,0,0,0,0,0,0,0,0,0,0,0,0,0,12,1,1,7,7,7,1,1,1,1,1,1,1,1,1,1,1,1,1,1,1,1,1,1,1,1,1,3,0,0,0,2,1,1,1,1,1,1,1,5,0,4,1,1,1,1,1,1,1,1,1,1,1,5,0,0,0,0,0,0,0,0,0,0,0,0,0,0,0,0,0,0,0,0,0,0,0,0,0,0,0,0,4,1,1,1,1,1,1,1,1,5,0,0,0,0,0,0,0,0,0,0,0,0,0,0,0,0,0,0,0,0,0,0,0,0,0,0,0,0,0,0,1,5,0,0,0,0,1,1,0,0,0,0,0,0,0,0,0,0,0,0,0,0,0,0,0,0,0,0,0,0,0,0,0,0,0,0,0,0,0,1,0,0,0,0,0,1,1,0,0,0,0,0,0,0,0,0,2,1,1,1,3,0,0,0,0,0,0,0,0,0,0,0,0,0,0,0,0,0,1,0,0,0,0,0,1,1,0,0,0,0,1,1,1,1,1,1,1,1,1,1,3,0,0,0,2,1,1,1,1,1,1,3,0,0,0,0,0,1,0,0,0,0,0,1,1,0,0,0,0,1,5,0,0,4,1,1,5,0,0,0,0,0,0,0,0,0,0,0,0,0,1,0,0,0,0,2,1,0,0,0,0,0,1,1,0,0,0,0,1,0,0,0,0,1,1,0,0,0,0,0,0,0,0,0,0,0,0,0,0,4,1,1,1,1,1,1,1,1,3,0,0,1,1,0,0,0,0,5,0,0,0,0,4,5,0,0,0,0,0,0,0,0,0,0,0,0,0,0,0,0,0,0,0,0,0,0,0,0,0,0,1,1,0,0,0,0,0,0,0,0,0,0,0,0,0,0,0,0,0,0,0,0,0,0,0,0,0,0,0,0,0,0,0,0,0,0,0,0,0,1,1,0,0,0,0,0,0,0,0,0,0,0,0,0,2,1,1,1,1,1,3,0,0,0,0,0,0,0,0,0,0,0,0,0,0,0,0,2,1,1,0,0,0,0,0,0,0,0,0,0,0,2,1,1,1,1,1,1,1,1,1,1,1,3,0,0,0,0,0,0,0,0,0,0,0,2,1,1,1,1,1,1,1,1,1,1,1,1,1,1,1,1,1,1,1,1,1,1,1,1,1,1,1,1,1,1,1,1,1,1,1,1,1,1,1,1,1],"height":29,"name":"Ground","opacity":1,"type":"tilelayer","visible":true,"width":39,"x":0,"y":0},{"draworder":"topdown","name":"Chars","objects":[{"gid":19,"height":64,"id":1,"name":"","rotation":0,"type":"","visible":true,"width":64,"x":224,"y":672},{"gid":18,"height":64,"id":2,"name":"","rotation":0,"type":"","visible":true,"width":64,"x":48,"y":896},{"gid":16,"height":64,"id":3,"name":"","rotation":0,"type":"","visible":true,"width":64,"x":656,"y":864},{"gid":17,"height":64,"id":5,"name":"","rotation":0,"type":"","visible":true,"width":64,"x":720,"y":864},{"gid":22,"height":64,"id":7,"name":"","rotation":0,"type":"","visible":true,"width":64,"x":1104,"y":672}],"opacity":1,"type":"objectgroup","visible":true,"x":0,"y":0},{"draworder":"topdown","name":"Objects","objects":[{"height":32,"id":25,"name":"","properties":{"dx":0,"dy":5,"group":4,"paddingY":0},"propertytypes":{"dx":"int","dy":"int","group":"int","paddingY":"float"},"rotation":0,"type":"platform","visible":true,"width":160,"x":480,"y":832},{"height":128,"id":26,"name":"","properties":{"dx":-4,"group":3},"propertytypes":{"dx":"int","group":"int"},"rotation":0,"type":"platform","visible":true,"width":32,"x":1088,"y":768},{"height":32,"id":27,"name":"","properties":{"dx":3,"dy":0,"group":1},"propertytypes":{"dx":"int","dy":"int","group":"int"},"rotation":0,"type":"platform","visible":true,"width":96,"x":1120,"y":736},{"height":32,"id":28,"name":"","properties":{"dx":0,"dy":5,"group":4,"paddingY":0},"propertytypes":{"dx":"int","dy":"int","group":"int","paddingY":"float"},"rotation":0,"type":"platform","visible":true,"width":160,"x":480,"y":512},{"height":32,"id":29,"name":"","properties":{"dx":0,"dy":1,"group":0},"propertytypes":{"dx":"int","dy":"int","group":"int"},"rotation":0,"type":"platform","visible":true,"width":96,"x":928,"y":800},{"height":32,"id":30,"name":"","properties":{"dx":0,"dy":5,"group":4,"paddingY":0},"propertytypes":{"dx":"int","dy":"int","group":"int","paddingY":"float"},"rotation":0,"type":"platform","visible":true,"width":160,"x":480,"y":672},{"height":32,"id":31,"name":"","properties":{"dx":0,"dy":5,"group":4,"paddingY":0},"propertytypes":{"dx":"int","dy":"int","group":"int","paddingY":"float"},"rotation":0,"type":"platform","visible":true,"width":160,"x":480,"y":352},{"height":96,"id":32,"name":"","properties":{"dx":0,"dy":-4,"group":8},"propertytypes":{"dx":"int","dy":"int","group":"int"},"rotation":0,"type":"platform","visible":true,"width":32,"x":352,"y":544},{"height":32,"id":33,"name":"","properties":{"dx":0,"dy":-1,"group":0},"propertytypes":{"dx":"int","dy":"int","group":"int"},"rotation":0,"type":"platform","visible":true,"width":96,"x":928,"y":832},{"gid":27,"height":64,"id":34,"name":"","properties":{"group":3},"propertytypes":{"group":"int"},"rotation":0,"type":"","visible":true,"width":64,"x":368,"y":224},{"gid":31,"height":64,"id":35,"name":"","rotation":0,"type":"","visible":true,"width":64,"x":672,"y":352},{"gid":27,"height":64,"id":36,"name":"","rotation":0,"type":"","visible":true,"width":64,"x":232,"y":256},{"gid":27,"height":64,"id":37,"name":"","properties":{"group":8},"propertytypes":{"group":"int"},"rotation":0,"type":"","visible":true,"width":64,"x":896,"y":768},{"gid":31,"height":64,"id":38,"name":"","rotation":0,"type":"","visible":true,"width":64,"x":224,"y":512},{"gid":27,"height":64,"id":39,"name":"","properties":{"group":1},"propertytypes":{"group":"int"},"rotation":0,"type":"","visible":true,"width":64,"x":672,"y":224},{"gid":29,"height":64,"id":40,"name":"","properties":{"group":4},"propertytypes":{"group":"int"},"rotation":0,"type":"","visible":true,"width":64,"x":224,"y":928}],"opacity":1,"type":"objectgroup","visible":true,"x":0,"y":0}],"nextobjectid":41,"orientation":"orthogonal","renderorder":"right-down","tiledversion":"1.1.3","tileheight":32,"tilesets":[{"firstgid":1,"source":"../../../assets/tilemaps/tilesets/Ground.json"},{"firstgid":16,"source":"../../../assets/tilemaps/tilesets/Chars.json"},{"firstgid":24,"source":"../../../assets/tilemaps/tilesets/LargeObjects.json"},{"firstgid":27,"source":"../../../assets/tilemaps/tilesets/Objects.json"}],"tilewidth":32,"type":"map","version":1,"width":39}