{"height":29,"infinite":false,"layers":[{"data":[1,1,1,1,1,1,1,1,1,1,1,1,1,1,1,1,1,1,1,1,1,1,1,1,1,1,1,1,1,1,1,1,1,1,1,1,1,1,1,1,0,0,0,0,0,0,0,0,0,0,0,0,0,0,0,0,0,0,0,0,0,0,0,0,0,0,0,0,0,0,0,0,0,0,0,0,0,1,1,0,0,0,0,0,0,0,0,0,0,0,0,0,0,0,0,0,0,0,0,0,0,0,0,0,0,0,0,0,0,0,0,0,0,0,0,0,1,1,0,0,0,0,0,0,0,0,0,0,0,0,0,0,0,0,0,0,0,0,0,0,0,0,0,0,0,0,0,0,0,0,0,0,0,0,0,1,1,0,0,0,0,0,0,0,0,0,0,0,0,0,0,0,0,0,0,0,0,0,0,0,0,0,0,0,0,0,0,0,0,0,0,0,0,0,1,1,0,0,0,0,0,0,0,0,0,0,0,0,0,0,0,0,0,0,0,0,0,0,0,0,0,0,0,0,0,0,0,0,0,0,0,0,0,1,1,1,1,1,1,1,1,1,1,1,3,0,0,0,0,0,0,0,0,0,0,0,0,0,0,0,0,0,2,1,1,1,1,1,1,1,1,1,1,1,0,0,0,0,0,0,0,0,0,0,0,0,0,0,0,0,0,0,0,0,0,0,0,0,0,0,0,0,0,0,0,0,0,0,0,0,0,1,1,0,0,0,0,0,0,0,0,0,0,0,0,0,0,0,0,0,0,0,0,0,0,0,0,0,0,0,0,0,0,0,0,0,0,0,0,0,1,1,0,0,0,0,0,0,0,0,0,0,0,0,0,0,0,0,0,0,0,0,0,0,0,0,0,0,0,0,0,0,0,0,0,0,0,0,0,1,1,0,0,0,0,0,0,2,1,1,1,1,6,6,6,6,6,6,6,6,6,6,6,6,6,6,6,1,1,1,1,3,0,0,0,0,0,0,1,1,0,0,0,0,0,0,0,0,0,0,0,0,0,0,0,0,0,4,1,5,0,0,0,0,0,0,0,0,0,0,0,0,0,0,0,0,0,1,1,1,1,3,0,0,0,0,0,0,0,0,0,0,0,0,0,0,0,1,0,0,0,0,0,0,0,0,0,0,0,0,0,0,0,2,1,1,1,1,0,0,0,0,0,0,0,0,0,0,0,0,0,0,0,0,0,0,1,0,0,0,0,0,0,0,0,0,0,0,0,0,0,0,0,0,0,1,1,0,0,0,0,0,0,0,0,0,0,0,0,0,0,0,0,0,0,1,0,0,0,0,0,0,0,0,0,0,0,0,0,0,0,0,0,0,1,1,1,1,1,1,7,7,7,7,7,7,7,1,1,1,1,0,0,0,1,0,0,0,1,1,1,1,6,6,6,6,6,6,6,1,1,1,1,1,1,0,0,0,0,0,0,4,1,0,0,0,0,0,0,0,0,0,0,1,0,0,0,0,0,0,0,0,0,0,1,5,0,0,0,0,0,0,1,1,0,0,0,0,0,0,0,1,0,0,0,0,0,0,0,0,0,0,1,0,0,0,0,0,0,0,0,0,0,1,0,0,0,0,0,0,0,1,1,0,0,0,3,0,0,0,1,0,0,0,0,0,0,0,0,0,0,1,0,0,0,0,0,0,0,0,0,0,1,0,0,0,2,0,0,0,1,1,0,0,0,1,0,0,0,1,0,0,0,2,1,1,1,1,1,1,1,1,1,1,1,1,1,3,0,0,0,1,0,0,0,1,0,0,0,1,1,0,0,0,1,0,0,0,1,0,0,0,0,0,0,0,0,0,0,0,0,0,0,0,0,0,0,0,0,0,1,0,0,0,1,0,0,0,1,1,0,0,0,1,0,0,0,1,0,0,0,0,0,0,0,0,0,0,0,0,0,0,0,0,0,0,0,0,0,1,0,0,0,1,0,0,0,1,1,0,0,0,1,0,0,0,1,0,0,0,0,0,0,0,0,0,0,0,0,0,0,0,0,0,0,0,0,0,1,0,0,0,1,0,0,0,1,1,0,0,0,1,0,0,0,4,1,1,1,1,1,1,1,5,0,0,0,0,0,4,1,1,1,1,1,1,1,5,0,0,0,1,0,0,0,1,1,0,0,0,1,0,0,0,0,0,0,0,0,0,0,0,0,0,0,0,0,0,0,0,0,0,0,0,0,0,0,0,0,0,1,0,0,0,1,1,0,0,0,1,0,0,0,0,0,0,0,0,0,0,0,0,0,0,0,0,0,0,0,0,0,0,0,0,0,0,0,0,0,1,0,0,0,1,1,0,0,0,1,0,0,0,0,0,0,0,0,0,0,0,0,0,0,0,0,0,0,0,0,0,0,0,0,0,0,0,0,0,1,0,0,0,1,1,0,0,0,1,1,1,1,1,1,3,0,0,0,0,0,0,0,0,0,0,0,0,0,0,0,0,0,2,1,1,1,1,1,1,0,0,0,1,1,1,1,1,1,1,1,1,1,1,1,1,1,1,1,1,1,1,1,1,1,1,1,1,1,1,1,1,1,1,1,1,1,1,1,1,1,1,1],"height":29,"name":"Ground","opacity":1,"type":"tilelayer","visible":true,"width":39,"x":0,"y":0},{"draworder":"topdown","name":"Chars","objects":[{"gid":16,"height":64,"id":1,"name":"","rotation":0,"type":"","visible":true,"width":64,"x":1152,"y":384},{"gid":17,"height":64,"id":2,"name":"","rotation":0,"type":"","visible":true,"width":64,"x":32,"y":384},{"gid":18,"height":64,"id":3,"name":"","rotation":0,"type":"","visible":true,"width":64,"x":48,"y":896},{"gid":19,"height":64,"id":4,"name":"","rotation":0,"type":"","visible":true,"width":64,"x":1136,"y":896},{"gid":20,"height":64,"id":5,"name":"","rotation":0,"type":"","visible":true,"width":64,"x":880,"y":720},{"gid":20,"height":64,"id":6,"name":"","rotation":0,"type":"","visible":true,"width":64,"x":304,"y":600},{"gid":20,"height":64,"id":7,"name":"","rotation":0,"type":"","visible":true,"width":64,"x":240,"y":464},{"gid":20,"height":64,"id":8,"name":"","rotation":0,"type":"","visible":true,"width":64,"x":136,"y":192},{"gid":20,"height":64,"id":9,"name":"","rotation":0,"type":"","visible":true,"width":64,"x":704,"y":224},{"gid":21,"height":64,"id":10,"name":"","rotation":0,"type":"","visible":true,"width":64,"x":480,"y":224},{"gid":21,"height":64,"id":11,"name":"","rotation":0,"type":"","visible":true,"width":64,"x":944,"y":464},{"gid":21,"height":64,"id":12,"name":"","rotation":0,"type":"","visible":true,"width":64,"x":880,"y":592},{"gid":21,"height":64,"id":13,"name":"","rotation":0,"type":"","visible":true,"width":64,"x":304,"y":720},{"gid":21,"height":64,"id":14,"name":"","rotation":0,"type":"","visible":true,"width":64,"x":1088,"y":192}],"opacity":1,"type":"objectgroup","visible":true,"x":0,"y":0},{"draworder":"topdown","name":"Objects","objects":[{"gid":28,"height":64,"id":15,"name":"","rotation":0,"type":"","visible":true,"width":64,"x":704,"y":336},{"gid":28,"height":64,"id":16,"name":"","rotation":0,"type":"","visible":true,"width":64,"x":480,"y":336},{"gid":28,"height":64,"id":17,"name":"","rotation":0,"type":"","visible":true,"width":64,"x":592,"y":896},{"gid":29,"height":64,"id":18,"name":"","properties":{"color":"blue","group":8,"initialState":1},"propertytypes":{"color":"string","group":"int","initialState":"int"},"rotation":0,"type":"","visible":true,"width":64,"x":0,"y":112},{"gid":29,"height":64,"id":19,"name":"","properties":{"color":"red","group":8,"initialState":1},"propertytypes":{"color":"string","group":"int","initialState":"int"},"rotation":180,"type":"","visible":true,"width":64,"x":1248,"y":48},{"gid":30,"height":64,"id":20,"name":"","properties":{"group":52},"propertytypes":{"group":"int"},"rotation":0,"type":"","visible":true,"width":64,"x":592,"y":112},{"gid":24,"height":64,"id":21,"name":"","properties":{"group":1},"propertytypes":{"group":"int"},"rotation":0,"type":"","visible":true,"width":64,"x":1152,"y":512},{"gid":24,"height":64,"id":22,"name":"","properties":{"group":2},"propertytypes":{"group":"int"},"rotation":0,"type":"","visible":true,"width":64,"x":32,"y":512},{"gid":24,"height":64,"id":23,"name":"","properties":{"group":3},"propertytypes":{"group":"int"},"rotation":0,"type":"","visible":true,"width":64,"x":768,"y":928},{"gid":24,"height":64,"id":24,"name":"","properties":{"group":51},"propertytypes":{"group":"int"},"rotation":0,"type":"","visible":true,"width":64,"x":416,"y":928},{"gid":42,"height":96,"id":26,"name":"","properties":{"group":31,"initialState":1,"length":14},"propertytypes":{"group":"int","initialState":"int","length":"float"},"rotation":-90,"type":"","visible":true,"width":64,"x":256,"y":912},{"gid":42,"height":96,"id":27,"name":"","properties":{"group":31,"initialState":1,"length":14},"propertytypes":{"group":"int","initialState":"int","length":"float"},"rotation":-90,"type":"","visible":true,"width":64,"x":1088,"y":912},{"height":32,"id":28,"name":"","properties":{"dx":-3,"group":1},"propertytypes":{"dx":"int","group":"int"},"rotation":0,"type":"platform","visible":true,"width":96,"x":640,"y":480},{"height":32,"id":29,"name":"","properties":{"dx":3,"group":2},"propertytypes":{"dx":"int","group":"int"},"rotation":0,"type":"platform","visible":true,"width":96,"x":512,"y":480},{"height":96,"id":30,"name":"","properties":{"dx":0,"dy":-3,"group":51},"propertytypes":{"dx":"int","dy":"int","group":"int"},"rotation":0,"type":"platform","visible":true,"width":32,"x":928,"y":768},{"height":96,"id":31,"name":"","properties":{"dx":0,"dy":-3,"group":3},"propertytypes":{"dx":"int","dy":"int","group":"int"},"rotation":0,"type":"platform","visible":true,"width":32,"x":288,"y":768},{"gid":25,"height":64,"id":32,"name":"","properties":{"group":52},"propertytypes":{"group":"int"},"rotation":0,"type":"","visible":true,"width":64,"x":64,"y":224},{"gid":24,"height":64,"id":33,"name":"","properties":{"group":5},"propertytypes":{"group":"int"},"rotation":0,"type":"","visible":true,"width":64,"x":992,"y":224},{"height":64,"id":34,"name":"","properties":{"dx":0,"dy":2,"group":5},"propertytypes":{"dx":"int","dy":"int","group":"int"},"rotation":0,"type":"platform","visible":true,"width":32,"x":1104,"y":48}],"opacity":1,"type":"objectgroup","visible":true,"x":0,"y":0}],"nextobjectid":35,"orientation":"orthogonal","renderorder":"right-down","tiledversion":"1.1.3","tileheight":32,"tilesets":[{"firstgid":1,"source":"../../../assets/tilemaps/tilesets/Ground.json"},{"firstgid":16,"source":"../../../assets/tilemaps/tilesets/Chars.json"},{"firstgid":24,"source":"../../../assets/tilemaps/tilesets/Objects.json"},{"firstgid":40,"source":"../../../assets/tilemaps/tilesets/LargeObjects.json"}],"tilewidth":32,"type":"map","version":1,"width":39}