{"height":29,"infinite":false,"layers":[{"data":[1,1,1,1,1,1,1,1,1,1,1,1,1,1,1,1,1,1,1,1,1,1,1,1,1,1,1,1,1,1,1,1,1,1,1,1,1,1,1,1,0,0,0,0,0,0,0,0,0,0,0,0,0,0,0,0,0,0,0,0,0,0,0,0,0,0,0,0,0,0,0,0,0,0,0,0,0,1,1,0,0,0,0,0,0,0,0,0,0,0,0,0,0,0,0,0,0,0,0,0,0,0,0,0,0,0,0,0,0,0,0,0,0,0,0,0,1,1,0,0,0,0,0,0,0,0,0,0,0,0,0,0,0,0,0,0,0,0,0,0,0,0,0,0,0,0,0,0,0,0,0,0,0,0,0,1,1,0,0,0,1,5,2,1,1,1,1,1,1,1,1,0,0,0,0,0,0,0,0,0,0,0,0,0,0,0,0,0,0,4,1,0,0,0,1,1,0,0,0,5,0,0,0,0,0,0,0,0,0,1,0,0,0,0,0,0,0,0,0,0,0,0,0,0,0,0,0,0,0,4,0,0,0,1,1,0,0,0,0,0,0,0,0,0,0,0,0,0,1,0,0,0,0,0,0,0,0,0,0,0,0,0,0,0,0,0,0,0,0,0,0,0,1,1,0,0,0,0,0,0,0,0,0,0,0,0,0,4,1,1,1,1,1,0,0,4,1,1,1,1,3,0,0,0,0,0,3,0,0,0,0,1,1,0,0,0,0,0,0,0,0,0,0,0,0,0,0,0,0,0,0,1,0,0,0,0,0,0,0,0,0,0,0,0,0,1,0,0,0,0,1,1,0,0,0,1,1,1,1,1,1,1,1,3,0,0,0,0,0,2,1,3,0,0,0,0,0,0,0,0,0,0,0,0,1,0,0,0,0,1,1,0,0,0,0,0,0,0,0,0,0,0,4,3,0,0,0,2,5,0,4,3,0,0,0,0,0,2,7,7,7,7,7,1,0,0,0,0,1,1,0,0,0,0,0,0,0,0,0,0,0,0,0,0,0,0,1,0,0,0,1,0,0,0,0,0,0,0,0,0,0,0,0,0,0,0,0,1,1,0,0,0,1,1,1,1,0,0,0,0,0,0,0,0,2,1,0,0,0,1,3,0,0,0,0,0,0,0,0,0,0,0,0,0,0,0,1,1,0,0,0,1,0,0,1,3,0,0,0,2,1,1,1,1,1,0,0,0,1,1,1,1,1,3,0,0,0,0,0,0,0,0,0,0,0,1,1,0,0,0,1,0,0,1,1,3,0,0,0,0,0,0,0,1,0,0,0,1,0,0,0,0,0,0,0,0,0,0,0,0,0,0,0,0,1,1,0,0,0,1,0,0,1,0,4,13,0,0,0,0,0,0,1,0,0,0,1,0,0,0,0,0,0,0,0,0,0,0,0,1,0,0,0,1,1,0,0,0,0,0,0,0,0,0,4,13,0,0,0,0,0,0,0,0,0,0,0,0,0,2,1,1,1,1,1,0,0,0,1,0,0,0,1,1,0,0,0,0,0,0,0,0,0,0,4,13,0,0,0,0,0,0,0,0,0,0,0,0,0,0,0,0,0,4,3,0,0,1,0,0,0,1,1,0,0,0,0,0,0,0,0,0,0,0,0,0,0,0,0,0,0,0,0,0,0,0,0,0,0,0,0,0,0,4,1,1,1,0,0,0,1,1,0,0,0,0,0,0,0,0,0,0,0,0,0,0,0,2,1,3,0,2,1,1,1,1,1,1,1,1,3,0,0,0,0,0,0,0,0,1,1,0,0,0,0,0,0,0,0,0,0,0,0,0,0,0,0,0,0,0,0,0,0,0,0,0,0,0,0,1,3,0,0,0,0,0,0,0,1,1,0,0,0,0,0,0,0,0,0,0,0,0,0,0,0,0,0,0,0,0,0,0,0,0,0,0,0,0,1,1,3,0,0,0,0,0,0,1,1,0,0,0,0,0,0,0,0,2,1,1,1,1,1,5,0,0,0,0,0,0,0,0,0,0,0,0,0,1,0,0,0,0,0,0,0,0,1,1,0,0,0,3,0,0,0,0,0,0,0,0,0,0,0,0,0,0,0,2,1,1,1,1,1,1,1,1,1,0,0,0,0,2,0,0,0,1,1,0,0,0,1,13,0,0,0,0,0,0,0,0,0,0,0,0,0,0,0,0,0,0,0,0,0,0,0,0,0,0,0,2,1,0,0,0,1,1,0,0,0,0,0,0,0,0,0,0,0,0,0,0,0,0,0,0,0,0,0,0,0,0,0,0,0,0,0,0,0,0,0,0,0,0,0,1,1,0,0,0,0,0,0,0,0,0,0,0,0,0,0,0,0,0,0,0,0,0,0,0,0,0,0,0,0,0,0,0,0,0,0,0,0,0,1,1,0,0,0,0,0,0,0,0,0,0,0,0,0,0,0,0,0,0,0,0,0,0,0,0,0,0,0,0,0,0,0,0,0,0,0,0,0,1,1,1,1,1,1,1,1,1,1,1,1,1,1,1,1,1,1,1,1,1,1,1,1,1,1,1,1,1,1,1,1,1,1,1,1,1,1,1,1],"height":29,"name":"Ground","opacity":1,"type":"tilelayer","visible":true,"width":39,"x":0,"y":0},{"draworder":"topdown","name":"Chars","objects":[{"gid":32,"height":64,"id":6,"name":"","rotation":0,"type":"","visible":true,"width":64,"x":288,"y":896},{"gid":33,"height":64,"id":7,"name":"","rotation":0,"type":"","visible":true,"width":64,"x":808,"y":896},{"gid":34,"height":64,"id":8,"name":"","rotation":0,"type":"","visible":true,"width":64,"x":752,"y":736},{"gid":35,"height":64,"id":9,"name":"","rotation":0,"type":"","visible":true,"width":64,"x":848,"y":736},{"gid":38,"height":64,"id":28,"name":"","rotation":0,"type":"","visible":true,"width":64,"x":592,"y":416}],"opacity":1,"type":"objectgroup","visible":true,"x":0,"y":0},{"draworder":"topdown","name":"Objects","objects":[{"gid":22,"height":64,"id":2,"name":"","properties":{"group":8},"propertytypes":{"group":"int"},"rotation":90,"type":"","visible":true,"width":64,"x":64,"y":64},{"gid":22,"height":64,"id":3,"name":"","properties":{"group":9},"propertytypes":{"group":"int"},"rotation":0,"type":"","visible":true,"width":64,"x":64,"y":864},{"gid":21,"height":64,"id":4,"name":"","properties":{"initialState":1},"propertytypes":{"initialState":"int"},"rotation":-90,"type":"","visible":true,"width":64,"x":1184,"y":928},{"gid":23,"height":64,"id":5,"name":"","properties":{"group":4},"propertytypes":{"group":"int"},"rotation":-90,"type":"","visible":true,"width":64,"x":1248,"y":864},{"gid":22,"height":64,"id":10,"name":"","rotation":90,"type":"","visible":true,"width":64,"x":1120,"y":64},{"gid":20,"height":64,"id":11,"name":"","rotation":0,"type":"","visible":true,"width":64,"x":640,"y":224},{"gid":20,"height":64,"id":12,"name":"","rotation":0,"type":"","visible":true,"width":64,"x":160,"y":480},{"height":32,"id":13,"name":"","properties":{"dx":-3,"group":5},"propertytypes":{"dx":"int","group":"int"},"rotation":0,"type":"platform","visible":true,"width":96,"x":640,"y":224},{"height":32,"id":16,"name":"","properties":{"group":2},"propertytypes":{"group":"int"},"rotation":0,"type":"platform","visible":true,"width":96,"x":144,"y":480},{"height":32,"id":17,"name":"","properties":{"dx":0,"dy":3,"group":4},"propertytypes":{"dx":"int","dy":"int","group":"int"},"rotation":0,"type":"platform","visible":true,"width":96,"x":576,"y":608},{"height":32,"id":18,"name":"","properties":{"dx":-3,"group":31},"propertytypes":{"dx":"int","group":"int"},"rotation":0,"type":"platform","visible":true,"width":96,"x":32,"y":288},{"gid":16,"height":64,"id":19,"name":"","properties":{"group":31},"propertytypes":{"group":"int"},"rotation":0,"type":"","visible":true,"width":64,"x":160,"y":320},{"height":32,"id":20,"name":"","properties":{"group":3},"propertytypes":{"group":"int"},"rotation":0,"type":"platform","visible":true,"width":96,"x":1120,"y":480},{"gid":16,"height":64,"id":21,"name":"","properties":{"group":3},"propertytypes":{"group":"int"},"rotation":0,"type":"","visible":true,"width":64,"x":1024,"y":608},{"gid":16,"height":64,"id":22,"name":"","properties":{"group":5},"propertytypes":{"group":"int"},"rotation":0,"type":"","visible":true,"width":64,"x":544,"y":256},{"height":96,"id":23,"name":"","properties":{"dx":0,"dy":-3,"group":1},"propertytypes":{"dx":"int","dy":"int","group":"int"},"rotation":0,"type":"platform","visible":true,"width":32,"x":688,"y":640},{"gid":16,"height":64,"id":25,"name":"","properties":{"group":1},"propertytypes":{"group":"int"},"rotation":0,"type":"","visible":true,"width":64,"x":528,"y":928},{"gid":17,"height":64,"id":26,"name":"","rotation":0,"type":"","visible":true,"width":64,"x":768,"y":256},{"gid":16,"height":64,"id":27,"name":"","properties":{"group":2},"propertytypes":{"group":"int"},"rotation":0,"type":"","visible":true,"width":64,"x":160,"y":416}],"opacity":1,"type":"objectgroup","visible":true,"x":0,"y":0}],"nextobjectid":29,"orientation":"orthogonal","renderorder":"right-down","tiledversion":"1.1.3","tileheight":32,"tilesets":[{"firstgid":1,"source":"../../../assets/tilemaps/tilesets/Ground.json"},{"firstgid":16,"source":"../../../assets/tilemaps/tilesets/Objects.json"},{"firstgid":32,"source":"../../../assets/tilemaps/tilesets/Chars.json"}],"tilewidth":32,"type":"map","version":1,"width":39}