{"height":29,"infinite":false,"layers":[{"data":[1,1,1,1,1,1,1,1,1,1,1,1,1,1,1,1,1,1,1,1,1,1,1,1,1,1,1,1,1,1,1,1,1,1,1,1,1,1,1,1,0,0,0,0,0,0,0,0,0,0,0,0,0,0,0,0,0,0,0,0,0,0,0,0,0,0,0,0,0,0,0,0,0,0,0,0,0,1,1,0,0,0,0,0,0,0,0,0,0,0,0,0,0,0,0,0,0,0,0,0,0,0,0,0,0,0,0,0,0,0,0,0,0,0,0,0,1,1,0,0,0,0,0,0,0,0,0,0,0,0,0,0,0,0,0,0,0,0,0,0,0,0,0,0,0,0,0,0,0,0,0,0,0,0,0,1,1,0,0,0,0,0,0,0,0,0,0,0,0,0,0,0,0,0,0,0,0,0,0,0,0,0,0,0,0,0,0,0,0,0,0,0,0,0,1,1,0,0,0,0,0,0,12,14,1,1,1,14,13,0,0,0,0,0,0,0,0,0,0,0,12,14,1,1,1,14,13,0,0,0,0,0,0,1,1,0,0,0,0,0,12,5,0,0,0,0,0,4,1,1,1,8,8,8,8,8,1,1,1,5,0,0,0,0,0,4,13,0,0,0,0,0,1,1,0,0,0,2,1,5,0,0,0,0,0,0,0,0,0,0,4,1,1,1,5,0,0,0,0,0,0,0,0,0,0,4,1,3,0,0,0,1,1,0,0,0,0,0,0,0,0,0,0,0,0,0,0,0,0,0,4,1,5,0,0,0,0,0,0,0,0,0,0,0,0,0,0,0,0,0,1,1,3,0,0,0,0,0,0,0,0,0,0,0,0,0,0,0,0,0,1,0,0,0,0,0,0,0,0,0,0,0,0,0,0,0,0,0,2,1,1,4,13,0,0,0,0,12,1,8,8,8,1,1,3,0,0,0,4,1,5,0,0,0,2,1,1,8,8,8,1,13,0,0,0,0,12,5,1,1,0,4,13,0,0,12,5,0,0,0,0,0,0,4,3,0,0,0,0,0,0,0,2,5,0,0,0,0,0,0,4,13,0,0,12,5,0,1,1,0,0,4,1,1,5,0,0,0,0,0,0,0,0,4,3,0,0,0,0,0,2,5,0,0,0,0,0,0,0,0,4,1,1,5,0,0,1,1,0,0,0,0,0,0,0,0,0,0,0,0,0,0,0,0,0,0,0,0,0,0,0,0,0,0,0,0,0,0,0,0,0,0,0,0,0,1,1,0,0,0,0,0,0,0,12,1,1,1,13,0,0,0,0,0,0,0,0,0,0,0,0,0,12,1,1,1,13,0,0,0,0,0,0,0,1,1,0,0,0,0,0,0,12,5,0,0,0,4,13,0,0,0,0,2,1,3,0,0,0,0,12,5,0,0,0,4,13,0,0,0,0,0,0,1,1,0,0,0,2,1,1,5,0,0,0,0,0,4,13,0,0,0,0,0,0,0,0,0,12,5,0,0,0,0,0,4,1,1,3,0,0,0,1,1,0,0,0,0,0,0,0,0,0,0,0,0,0,4,13,0,0,0,0,0,0,0,12,5,0,0,0,0,0,0,0,0,0,0,0,0,0,1,1,0,0,0,0,0,0,0,0,0,0,0,0,0,0,4,1,1,1,1,1,1,1,5,0,0,0,0,0,0,0,0,0,0,0,0,0,0,1,1,7,7,7,7,7,7,7,1,1,1,13,0,0,0,0,0,0,0,0,0,0,0,0,0,0,0,12,1,1,1,6,6,6,6,6,6,6,1,1,5,0,0,0,4,1,1,5,0,0,4,13,0,0,0,0,0,0,0,0,0,0,0,0,0,12,5,0,0,4,1,1,5,0,0,0,4,1,1,0,0,0,0,0,1,5,0,0,0,0,4,13,0,0,0,0,0,0,0,0,0,0,0,12,5,0,0,0,0,4,1,0,0,0,0,0,1,1,3,0,0,0,2,5,0,0,0,0,0,0,4,1,1,1,3,0,0,0,2,1,1,1,5,0,0,0,0,0,0,4,3,0,0,0,2,1,1,1,1,1,1,5,0,0,0,0,0,0,0,0,0,0,0,0,0,0,0,0,0,0,0,0,0,0,0,0,0,0,0,4,1,1,1,1,1,1,0,0,0,0,0,0,0,0,0,0,0,0,0,0,0,0,0,0,0,0,0,0,0,0,0,0,0,0,0,0,0,0,0,0,0,0,0,1,1,0,0,0,0,0,0,0,0,0,0,0,0,0,0,0,0,12,1,1,1,13,0,0,0,0,0,0,0,0,0,0,0,0,0,0,0,0,1,1,0,0,0,0,0,0,12,14,1,5,0,0,0,0,0,12,1,1,1,1,1,13,0,0,0,0,0,4,1,14,13,0,0,0,0,0,0,1,1,0,0,0,0,0,12,1,1,5,0,0,0,0,0,12,1,1,1,1,1,1,1,13,0,0,0,0,0,4,1,1,13,0,0,0,0,0,1,1,1,1,1,1,1,1,1,1,1,1,1,1,1,1,1,1,1,1,1,1,1,1,1,1,1,1,1,1,1,1,1,1,1,1,1,1,1,1],"height":29,"name":"Ground","opacity":1,"type":"tilelayer","visible":true,"width":39,"x":0,"y":0},{"draworder":"topdown","name":"Chars","objects":[{"gid":18,"height":64,"id":1,"name":"","rotation":0,"type":"","visible":true,"width":64,"x":880,"y":160},{"gid":19,"height":64,"id":2,"name":"","rotation":0,"type":"","visible":true,"width":64,"x":304,"y":160},{"gid":17,"height":64,"id":3,"name":"","rotation":0,"type":"","visible":true,"width":64,"x":64,"y":896},{"gid":16,"height":64,"id":4,"name":"","rotation":0,"type":"","visible":true,"width":64,"x":1120,"y":896},{"gid":20,"height":64,"id":5,"name":"","rotation":0,"type":"","visible":true,"width":64,"x":768,"y":864},{"gid":20,"height":64,"id":6,"name":"","rotation":0,"type":"","visible":true,"width":64,"x":496,"y":688},{"gid":20,"height":64,"id":7,"name":"","rotation":0,"type":"","visible":true,"width":64,"x":48,"y":592},{"gid":20,"height":64,"id":8,"name":"","rotation":0,"type":"","visible":true,"width":64,"x":304,"y":432},{"gid":20,"height":64,"id":9,"name":"","rotation":0,"type":"","visible":true,"width":64,"x":304,"y":272},{"gid":20,"height":64,"id":10,"name":"","rotation":0,"type":"","visible":true,"width":64,"x":504,"y":368},{"gid":20,"height":64,"id":11,"name":"","rotation":0,"type":"","visible":true,"width":64,"x":128,"y":192},{"gid":20,"height":64,"id":12,"name":"","rotation":0,"type":"","visible":true,"width":64,"x":528,"y":176},{"gid":21,"height":64,"id":13,"name":"","rotation":0,"type":"","visible":true,"width":64,"x":656,"y":176},{"gid":21,"height":64,"id":14,"name":"","rotation":0,"type":"","visible":true,"width":64,"x":1056,"y":192},{"gid":21,"height":64,"id":15,"name":"","rotation":0,"type":"","visible":true,"width":64,"x":880,"y":272},{"gid":21,"height":64,"id":16,"name":"","rotation":0,"type":"","visible":true,"width":64,"x":680,"y":368},{"gid":21,"height":64,"id":17,"name":"","rotation":0,"type":"","visible":true,"width":64,"x":880,"y":432},{"gid":21,"height":64,"id":18,"name":"","rotation":0,"type":"","visible":true,"width":64,"x":1136,"y":592},{"gid":21,"height":64,"id":19,"name":"","rotation":0,"type":"","visible":true,"width":64,"x":688,"y":688},{"gid":21,"height":64,"id":20,"name":"","rotation":0,"type":"","visible":true,"width":64,"x":416,"y":864},{"gid":21,"height":64,"id":21,"name":"","rotation":0,"type":"","visible":true,"width":64,"x":512,"y":560},{"gid":20,"height":64,"id":22,"name":"","rotation":0,"type":"","visible":true,"width":64,"x":672,"y":560}],"opacity":1,"type":"objectgroup","visible":true,"x":0,"y":0},{"draworder":"topdown","name":"Objects","objects":[],"opacity":1,"type":"objectgroup","visible":true,"x":0,"y":0}],"nextobjectid":23,"orientation":"orthogonal","renderorder":"right-down","tiledversion":"1.1.3","tileheight":32,"tilesets":[{"firstgid":1,"source":"../../../assets/tilemaps/tilesets/Ground.json"},{"firstgid":16,"source":"../../../assets/tilemaps/tilesets/Chars.json"},{"firstgid":24,"source":"../../../assets/tilemaps/tilesets/LargeObjects.json"},{"firstgid":27,"source":"../../../assets/tilemaps/tilesets/Objects.json"}],"tilewidth":32,"type":"map","version":1,"width":39}