{"height":29,"infinite":false,"layers":[{"data":[1,1,1,1,1,1,1,1,1,1,1,1,1,1,1,1,1,1,1,1,1,1,1,1,1,1,1,1,1,1,1,1,1,1,1,1,1,1,1,1,0,0,0,0,0,0,0,0,0,0,0,0,0,0,0,0,0,0,0,0,0,0,0,0,0,0,0,0,4,1,1,1,1,1,5,0,0,1,1,0,0,0,0,0,0,0,0,0,0,0,0,0,0,0,0,0,0,0,0,0,0,0,0,0,0,0,0,0,4,0,0,0,5,0,0,0,1,1,0,0,2,5,0,0,2,1,1,1,1,1,3,0,0,0,0,0,0,0,0,0,0,0,0,0,0,0,0,0,0,0,0,0,0,0,0,1,1,0,2,5,0,0,2,1,0,0,1,0,0,1,3,0,0,0,0,0,2,1,1,1,1,1,1,3,0,0,0,0,0,0,0,0,0,0,1,1,2,5,0,0,2,1,1,0,0,1,0,0,1,1,3,0,0,0,2,1,1,1,1,1,1,1,1,3,0,2,0,0,0,3,0,0,0,1,1,5,0,0,2,1,1,1,0,0,0,0,0,1,1,1,1,1,1,1,1,1,0,0,1,0,0,1,1,1,1,1,1,1,1,3,0,0,1,1,0,0,2,5,0,0,0,0,0,0,0,0,0,0,0,0,0,0,0,0,0,0,0,0,0,0,1,1,1,0,0,0,0,0,1,0,0,1,1,3,0,4,0,0,0,0,0,0,0,0,0,0,0,0,0,0,0,0,0,0,0,0,0,0,0,0,0,4,3,0,0,0,0,1,0,0,1,1,1,3,0,0,0,0,0,0,0,0,0,0,0,0,0,0,0,0,0,0,0,0,0,0,0,0,0,0,0,4,1,1,1,1,5,0,0,1,1,1,1,1,1,1,6,6,6,6,6,6,6,6,1,1,1,1,1,1,1,15,15,15,15,15,15,15,3,0,0,0,0,0,0,0,0,0,1,1,0,1,0,0,0,0,0,0,0,0,0,0,0,0,0,0,0,0,0,0,0,4,3,0,0,0,0,4,3,0,0,0,0,0,0,0,0,1,1,0,1,0,0,0,0,0,0,0,0,0,0,0,0,0,0,0,0,0,0,0,0,4,1,1,1,3,0,4,1,1,1,1,3,0,0,0,1,1,0,1,0,0,0,0,0,0,0,0,0,0,0,0,0,0,0,0,0,0,0,0,0,0,0,0,4,3,0,0,0,0,2,5,0,0,0,1,1,0,4,1,1,1,1,1,1,3,0,0,0,0,0,0,0,0,0,0,0,0,0,0,0,0,0,0,4,1,1,1,1,5,0,0,0,2,1,1,3,0,4,3,0,0,0,0,0,0,0,0,0,0,0,0,0,0,0,1,1,3,0,0,0,0,0,0,0,0,0,0,0,0,0,2,5,1,1,4,3,0,4,3,0,0,0,0,0,0,0,0,0,0,0,0,0,0,1,1,1,3,0,0,0,0,0,0,0,0,0,0,0,2,5,0,1,1,0,4,3,0,0,0,0,0,0,0,2,1,1,1,1,3,0,0,0,1,1,0,0,0,0,0,0,0,0,0,0,0,0,2,5,0,0,1,1,0,0,4,3,0,0,0,0,0,0,0,0,0,0,0,0,0,0,2,1,1,0,0,2,1,6,6,6,6,6,6,6,6,5,0,0,0,1,1,0,0,0,1,5,0,0,0,0,0,0,0,0,0,0,0,0,0,0,0,1,1,1,5,0,0,0,0,2,1,1,1,5,0,0,0,0,1,1,0,0,0,1,0,0,0,0,0,0,0,0,0,0,0,0,0,0,0,0,4,1,1,1,1,1,1,1,5,0,0,1,0,0,0,0,0,1,1,0,0,0,0,0,0,0,0,0,0,0,0,0,0,0,0,0,0,0,0,0,0,0,0,0,0,0,0,0,0,0,1,0,0,0,0,0,1,1,0,0,0,0,0,0,0,0,0,0,0,0,0,0,0,0,0,0,4,1,1,1,1,1,1,1,1,1,3,0,0,1,0,0,0,0,0,1,1,0,0,0,0,0,0,0,0,0,0,2,1,1,1,1,3,0,0,0,4,1,1,1,1,1,1,1,1,1,1,1,1,1,1,1,1,1,1,1,1,1,1,1,1,1,1,3,0,0,0,0,0,0,0,4,3,0,0,0,4,0,0,0,0,5,0,0,0,0,0,0,0,0,0,0,0,1,1,0,0,0,0,0,0,0,0,0,0,0,0,0,0,0,0,0,0,0,0,0,0,0,0,0,0,0,0,0,0,0,0,0,0,0,0,0,1,1,0,0,0,0,0,0,0,0,0,0,0,0,0,0,0,0,0,0,0,0,0,0,0,0,0,0,0,0,0,0,0,0,0,0,0,0,0,1,1,0,0,0,0,0,0,0,0,0,0,0,0,0,0,0,0,0,0,0,0,2,0,0,0,0,3,0,0,0,0,0,0,0,0,0,0,0,1,1,1,1,1,1,1,1,1,1,1,1,1,1,1,1,1,1,1,1,1,1,1,1,1,1,1,1,1,1,1,1,1,1,1,1,1,1,1,1],"height":29,"name":"Ground","opacity":1,"type":"tilelayer","visible":true,"width":39,"x":0,"y":0},{"draworder":"topdown","name":"Chars","objects":[{"gid":17,"height":64,"id":1,"name":"","rotation":0,"type":"","visible":true,"width":64,"x":672,"y":128},{"gid":16,"height":64,"id":2,"name":"","rotation":0,"type":"","visible":true,"width":64,"x":40,"y":896},{"gid":19,"height":64,"id":3,"name":"","rotation":0,"type":"","visible":true,"width":64,"x":944,"y":896},{"gid":18,"height":64,"id":4,"name":"","rotation":0,"type":"","visible":true,"width":64,"x":1072,"y":896},{"gid":20,"height":64,"id":5,"name":"","rotation":0,"type":"","visible":true,"width":64,"x":640,"y":464},{"gid":20,"height":64,"id":6,"name":"","rotation":0,"type":"","visible":true,"width":64,"x":112,"y":432},{"gid":21,"height":64,"id":7,"name":"","rotation":0,"type":"","visible":true,"width":64,"x":1128,"y":416},{"gid":21,"height":64,"id":8,"name":"","rotation":0,"type":"","visible":true,"width":64,"x":32,"y":712}],"opacity":1,"type":"objectgroup","visible":true,"x":0,"y":0},{"draworder":"topdown","name":"Objects","objects":[{"gid":32,"height":64,"id":9,"name":"","properties":{"color":"red","initialState":1},"propertytypes":{"color":"string","initialState":"int"},"rotation":90,"type":"","visible":true,"width":64,"x":800,"y":160},{"gid":32,"height":64,"id":10,"name":"","properties":{"color":"blue","initialState":1},"propertytypes":{"color":"string","initialState":"int"},"rotation":90,"type":"","visible":true,"width":64,"x":704,"y":160},{"gid":32,"height":64,"id":11,"name":"","properties":{"color":"red","initialState":1},"propertytypes":{"color":"string","initialState":"int"},"rotation":90,"type":"","visible":true,"width":64,"x":352,"y":96},{"gid":32,"height":64,"id":12,"name":"","properties":{"color":"blue","group":8,"initialState":1},"propertytypes":{"color":"string","group":"int","initialState":"int"},"rotation":90,"type":"","visible":true,"width":64,"x":256,"y":96},{"gid":27,"height":64,"id":13,"name":"","properties":{"group":5},"propertytypes":{"group":"int"},"rotation":0,"type":"","visible":true,"width":64,"x":704,"y":640},{"gid":27,"height":64,"id":14,"name":"","properties":{"group":51},"propertytypes":{"group":"int"},"rotation":0,"type":"","visible":true,"width":64,"x":960,"y":768},{"gid":27,"height":64,"id":15,"name":"","properties":{"group":4},"propertytypes":{"group":"int"},"rotation":0,"type":"","visible":true,"width":64,"x":32,"y":800},{"gid":27,"height":64,"id":16,"name":"","properties":{"group":3},"propertytypes":{"group":"int"},"rotation":0,"type":"","visible":true,"width":64,"x":160,"y":800},{"gid":27,"height":64,"id":17,"name":"","properties":{"group":8},"propertytypes":{"group":"int"},"rotation":0,"type":"","visible":true,"width":64,"x":768,"y":160},{"height":32,"id":19,"name":"","properties":{"dx":0,"dy":1,"group":5},"propertytypes":{"dx":"int","dy":"int","group":"int"},"rotation":0,"type":"platform","visible":true,"width":96,"x":992,"y":96},{"height":32,"id":20,"name":"","properties":{"dx":0,"dy":-1,"group":5},"propertytypes":{"dx":"int","dy":"int","group":"int"},"rotation":0,"type":"platform","visible":true,"width":96,"x":992,"y":128},{"height":32,"id":21,"name":"","properties":{"dx":0,"dy":-1,"group":51},"propertytypes":{"dx":"int","dy":"int","group":"int"},"rotation":0,"type":"platform","visible":true,"width":128,"x":704,"y":832},{"height":32,"id":22,"name":"","properties":{"dx":0,"dy":1,"group":51},"propertytypes":{"dx":"int","dy":"int","group":"int"},"rotation":0,"type":"platform","visible":true,"width":128,"x":704,"y":800},{"height":32,"id":23,"name":"","properties":{"dx":-3,"dy":0,"group":1},"propertytypes":{"dx":"int","dy":"int","group":"int"},"rotation":0,"type":"platform","visible":true,"width":128,"x":384,"y":672},{"height":32,"id":24,"name":"","properties":{"dx":4,"dy":0,"group":3},"propertytypes":{"dx":"int","dy":"int","group":"int"},"rotation":0,"type":"platform","visible":true,"width":128,"x":384,"y":640},{"height":32,"id":30,"name":"","properties":{"dx":-2,"group":8},"propertytypes":{"dx":"int","group":"int"},"rotation":0,"type":"platform","visible":true,"width":96,"x":256,"y":192},{"height":32,"id":31,"name":"","properties":{"dx":2,"group":8},"propertytypes":{"dx":"int","group":"int"},"rotation":0,"type":"platform","visible":true,"width":96,"x":768,"y":224},{"gid":29,"height":64,"id":32,"name":"","properties":{"group":2},"propertytypes":{"group":"int"},"rotation":0,"type":"","visible":true,"width":64,"x":176,"y":480},{"height":32,"id":34,"name":"","properties":{"dx":-2,"group":2},"propertytypes":{"dx":"int","group":"int"},"rotation":0,"type":"platform","visible":true,"width":96,"x":0,"y":416},{"gid":37,"height":64,"id":35,"name":"","rotation":0,"type":"","visible":true,"width":64,"x":32,"y":416},{"gid":29,"height":64,"id":36,"name":"","properties":{"group":31},"propertytypes":{"group":"int"},"rotation":0,"type":"","visible":true,"width":64,"x":528,"y":224},{"gid":37,"height":64,"id":37,"name":"","properties":{"angularDamping":0.6},"propertytypes":{"angularDamping":"float"},"rotation":0,"type":"","visible":true,"width":64,"x":320,"y":96},{"height":96,"id":38,"name":"","properties":{"dx":4,"dy":0,"group":31},"propertytypes":{"dx":"int","dy":"int","group":"int"},"rotation":0,"type":"platform","visible":true,"width":32,"x":256,"y":0},{"height":96,"id":39,"name":"","properties":{"dx":4,"dy":0,"group":31},"propertytypes":{"dx":"int","dy":"int","group":"int"},"rotation":0,"type":"platform","visible":true,"width":32,"x":384,"y":0},{"height":128,"id":40,"name":"","properties":{"dx":0,"dy":4,"group":4},"propertytypes":{"dx":"int","dy":"int","group":"int"},"rotation":0,"type":"platform","visible":true,"width":32,"x":128,"y":800},{"height":64,"id":41,"name":"","properties":{"dx":0,"dy":-2,"group":31},"propertytypes":{"dx":"int","dy":"int","group":"int"},"rotation":0,"type":"platform","visible":true,"width":32,"x":1024,"y":256},{"gid":27,"height":64,"id":42,"name":"","properties":{"group":1},"propertytypes":{"group":"int"},"rotation":0,"type":"","visible":true,"width":64,"x":416,"y":576}],"opacity":1,"type":"objectgroup","visible":true,"x":0,"y":0}],"nextobjectid":44,"orientation":"orthogonal","renderorder":"right-down","tiledversion":"1.1.3","tileheight":32,"tilesets":[{"firstgid":1,"source":"../../../assets/tilemaps/tilesets/Ground.json"},{"firstgid":16,"source":"../../../assets/tilemaps/tilesets/Chars.json"},{"firstgid":24,"source":"../../../assets/tilemaps/tilesets/LargeObjects.json"},{"firstgid":27,"source":"../../../assets/tilemaps/tilesets/Objects.json"}],"tilewidth":32,"type":"map","version":1,"width":39}