{"height":29,"infinite":false,"layers":[{"data":[1,1,1,1,1,1,1,1,1,1,1,1,1,1,1,1,1,1,1,1,1,1,1,1,1,1,1,1,1,1,1,1,1,1,1,1,1,1,1,1,1,1,1,1,1,1,1,1,5,0,0,4,1,1,1,1,1,1,1,1,1,1,1,1,1,5,0,0,4,5,0,0,0,4,1,1,1,1,1,1,5,0,0,4,1,1,5,0,0,0,0,4,1,1,1,1,1,1,5,0,0,0,0,0,0,0,0,0,0,0,0,0,0,4,1,1,1,1,1,0,0,0,0,0,0,0,0,0,0,0,0,4,1,1,5,0,0,0,0,0,0,0,0,0,0,0,0,0,0,0,0,0,0,1,1,1,1,1,0,0,0,0,0,0,0,0,0,0,0,0,0,0,0,0,0,0,0,0,0,0,0,0,0,0,0,0,0,0,0,0,0,0,1,1,1,1,5,0,0,0,0,0,0,0,0,0,0,0,0,0,0,0,0,0,0,0,0,0,0,0,0,0,0,0,0,0,0,0,0,0,0,4,1,1,1,0,0,0,0,0,0,0,0,0,0,0,0,0,0,0,0,0,0,0,0,0,0,0,0,0,0,0,0,0,0,0,0,0,0,0,0,1,1,1,0,0,0,0,0,0,0,0,0,0,0,0,0,0,0,0,0,0,0,0,0,0,0,0,0,0,0,0,0,0,0,0,0,0,0,0,1,1,1,0,0,0,0,0,0,0,0,0,0,0,0,0,0,0,0,0,0,0,0,0,0,0,0,0,0,0,0,0,0,0,0,0,0,0,0,1,1,1,0,0,2,1,1,1,1,1,0,0,0,0,1,1,1,1,0,0,0,0,0,0,0,0,0,0,0,0,0,0,0,0,0,0,0,0,1,1,1,0,0,0,0,0,0,0,1,0,0,0,0,1,1,1,1,0,0,0,0,0,0,0,0,0,0,0,0,0,0,0,0,0,0,0,0,4,1,1,0,0,0,0,0,0,0,1,0,0,0,0,1,1,1,1,0,0,0,0,0,0,0,0,0,2,1,1,1,3,0,0,0,0,0,0,0,1,1,0,0,0,0,0,0,0,1,8,8,8,8,1,1,1,1,0,0,0,0,0,0,0,0,2,1,1,1,1,1,3,0,0,0,0,0,0,1,1,0,0,0,0,0,0,0,1,1,1,1,1,1,1,1,1,0,0,0,0,0,0,0,2,1,5,0,0,0,4,1,0,0,0,0,0,0,1,1,1,1,1,1,1,1,1,1,1,1,1,1,1,1,1,1,6,6,6,6,6,6,6,1,5,0,0,0,0,0,4,3,0,0,0,0,0,1,1,1,1,1,1,1,1,5,0,0,0,0,0,0,0,4,1,1,1,1,1,1,1,1,5,0,0,0,0,0,0,0,4,5,0,0,0,0,1,1,1,5,0,4,1,5,0,0,0,0,0,0,0,0,0,0,0,0,0,4,1,1,5,0,0,0,0,0,0,0,0,0,0,0,0,0,0,1,1,5,0,0,0,0,0,0,0,0,0,0,0,0,0,0,0,0,0,0,0,0,0,0,0,0,0,0,0,0,0,0,0,0,0,0,0,2,1,1,0,0,0,0,0,0,0,0,0,0,0,0,0,0,0,0,0,0,0,0,0,0,0,0,0,0,0,0,0,0,0,0,0,0,0,2,1,1,1,0,0,0,0,0,0,0,0,0,0,0,0,0,0,0,0,0,0,0,0,0,0,0,0,0,0,0,0,0,0,0,0,0,0,2,5,0,1,1,0,0,0,0,0,0,0,0,0,0,0,0,0,0,0,0,0,3,0,0,0,0,0,0,0,0,0,0,0,0,0,0,0,2,5,0,0,1,1,0,0,0,0,0,0,0,0,0,0,0,0,0,0,0,0,0,1,3,0,0,0,0,0,0,0,0,0,0,0,0,0,0,0,0,0,0,1,1,0,0,0,0,0,0,0,0,0,0,0,0,0,0,0,0,0,4,1,1,1,1,1,1,0,0,0,0,0,0,0,0,0,0,0,0,0,1,1,0,0,0,0,0,0,0,0,0,0,0,0,0,0,0,0,0,0,0,0,1,0,4,1,0,0,0,0,0,0,0,0,0,0,0,0,0,1,1,3,0,0,0,0,0,0,0,0,0,0,0,0,0,0,0,0,0,0,0,1,0,0,4,0,0,0,0,0,0,0,0,0,0,0,0,0,1,1,1,1,1,1,0,0,0,0,0,0,0,0,0,0,0,0,0,0,0,0,1,0,0,0,0,0,0,0,0,0,0,0,0,0,0,0,0,1,1,1,1,1,1,0,0,0,0,0,0,0,0,0,0,0,0,0,0,0,2,1,3,0,0,0,0,0,0,0,0,0,0,0,0,0,0,0,1,1,1,1,1,1,7,7,7,7,7,7,7,7,7,7,7,7,7,7,7,1,1,1,6,6,6,6,6,6,6,6,6,6,6,6,6,6,6,1,1,1,1,1,1,1,1,1,1,1,1,1,1,1,1,1,1,1,1,1,1,1,1,1,1,1,1,1,1,1,1,1,1,1,1,1,1,1,1],"height":29,"name":"Ground","opacity":1,"type":"tilelayer","visible":true,"width":39,"x":0,"y":0},{"draworder":"topdown","name":"Chars","objects":[{"gid":18,"height":64,"id":1,"name":"","rotation":0,"type":"","visible":true,"width":64,"x":48,"y":448},{"gid":19,"height":64,"id":2,"name":"","rotation":0,"type":"","visible":true,"width":64,"x":176,"y":448},{"gid":16,"height":64,"id":3,"name":"","rotation":0,"type":"","visible":true,"width":64,"x":48,"y":800},{"gid":17,"height":64,"id":4,"name":"","rotation":0,"type":"","visible":true,"width":64,"x":96,"y":800},{"gid":20,"height":64,"id":13,"name":"","rotation":0,"type":"","visible":true,"width":64,"x":1120,"y":544},{"gid":20,"height":64,"id":14,"name":"","rotation":0,"type":"","visible":true,"width":64,"x":736,"y":272},{"gid":20,"height":64,"id":15,"name":"","rotation":0,"type":"","visible":true,"width":64,"x":320,"y":200},{"gid":20,"height":64,"id":16,"name":"","rotation":0,"type":"","visible":true,"width":64,"x":320,"y":680},{"gid":20,"height":64,"id":17,"name":"","rotation":0,"type":"","visible":true,"width":64,"x":656,"y":688},{"gid":21,"height":64,"id":18,"name":"","rotation":0,"type":"","visible":true,"width":64,"x":544,"y":256},{"gid":21,"height":64,"id":19,"name":"","rotation":0,"type":"","visible":true,"width":64,"x":480,"y":640},{"gid":21,"height":64,"id":20,"name":"","rotation":0,"type":"","visible":true,"width":64,"x":160,"y":736},{"gid":21,"height":64,"id":21,"name":"","rotation":0,"type":"","visible":true,"width":64,"x":832,"y":624},{"gid":21,"height":64,"id":22,"name":"","rotation":0,"type":"","visible":true,"width":64,"x":1000,"y":376}],"opacity":1,"type":"objectgroup","visible":true,"x":0,"y":0},{"draworder":"topdown","name":"Objects","objects":[{"height":0,"id":9,"name":"","polyline":[{"x":0,"y":0},{"x":0,"y":208}],"properties":{"barWidth":4.8,"fullRotation":true},"propertytypes":{"barWidth":"float","fullRotation":"bool"},"rotation":0,"type":"hanging","visible":true,"width":0,"x":432,"y":520},{"height":0,"id":10,"name":"","polyline":[{"x":0,"y":0},{"x":0,"y":208}],"properties":{"barWidth":4.8,"fullRotation":true},"propertytypes":{"barWidth":"float","fullRotation":"bool"},"rotation":0,"type":"hanging","visible":true,"width":0,"x":912,"y":464},{"height":0,"id":11,"name":"","polyline":[{"x":0,"y":0},{"x":0,"y":208}],"properties":{"barWidth":4.8,"fullRotation":true},"propertytypes":{"barWidth":"float","fullRotation":"bool"},"rotation":0,"type":"hanging","visible":true,"width":0,"x":672,"y":120},{"height":0,"id":12,"name":"","polyline":[{"x":0,"y":0},{"x":0,"y":248}],"properties":{"barWidth":4.8,"fullRotation":true},"propertytypes":{"barWidth":"float","fullRotation":"bool"},"rotation":0,"type":"hanging","visible":true,"width":0,"x":240,"y":552}],"opacity":1,"type":"objectgroup","visible":true,"x":0,"y":0}],"nextobjectid":23,"orientation":"orthogonal","renderorder":"right-down","tiledversion":"1.1.3","tileheight":32,"tilesets":[{"firstgid":1,"source":"../../../assets/tilemaps/tilesets/Ground.json"},{"firstgid":16,"source":"../../../assets/tilemaps/tilesets/Chars.json"},{"firstgid":24,"source":"../../../assets/tilemaps/tilesets/LargeObjects.json"},{"firstgid":27,"source":"../../../assets/tilemaps/tilesets/Objects.json"}],"tilewidth":32,"type":"map","version":1,"width":39}