{"height":29,"infinite":false,"layers":[{"data":[1,1,1,1,1,1,1,1,1,1,1,1,1,1,1,1,1,1,1,1,1,1,1,1,1,1,1,1,1,1,1,1,1,1,1,1,1,1,1,1,1,5,0,0,4,1,5,0,0,0,0,0,4,5,0,0,0,0,0,0,0,0,0,4,5,0,0,0,0,0,4,1,5,0,0,4,1,1,1,1,0,0,0,0,5,0,0,0,0,0,0,0,0,0,0,0,0,0,0,0,0,0,0,0,0,0,0,0,0,0,4,0,0,0,0,1,1,1,1,0,0,0,0,0,0,0,0,0,2,3,0,0,0,0,0,0,0,0,0,0,0,0,0,2,3,0,0,0,0,0,0,0,0,0,1,1,1,1,0,0,0,0,0,0,0,0,2,1,1,1,1,1,1,1,1,1,1,1,1,1,1,1,1,1,3,0,0,0,0,0,0,0,0,1,1,1,1,13,0,0,0,0,0,0,0,0,0,0,0,0,0,4,1,1,1,1,1,5,0,0,0,0,0,0,0,0,0,0,0,0,0,12,1,1,1,1,1,14,14,13,0,0,0,0,0,0,0,0,0,0,0,4,1,1,1,5,0,0,0,0,0,0,0,0,0,0,0,12,14,14,1,1,1,1,1,1,1,1,1,3,0,0,0,0,0,0,0,0,0,0,0,4,1,5,0,0,0,0,0,0,0,0,0,0,0,2,1,1,1,1,1,1,1,1,5,0,0,4,1,1,1,14,13,0,0,0,0,0,0,0,0,1,0,0,0,0,0,0,0,0,12,14,1,1,1,5,0,0,4,1,1,1,5,0,0,0,0,4,1,1,1,1,13,0,0,0,0,0,0,0,1,0,0,0,0,0,0,0,12,1,1,1,1,5,0,0,0,0,4,1,1,0,0,0,0,0,0,0,0,0,4,1,3,0,0,0,0,0,0,1,0,0,0,0,0,0,2,1,5,0,0,0,0,0,0,0,0,0,1,1,0,0,0,0,0,0,0,0,0,0,4,1,1,1,1,3,0,0,1,0,0,2,1,1,1,1,5,0,0,0,0,0,0,0,0,0,0,1,1,0,0,0,0,0,0,0,0,0,0,0,0,0,0,0,0,0,0,1,0,0,0,0,0,0,0,0,0,0,0,0,0,0,0,0,0,0,1,1,0,0,0,0,0,0,0,0,0,0,0,0,0,0,0,0,0,0,0,0,0,0,0,0,0,0,0,0,0,0,0,0,0,0,0,0,0,1,1,0,0,0,0,0,0,0,0,0,0,0,0,0,0,0,0,0,0,0,0,0,0,0,0,0,0,0,0,0,0,0,0,0,0,0,0,0,1,1,0,0,2,0,0,0,0,0,0,0,0,0,0,0,0,0,0,0,0,0,0,0,0,0,0,0,0,0,0,0,0,0,0,0,3,0,0,1,1,0,0,1,0,0,0,0,0,0,0,0,0,0,2,0,0,0,2,1,3,0,0,0,3,0,0,0,0,0,0,0,0,0,0,1,0,0,1,1,0,0,1,0,0,0,0,0,0,0,0,0,0,1,1,1,1,1,0,1,1,1,1,1,0,0,0,0,0,0,0,0,0,0,1,0,0,1,1,0,0,1,0,0,0,0,0,0,0,0,0,0,1,0,0,1,0,0,0,1,0,0,1,0,0,0,0,0,0,0,0,0,0,1,0,0,1,1,0,0,1,0,0,0,0,0,0,0,0,0,0,1,1,1,1,1,0,1,1,1,1,1,0,0,0,0,0,0,0,0,0,0,1,0,0,1,1,0,0,1,6,6,6,6,6,6,6,6,6,6,1,5,0,0,4,1,5,0,0,4,1,7,7,7,7,7,7,7,7,7,7,1,0,0,1,1,0,0,4,1,1,1,1,1,1,1,1,1,1,5,0,0,0,0,0,0,0,0,0,4,1,1,1,1,1,1,1,1,1,1,5,0,0,1,1,0,0,0,0,4,1,1,1,1,5,0,0,0,0,0,0,0,0,0,0,0,0,0,0,0,0,0,4,1,1,1,1,5,0,0,0,0,1,1,0,0,0,0,0,0,4,5,0,0,0,0,0,0,0,0,0,12,14,13,0,0,0,0,0,0,0,0,0,4,5,0,0,0,0,0,0,1,1,13,0,0,0,0,0,0,0,0,0,0,0,0,0,0,2,14,1,1,1,14,3,0,0,0,0,0,0,0,0,0,0,0,0,0,0,12,1,1,1,13,0,0,0,0,0,0,0,0,0,0,0,2,1,1,1,1,1,1,1,1,1,3,0,0,0,0,0,0,0,0,0,0,0,12,1,1,1,1,1,3,0,0,0,0,0,0,0,0,0,2,1,1,1,1,1,1,1,1,1,1,1,3,0,0,0,0,0,0,0,0,0,2,1,1,1,1,1,1,1,3,0,0,0,0,0,12,14,1,1,1,1,1,1,1,1,1,1,1,1,1,1,1,14,13,0,0,0,0,0,2,1,1,1,1,1,1,1,1,1,1,1,1,1,1,1,1,1,1,1,1,1,1,1,1,1,1,1,1,1,1,1,1,1,1,1,1,1,1,1,1,1,1,1],"height":29,"name":"Ground","opacity":1,"type":"tilelayer","visible":true,"width":39,"x":0,"y":0},{"draworder":"topdown","name":"Chars","objects":[{"gid":18,"height":64,"id":1,"name":"","rotation":0,"type":"","visible":true,"width":64,"x":992,"y":896},{"gid":19,"height":64,"id":2,"name":"","rotation":0,"type":"","visible":true,"width":64,"x":192,"y":896},{"gid":17,"height":64,"id":3,"name":"","rotation":0,"type":"","visible":true,"width":64,"x":544,"y":128},{"gid":16,"height":64,"id":4,"name":"","rotation":0,"type":"","visible":true,"width":64,"x":640,"y":128},{"gid":21,"height":64,"id":5,"name":"","rotation":0,"type":"","visible":true,"width":64,"x":704,"y":112},{"gid":21,"height":64,"id":6,"name":"","rotation":0,"type":"","visible":true,"width":64,"x":272,"y":112},{"gid":21,"height":64,"id":7,"name":"","rotation":0,"type":"","visible":true,"width":64,"x":80,"y":160},{"gid":21,"height":64,"id":9,"name":"","rotation":0,"type":"","visible":true,"width":64,"x":544,"y":352},{"gid":21,"height":64,"id":10,"name":"","rotation":0,"type":"","visible":true,"width":64,"x":688,"y":528},{"gid":21,"height":64,"id":11,"name":"","rotation":0,"type":"","visible":true,"width":64,"x":1152,"y":480},{"gid":21,"height":64,"id":12,"name":"","rotation":0,"type":"","visible":true,"width":64,"x":848,"y":848},{"gid":21,"height":64,"id":13,"name":"","rotation":0,"type":"","visible":true,"width":64,"x":448,"y":784},{"gid":20,"height":64,"id":14,"name":"","rotation":0,"type":"","visible":true,"width":64,"x":480,"y":112},{"gid":20,"height":64,"id":16,"name":"","rotation":0,"type":"","visible":true,"width":64,"x":912,"y":112},{"gid":20,"height":64,"id":17,"name":"","rotation":0,"type":"","visible":true,"width":64,"x":1104,"y":160},{"gid":20,"height":64,"id":18,"name":"","rotation":0,"type":"","visible":true,"width":64,"x":640,"y":352},{"gid":20,"height":64,"id":20,"name":"","rotation":0,"type":"","visible":true,"width":64,"x":496,"y":528},{"gid":20,"height":64,"id":21,"name":"","rotation":0,"type":"","visible":true,"width":64,"x":32,"y":480},{"gid":20,"height":64,"id":22,"name":"","rotation":0,"type":"","visible":true,"width":64,"x":336,"y":848},{"gid":20,"height":64,"id":23,"name":"","rotation":0,"type":"","visible":true,"width":64,"x":736,"y":784}],"opacity":1,"type":"objectgroup","visible":true,"x":0,"y":0},{"draworder":"topdown","name":"Objects","objects":[{"height":0,"id":27,"name":"","polyline":[{"x":0,"y":0},{"x":0,"y":-192},{"x":112,"y":-192},{"x":112,"y":-56}],"rotation":0,"type":"pulley","visible":true,"width":0,"x":912,"y":560},{"height":0,"id":29,"name":"","polyline":[{"x":0,"y":0},{"x":0,"y":-136},{"x":112,"y":-136},{"x":112,"y":56}],"rotation":0,"type":"pulley","visible":true,"width":0,"x":224,"y":504}],"opacity":1,"type":"objectgroup","visible":true,"x":0,"y":0}],"nextobjectid":30,"orientation":"orthogonal","renderorder":"right-down","tiledversion":"1.1.3","tileheight":32,"tilesets":[{"firstgid":1,"source":"../../../assets/tilemaps/tilesets/Ground.json"},{"firstgid":16,"source":"../../../assets/tilemaps/tilesets/Chars.json"},{"firstgid":24,"source":"../../../assets/tilemaps/tilesets/LargeObjects.json"},{"firstgid":27,"source":"../../../assets/tilemaps/tilesets/Objects.json"}],"tilewidth":32,"type":"map","version":1,"width":39}