{"height":29,"infinite":false,"layers":[{"data":[1,1,1,1,1,1,1,1,1,1,1,1,1,1,1,1,1,1,1,1,1,1,1,1,1,1,1,1,1,1,1,1,1,1,1,1,1,1,1,1,0,0,0,0,0,0,0,0,0,0,0,0,0,0,0,0,0,0,0,0,0,0,0,0,0,0,0,0,0,0,0,0,0,0,0,0,0,1,1,0,0,0,0,0,0,0,0,0,0,0,0,0,0,0,0,0,0,0,0,0,0,0,0,0,0,0,0,0,0,0,0,0,0,0,0,0,1,1,0,0,0,0,0,0,0,0,0,0,0,0,0,0,0,0,0,0,0,0,0,0,0,0,0,0,0,0,0,0,0,0,0,0,0,0,0,1,1,0,0,0,0,0,0,0,0,0,0,0,0,0,0,0,0,0,2,1,1,1,13,0,0,0,0,0,0,0,0,0,0,0,0,0,0,0,1,1,0,0,0,0,0,12,1,1,1,14,14,14,14,14,1,1,1,5,0,0,0,4,13,0,0,0,0,0,0,0,2,1,1,3,0,0,0,1,1,0,0,0,0,12,5,0,0,0,0,0,0,0,0,0,0,0,0,0,0,0,0,4,14,14,1,1,14,14,14,1,1,1,5,0,0,0,1,1,0,0,0,12,5,0,0,0,0,0,0,0,0,0,0,0,0,0,0,0,0,0,0,0,0,0,0,0,0,4,1,1,5,0,0,0,0,1,1,0,0,0,1,0,0,0,2,1,1,1,1,1,3,0,0,0,0,0,0,0,0,0,0,0,0,0,0,0,0,1,5,0,0,0,0,0,1,1,0,0,0,1,0,0,0,1,0,0,0,0,0,4,1,1,1,1,3,0,0,0,0,0,0,0,0,0,0,0,1,0,0,0,0,0,0,1,1,0,0,0,1,13,0,0,1,0,0,0,0,0,0,0,0,0,0,4,3,0,0,0,0,0,0,0,0,0,2,5,0,0,0,0,0,0,1,1,0,0,0,4,1,0,0,1,0,0,0,0,0,0,0,0,0,0,0,4,13,0,0,0,0,0,0,0,2,5,0,0,0,0,0,0,0,1,1,0,0,0,0,1,0,0,1,0,0,0,0,0,0,0,0,0,0,0,0,4,13,0,0,0,2,1,1,5,0,0,0,0,0,0,0,0,1,1,0,0,0,0,1,0,0,4,1,1,1,1,1,1,1,3,0,0,0,0,0,1,0,0,0,1,1,5,0,0,0,0,0,2,1,1,1,1,1,0,0,0,0,1,13,0,0,0,0,0,0,0,0,0,0,0,0,0,0,12,1,0,0,0,1,5,0,0,0,0,0,0,1,1,1,1,1,1,0,0,0,0,1,1,13,0,0,0,0,0,0,0,0,0,0,0,12,14,1,0,0,0,0,1,0,0,0,0,0,0,0,1,5,0,4,1,1,0,0,0,12,1,1,1,1,1,14,14,1,1,1,1,1,1,1,5,0,0,0,0,0,0,1,0,0,0,0,0,0,0,1,0,0,0,1,1,0,0,0,4,1,1,5,0,0,0,0,0,0,0,0,0,0,0,0,0,0,0,0,0,0,1,0,0,0,0,0,0,0,1,0,0,0,1,1,0,0,0,0,0,0,0,0,0,0,0,0,0,0,0,0,0,0,0,0,0,0,0,0,0,1,0,0,0,0,0,0,0,1,3,0,0,1,1,13,0,0,0,0,0,0,0,0,0,0,0,0,0,0,0,0,0,0,0,0,0,0,0,0,1,0,0,0,0,0,0,0,1,1,0,0,1,1,1,13,0,0,0,0,0,0,13,0,0,0,12,0,0,0,0,0,0,0,0,0,0,0,0,1,0,0,0,2,1,1,1,1,5,0,0,1,1,1,1,13,0,0,12,0,0,1,0,0,0,1,0,0,0,0,0,13,0,0,2,1,1,1,5,0,0,0,1,1,1,1,5,0,0,0,1,1,1,1,1,3,0,1,0,0,1,0,0,0,1,0,0,13,0,0,1,1,1,1,5,0,0,0,0,0,0,1,0,0,0,0,0,0,2,1,1,1,1,1,1,1,1,1,1,1,1,1,1,1,1,1,1,1,1,1,1,1,5,0,0,0,0,0,0,0,1,0,0,0,0,0,0,1,1,1,5,0,0,0,0,0,0,0,0,0,0,0,0,0,0,0,0,0,0,0,0,0,0,0,0,0,0,0,0,1,0,0,0,0,0,0,1,1,1,0,0,0,0,0,0,0,0,0,0,0,0,0,0,0,0,0,0,0,0,0,0,0,0,0,0,0,0,0,1,0,0,0,0,0,2,1,1,1,0,0,0,0,0,0,0,0,0,0,0,0,0,0,0,2,3,0,0,0,0,0,0,0,0,12,1,1,1,1,0,0,0,2,1,1,1,1,1,3,0,0,0,0,0,0,12,14,14,13,0,0,0,2,1,1,14,14,13,0,0,0,0,12,1,1,1,1,1,3,0,2,1,1,1,1,1,1,1,1,1,1,1,1,1,1,1,1,1,1,1,1,1,1,1,1,1,1,1,1,1,1,1,1,1,1,1,1,1,1,1,1,1,1,1,1],"height":29,"name":"Ground","opacity":1,"type":"tilelayer","visible":true,"width":39,"x":0,"y":0},{"draworder":"topdown","name":"Chars","objects":[{"gid":17,"height":64,"id":1,"name":"","rotation":0,"type":"","visible":true,"width":64,"x":160,"y":896},{"gid":16,"height":64,"id":2,"name":"","rotation":0,"type":"","visible":true,"width":64,"x":64,"y":896},{"gid":18,"height":64,"id":3,"name":"","rotation":0,"type":"","visible":true,"width":64,"x":304,"y":416},{"gid":19,"height":64,"id":4,"name":"","rotation":0,"type":"","visible":true,"width":64,"x":416,"y":416},{"gid":20,"height":64,"id":5,"name":"","rotation":0,"type":"","visible":true,"width":64,"x":704,"y":880},{"gid":20,"height":64,"id":6,"name":"","rotation":0,"type":"","visible":true,"width":64,"x":912,"y":608},{"gid":20,"height":64,"id":7,"name":"","rotation":0,"type":"","visible":true,"width":64,"x":1104,"y":352},{"gid":20,"height":64,"id":8,"name":"","rotation":0,"type":"","visible":true,"width":64,"x":864,"y":344},{"gid":20,"height":64,"id":9,"name":"","rotation":0,"type":"","visible":true,"width":64,"x":744,"y":128},{"gid":20,"height":64,"id":10,"name":"","rotation":0,"type":"","visible":true,"width":64,"x":72,"y":136},{"gid":20,"height":64,"id":11,"name":"","rotation":0,"type":"","visible":true,"width":64,"x":336,"y":720},{"gid":20,"height":64,"id":12,"name":"","rotation":0,"type":"","visible":true,"width":64,"x":752,"y":496},{"gid":21,"height":64,"id":13,"name":"","rotation":0,"type":"","visible":true,"width":64,"x":400,"y":880},{"gid":21,"height":64,"id":14,"name":"","rotation":0,"type":"","visible":true,"width":64,"x":880,"y":768},{"gid":21,"height":64,"id":15,"name":"","rotation":0,"type":"","visible":true,"width":64,"x":1008,"y":496},{"gid":21,"height":64,"id":16,"name":"","rotation":0,"type":"","visible":true,"width":64,"x":912,"y":128},{"gid":21,"height":64,"id":17,"name":"","rotation":0,"type":"","visible":true,"width":64,"x":368,"y":144},{"gid":21,"height":64,"id":18,"name":"","rotation":0,"type":"","visible":true,"width":64,"x":56,"y":608},{"gid":21,"height":64,"id":27,"name":"","rotation":0,"type":"","visible":true,"width":64,"x":752,"y":592},{"gid":21,"height":64,"id":28,"name":"","rotation":0,"type":"","visible":true,"width":64,"x":544,"y":272}],"opacity":1,"type":"objectgroup","visible":true,"x":0,"y":0},{"draworder":"topdown","name":"Objects","objects":[{"gid":42,"height":96,"id":23,"name":"","properties":{"group":3,"initialState":1,"length":14},"propertytypes":{"group":"int","initialState":"int","length":"float"},"rotation":-90,"type":"","visible":true,"width":64,"x":832,"y":704},{"gid":42,"height":96,"id":24,"name":"","properties":{"group":3,"initialState":1},"propertytypes":{"group":"int","initialState":"int"},"rotation":-90,"type":"","visible":true,"width":64,"x":960,"y":880},{"gid":42,"height":96,"id":25,"name":"","properties":{"group":3,"initialState":1},"propertytypes":{"group":"int","initialState":"int"},"rotation":-90,"type":"","visible":true,"width":64,"x":1088,"y":688},{"gid":42,"height":96,"id":26,"name":"","properties":{"group":3,"initialState":1,"length":14},"propertytypes":{"group":"int","initialState":"int","length":"float"},"rotation":-90,"type":"","visible":true,"width":64,"x":1216,"y":464}],"opacity":1,"type":"objectgroup","visible":true,"x":0,"y":0}],"nextobjectid":31,"orientation":"orthogonal","renderorder":"right-down","tiledversion":"1.1.3","tileheight":32,"tilesets":[{"firstgid":1,"source":"../../../assets/tilemaps/tilesets/Ground.json"},{"firstgid":16,"source":"../../../assets/tilemaps/tilesets/Chars.json"},{"firstgid":24,"source":"../../../assets/tilemaps/tilesets/Objects.json"},{"firstgid":40,"source":"../../../assets/tilemaps/tilesets/LargeObjects.json"}],"tilewidth":32,"type":"map","version":1,"width":39}