{"height":29,"infinite":false,"layers":[{"data":[1,1,1,1,1,1,1,1,1,1,1,1,1,1,1,1,1,1,1,1,1,1,1,1,1,1,1,1,1,1,1,1,1,1,1,1,1,1,1,1,0,0,0,0,0,0,0,0,0,0,0,0,0,0,0,0,0,0,0,0,0,0,0,0,0,0,0,0,0,0,0,0,0,0,0,0,0,1,1,0,0,0,0,0,0,0,0,0,0,0,0,0,0,0,0,0,0,0,0,0,0,0,0,0,0,0,0,0,0,0,0,0,0,0,0,0,1,1,0,0,0,0,0,0,0,0,0,0,0,0,0,0,0,0,0,0,0,0,0,0,0,0,0,0,0,0,0,0,0,0,0,0,0,0,0,1,1,1,1,1,1,13,0,0,0,0,0,0,0,0,0,0,0,0,0,0,0,0,0,0,0,0,0,2,1,1,1,3,0,0,0,0,0,0,1,1,0,0,0,0,4,13,0,0,0,0,0,0,0,0,0,0,0,0,0,0,0,0,0,0,0,2,5,0,0,0,0,0,0,0,0,0,0,1,1,0,0,0,0,0,4,13,0,0,0,0,0,2,8,8,8,8,8,8,8,8,1,1,1,1,5,0,0,0,0,0,0,0,0,2,1,1,1,1,0,0,0,0,0,0,4,13,0,0,0,2,5,0,0,0,0,0,0,0,0,0,0,0,0,0,0,0,0,0,0,0,0,0,0,0,0,1,1,0,0,0,0,0,0,0,4,1,1,1,5,0,0,0,0,0,0,0,0,0,0,0,0,0,0,0,0,0,0,0,0,0,0,0,0,0,1,1,0,0,0,0,0,0,0,0,0,0,0,0,0,0,0,0,0,0,0,0,0,0,0,0,0,0,0,0,0,0,0,0,0,0,2,1,1,1,1,0,0,0,0,0,0,0,0,0,0,0,0,0,2,1,3,0,0,0,0,0,0,0,0,0,0,0,0,2,1,1,1,1,1,5,0,0,1,1,0,0,0,12,14,13,0,0,0,0,0,2,1,5,0,4,1,1,1,8,8,8,8,8,8,8,1,1,5,0,0,0,0,0,0,0,0,1,1,0,0,0,0,4,1,1,1,1,1,1,5,0,0,0,0,0,0,0,0,0,0,0,0,0,0,0,0,0,0,0,0,0,0,0,0,0,1,1,3,0,0,0,0,0,0,0,0,0,0,0,0,0,0,0,0,0,0,0,0,0,0,0,0,0,0,0,0,0,0,0,0,0,0,0,0,1,1,1,13,0,0,0,0,0,0,0,0,0,0,0,0,0,0,0,0,0,0,0,0,0,0,0,0,0,0,0,0,0,0,0,0,0,0,0,1,1,1,1,13,0,0,0,0,0,0,0,0,2,1,1,1,1,3,0,0,0,0,0,0,0,0,0,0,0,0,0,0,0,0,0,0,0,0,1,1,1,1,1,1,1,1,1,1,1,1,1,5,0,0,0,0,4,1,1,8,8,8,8,8,8,8,8,1,1,1,1,1,3,0,0,0,0,1,1,0,0,0,0,0,0,0,0,0,0,0,0,0,0,0,0,0,0,0,0,0,0,0,0,0,0,0,0,0,0,0,0,4,3,0,0,0,1,1,0,0,0,0,0,0,0,0,0,0,0,0,0,0,0,0,0,0,0,0,0,0,0,0,0,0,0,0,0,0,0,0,0,0,0,0,0,1,1,0,0,0,0,0,0,0,0,0,0,0,0,0,0,0,0,0,0,0,0,0,0,0,0,0,0,0,0,0,0,0,0,0,0,0,0,0,1,1,0,0,0,0,0,0,12,14,14,1,1,1,14,14,14,14,1,1,1,1,1,1,1,1,3,0,0,0,0,0,0,0,0,0,2,1,1,1,1,0,0,0,0,0,2,5,0,0,0,0,0,0,0,0,0,0,0,0,0,0,0,0,0,4,1,1,3,0,0,0,0,0,0,1,5,0,1,1,0,0,0,0,2,5,0,0,0,0,0,0,0,0,0,0,0,0,0,0,0,0,0,0,0,0,0,4,13,0,0,0,0,0,1,0,0,1,1,0,0,0,2,5,0,0,0,0,0,0,0,0,0,0,0,0,0,0,0,0,0,0,0,0,0,0,0,4,13,0,0,0,2,5,0,0,1,1,0,0,0,0,0,0,0,0,0,0,0,0,0,0,0,0,0,0,0,0,2,1,1,3,0,0,0,0,0,4,14,14,1,5,0,0,0,1,1,0,0,0,0,0,0,0,0,0,0,0,0,0,0,0,0,0,0,0,0,1,0,0,4,3,0,0,0,0,0,0,0,0,0,0,0,0,1,1,3,0,0,0,2,1,3,0,0,0,0,0,0,0,0,0,0,0,0,0,1,0,0,0,4,13,0,0,0,0,0,0,0,0,0,0,0,1,1,1,1,1,1,1,1,1,1,1,1,8,8,8,8,8,8,8,8,1,1,1,0,0,0,0,4,13,0,0,0,0,0,0,0,0,0,0,1,1,1,1,1,1,1,1,1,1,1,1,1,1,1,1,1,1,1,1,1,1,1,1,1,1,1,1,1,1,1,1,1,1,1,1,1,1,1,1],"height":29,"name":"Ground","opacity":1,"type":"tilelayer","visible":true,"width":39,"x":0,"y":0},{"draworder":"topdown","name":"Chars","objects":[{"gid":19,"height":64,"id":1,"name":"","rotation":0,"type":"","visible":true,"width":64,"x":48,"y":128},{"gid":18,"height":64,"id":2,"name":"","rotation":0,"type":"","visible":true,"width":64,"x":1136,"y":896},{"gid":17,"height":64,"id":3,"name":"","rotation":0,"type":"","visible":true,"width":64,"x":1136,"y":896},{"gid":16,"height":64,"id":4,"name":"","rotation":0,"type":"","visible":true,"width":64,"x":48,"y":128},{"gid":20,"height":64,"id":5,"name":"","rotation":0,"type":"","visible":true,"width":64,"x":304,"y":240},{"gid":20,"height":64,"id":6,"name":"","rotation":0,"type":"","visible":true,"width":64,"x":624,"y":144},{"gid":20,"height":64,"id":7,"name":"","rotation":0,"type":"","visible":true,"width":64,"x":576,"y":336},{"gid":20,"height":64,"id":8,"name":"","rotation":0,"type":"","visible":true,"width":64,"x":800,"y":464},{"gid":20,"height":64,"id":9,"name":"","rotation":0,"type":"","visible":true,"width":64,"x":544,"y":832},{"gid":20,"height":64,"id":10,"name":"","rotation":0,"type":"","visible":true,"width":64,"x":96,"y":704},{"gid":21,"height":64,"id":11,"name":"","rotation":0,"type":"","visible":true,"width":64,"x":352,"y":832},{"gid":21,"height":64,"id":12,"name":"","rotation":0,"type":"","visible":true,"width":64,"x":672,"y":464},{"gid":21,"height":64,"id":13,"name":"","rotation":0,"type":"","visible":true,"width":64,"x":464,"y":144},{"gid":21,"height":64,"id":14,"name":"","rotation":0,"type":"","visible":true,"width":64,"x":864,"y":336},{"gid":21,"height":64,"id":15,"name":"","rotation":0,"type":"","visible":true,"width":64,"x":48,"y":352},{"gid":21,"height":64,"id":16,"name":"","rotation":0,"type":"","visible":true,"width":64,"x":816,"y":800}],"opacity":1,"type":"objectgroup","visible":true,"x":0,"y":0},{"draworder":"topdown","name":"Objects","objects":[{"height":0,"id":18,"name":"","polyline":[{"x":0,"y":0},{"x":0,"y":128}],"properties":{"barWidth":4.8,"fullRotation":true},"propertytypes":{"barWidth":"float","fullRotation":"bool"},"rotation":0,"type":"hanging","visible":true,"width":0,"x":576,"y":48},{"height":0,"id":19,"name":"","polyline":[{"x":0,"y":0},{"x":0,"y":96}],"properties":{"barWidth":4.8,"fullRotation":true},"propertytypes":{"barWidth":"float","fullRotation":"bool"},"rotation":0,"type":"hanging","visible":true,"width":0,"x":752,"y":240},{"height":0,"id":20,"name":"","polyline":[{"x":0,"y":0},{"x":0,"y":88}],"properties":{"barWidth":4.8,"fullRotation":true},"propertytypes":{"barWidth":"float","fullRotation":"bool"},"rotation":0,"type":"hanging","visible":true,"width":0,"x":768,"y":408},{"height":0,"id":21,"name":"","polyline":[{"x":0,"y":0},{"x":0,"y":144}],"properties":{"barWidth":4.8,"fullRotation":true},"propertytypes":{"barWidth":"float","fullRotation":"bool"},"rotation":0,"type":"hanging","visible":true,"width":0,"x":480,"y":696}],"opacity":1,"type":"objectgroup","visible":true,"x":0,"y":0}],"nextobjectid":22,"orientation":"orthogonal","renderorder":"right-down","tiledversion":"1.1.3","tileheight":32,"tilesets":[{"firstgid":1,"source":"../../../assets/tilemaps/tilesets/Ground.json"},{"firstgid":16,"source":"../../../assets/tilemaps/tilesets/Chars.json"}],"tilewidth":32,"type":"map","version":1,"width":39}