{"height":29,"infinite":false,"layers":[{"data":[1,1,1,1,1,1,1,1,1,1,1,1,1,1,1,1,1,1,1,1,1,1,1,1,1,1,1,1,1,1,1,1,1,1,1,1,1,1,1,1,5,0,0,0,0,0,0,0,0,0,0,0,0,0,0,0,0,0,0,0,0,0,0,0,0,0,0,0,0,0,0,0,4,1,1,1,1,1,1,0,0,0,0,0,0,0,0,0,0,0,0,0,0,0,0,0,0,0,0,0,0,0,0,0,0,0,0,0,0,0,0,0,4,1,1,1,1,1,0,0,0,0,0,0,0,0,0,0,0,0,0,0,0,0,0,0,0,0,0,0,0,0,0,0,0,0,0,0,0,0,0,0,0,4,1,1,1,0,0,0,0,0,0,0,0,0,0,0,0,0,0,0,0,0,0,0,0,0,0,0,0,0,0,0,0,0,0,0,0,0,0,0,0,4,1,1,1,1,1,1,14,14,3,0,0,0,0,0,0,0,0,0,0,0,0,0,0,0,12,1,1,6,6,6,6,1,13,0,0,0,0,0,0,1,1,1,1,1,1,1,1,1,3,0,0,0,0,0,0,0,0,0,0,0,0,0,12,1,1,1,1,1,1,1,1,1,13,0,0,0,0,0,1,1,1,1,1,1,1,1,5,4,13,0,0,0,0,0,2,1,7,7,7,7,1,5,0,0,0,0,0,0,0,0,0,4,13,0,0,0,0,1,1,0,0,4,1,1,5,0,0,4,6,6,6,6,6,1,5,0,0,0,0,0,0,0,0,0,0,0,0,0,0,0,0,5,0,0,0,0,1,1,0,0,0,4,1,0,0,0,0,4,1,5,0,0,0,0,0,0,0,0,0,0,0,0,0,0,0,0,0,0,0,0,0,0,0,0,12,1,1,0,0,0,0,1,0,0,0,0,0,1,0,0,0,0,0,0,0,0,0,0,0,0,0,0,0,0,0,0,0,0,0,0,0,0,12,1,1,1,0,0,0,0,1,0,0,0,0,0,1,0,0,0,0,0,0,0,0,0,0,0,0,0,0,0,0,0,0,0,0,0,0,0,12,1,1,1,1,0,0,0,0,1,0,0,0,0,0,4,0,0,2,1,3,0,0,0,0,0,0,2,7,7,7,7,3,0,0,0,0,0,12,1,1,1,1,1,0,0,0,2,1,0,0,0,0,0,0,0,0,1,1,1,1,6,6,6,6,1,5,0,0,0,0,1,3,0,0,0,2,5,0,0,4,1,1,0,0,2,1,1,0,0,0,13,0,0,0,0,4,1,1,1,1,1,1,1,5,0,0,0,0,0,1,1,1,1,1,5,0,0,0,0,1,1,0,2,1,1,5,0,0,0,4,13,0,0,0,0,0,0,0,0,0,0,0,0,0,0,0,0,0,1,0,0,0,0,0,0,0,0,0,1,1,0,1,1,5,0,0,0,0,0,4,13,0,0,0,0,0,0,0,0,0,0,0,0,12,0,0,0,1,0,0,0,0,0,0,0,0,0,1,1,0,0,0,0,0,0,0,0,0,0,4,13,0,0,0,0,0,0,0,0,0,0,2,5,0,0,0,1,0,0,0,0,0,0,0,0,0,1,1,0,0,0,0,0,0,0,0,0,0,0,4,14,14,14,14,14,14,14,14,14,14,5,0,0,0,12,1,0,0,0,0,2,1,1,1,1,1,1,0,0,0,0,0,0,0,0,0,0,0,0,0,0,0,0,0,0,0,0,0,0,0,0,0,12,1,1,0,0,0,0,0,0,0,0,0,1,1,0,0,0,0,0,0,0,0,0,0,0,0,0,0,0,0,0,0,0,0,0,0,0,0,12,1,1,1,0,0,0,0,0,0,0,0,0,1,1,0,0,0,12,14,14,14,3,0,0,0,0,0,0,0,0,0,0,0,0,0,0,0,12,5,0,4,1,1,1,1,3,0,0,0,0,0,1,1,0,0,12,5,0,0,0,4,14,14,14,14,14,14,14,14,14,14,14,14,14,14,14,5,0,0,0,4,1,1,1,1,3,0,0,0,0,1,1,0,0,0,0,0,0,0,0,0,0,0,0,0,0,0,0,0,0,0,0,0,0,0,0,0,0,0,0,0,0,0,0,0,0,0,0,0,1,1,0,0,0,0,0,0,0,0,0,0,0,0,0,0,0,0,0,0,0,0,0,0,0,0,0,0,0,0,0,0,0,0,0,0,0,2,1,1,1,3,0,0,0,0,0,0,0,0,0,0,0,0,0,0,0,0,0,0,0,0,0,0,0,0,0,0,0,0,0,0,0,0,0,2,1,1,1,1,1,3,0,0,0,0,0,0,0,0,0,0,0,0,0,0,0,0,0,0,0,0,0,0,0,0,0,0,0,0,0,0,0,2,1,1,1,1,1,1,1,1,1,1,1,1,1,1,8,8,8,8,1,1,1,1,1,1,1,8,8,8,8,1,1,14,14,1,1,14,14,14,1,1,1,1,1,1,1,1,1,1,1,1,1,1,1,1,1,1,1,1,1,1,1,1,1,1,1,1,1,1,1,1,1,1,1,1,1,1,1,1,1,1,1,1],"height":29,"name":"Ground","opacity":1,"type":"tilelayer","visible":true,"width":39,"x":0,"y":0},{"draworder":"topdown","name":"Chars","objects":[{"gid":16,"height":64,"id":1,"name":"","rotation":0,"type":"","visible":true,"width":64,"x":32,"y":160},{"gid":17,"height":64,"id":2,"name":"","rotation":0,"type":"","visible":true,"width":64,"x":96,"y":160},{"gid":19,"height":64,"id":3,"name":"","rotation":0,"type":"","visible":true,"width":64,"x":944,"y":672},{"gid":18,"height":64,"id":4,"name":"","rotation":0,"type":"","visible":true,"width":64,"x":1136,"y":576},{"gid":20,"height":64,"id":5,"name":"","rotation":0,"type":"","visible":true,"width":64,"x":368,"y":128},{"gid":20,"height":64,"id":6,"name":"","rotation":0,"type":"","visible":true,"width":64,"x":928,"y":128},{"gid":20,"height":64,"id":7,"name":"","rotation":0,"type":"","visible":true,"width":64,"x":992,"y":320},{"gid":20,"height":64,"id":8,"name":"","rotation":0,"type":"","visible":true,"width":64,"x":672,"y":560},{"gid":20,"height":64,"id":9,"name":"","rotation":0,"type":"","visible":true,"width":64,"x":272,"y":848},{"gid":21,"height":64,"id":10,"name":"","rotation":0,"type":"","visible":true,"width":64,"x":608,"y":848},{"gid":21,"height":64,"id":11,"name":"","rotation":0,"type":"","visible":true,"width":64,"x":64,"y":816},{"gid":21,"height":64,"id":12,"name":"","rotation":0,"type":"","visible":true,"width":64,"x":208,"y":512},{"gid":21,"height":64,"id":13,"name":"","rotation":0,"type":"","visible":true,"width":64,"x":768,"y":320},{"gid":21,"height":64,"id":14,"name":"","rotation":0,"type":"","visible":true,"width":64,"x":608,"y":160}],"opacity":1,"type":"objectgroup","visible":true,"x":0,"y":0},{"draworder":"topdown","name":"Objects","objects":[],"opacity":1,"type":"objectgroup","visible":true,"x":0,"y":0}],"nextobjectid":15,"orientation":"orthogonal","renderorder":"right-down","tiledversion":"1.1.3","tileheight":32,"tilesets":[{"firstgid":1,"source":"../../../assets/tilemaps/tilesets/Ground.json"},{"firstgid":16,"source":"../../../assets/tilemaps/tilesets/Chars.json"},{"firstgid":24,"source":"../../../assets/tilemaps/tilesets/LargeObjects.json"},{"firstgid":27,"source":"../../../assets/tilemaps/tilesets/Objects.json"}],"tilewidth":32,"type":"map","version":1,"width":39}