{"height":29,"infinite":false,"layers":[{"data":[1,1,1,1,1,1,1,1,1,1,1,1,1,1,1,1,1,1,1,1,1,1,1,1,1,1,1,1,1,1,1,1,1,1,1,1,1,1,1,1,1,5,0,0,0,0,0,0,0,0,0,0,0,0,1,1,1,0,0,1,0,0,1,1,1,5,0,0,0,0,0,0,0,0,0,0,4,1,1,5,0,0,0,0,0,0,0,0,0,0,0,0,0,1,1,1,0,0,1,0,0,1,1,1,0,0,0,0,0,0,0,0,0,0,0,0,1,1,0,0,0,0,0,0,0,0,0,0,0,0,0,0,4,1,1,0,0,1,0,0,1,1,1,0,0,0,0,0,0,0,0,0,0,0,0,1,1,0,0,0,0,0,0,0,0,0,0,0,0,0,0,0,0,4,0,0,1,0,0,1,1,1,0,0,0,0,0,0,0,0,0,0,0,0,1,1,0,0,0,0,0,0,0,0,0,0,0,0,0,0,0,0,0,0,0,1,0,0,1,1,1,0,0,0,0,0,0,12,3,0,0,0,0,1,1,0,0,0,0,3,0,0,0,0,0,0,0,0,0,0,0,0,0,0,4,0,0,1,1,1,3,0,0,0,0,12,1,1,3,0,0,0,1,1,0,0,0,0,1,1,1,3,0,0,0,0,0,0,0,0,0,0,0,0,0,0,4,1,1,1,1,1,1,1,1,5,0,0,0,0,0,1,1,0,0,0,0,1,1,1,1,0,0,0,0,0,0,0,0,0,0,0,0,0,0,0,1,5,0,0,0,0,0,1,0,0,0,0,0,2,1,1,0,0,0,2,1,1,1,1,0,0,0,0,0,0,0,0,0,0,0,0,0,0,0,1,0,0,0,0,0,0,1,0,0,0,0,2,1,1,1,0,0,0,0,0,0,4,1,7,7,7,7,3,0,0,0,0,0,0,0,0,0,2,5,0,0,0,0,0,0,1,13,0,0,0,0,0,1,1,0,0,0,0,0,0,0,4,1,1,1,1,1,3,0,0,0,0,0,0,0,0,1,0,0,0,0,0,0,0,1,1,3,0,0,0,0,1,1,13,0,0,0,0,0,0,0,1,1,5,0,0,4,13,0,0,0,0,0,0,0,5,0,0,12,1,1,1,1,1,1,1,13,0,0,0,1,1,4,3,0,12,14,0,0,0,1,5,0,0,0,0,4,13,0,0,0,0,0,0,0,0,12,5,0,0,0,0,4,1,1,1,3,0,0,1,1,0,4,14,5,0,0,0,2,5,0,0,0,0,0,0,4,13,0,0,0,0,0,0,12,5,0,0,0,0,0,0,0,0,4,1,3,0,1,1,0,0,0,0,0,0,0,1,0,0,0,0,0,13,0,0,0,0,0,0,0,0,2,5,0,0,0,0,0,0,0,0,0,0,1,0,0,1,1,0,0,0,0,0,0,12,1,0,0,0,0,0,1,13,0,0,0,0,0,0,0,0,0,0,0,0,0,0,0,0,0,0,0,1,0,0,1,1,0,0,0,0,0,2,1,1,0,0,0,0,0,1,1,3,0,0,0,0,0,0,0,0,0,0,0,0,0,0,0,0,0,0,1,0,0,1,1,0,0,0,0,2,1,1,1,0,0,0,0,2,1,1,1,15,15,15,15,15,15,15,15,15,15,15,1,0,0,2,1,1,1,1,0,2,1,1,0,0,4,1,5,0,0,1,0,0,0,2,5,0,0,1,0,0,0,0,0,0,0,0,0,0,0,0,0,0,1,0,0,0,1,0,0,1,1,0,0,0,0,0,0,0,4,13,0,0,0,0,0,0,1,0,0,0,0,0,0,0,0,0,0,0,0,0,0,1,0,0,0,1,0,0,1,1,3,0,0,0,0,0,0,0,4,3,0,0,0,0,0,4,1,1,1,3,0,0,0,0,0,0,0,0,0,2,1,0,0,0,1,3,0,1,1,1,13,0,0,0,0,0,0,0,4,3,0,0,0,0,0,0,0,4,1,7,7,7,7,7,7,1,1,1,1,1,0,0,2,1,5,0,1,1,0,4,13,0,0,0,0,0,0,0,4,14,13,0,0,0,0,0,0,0,0,0,0,0,0,0,0,0,4,1,1,0,2,5,0,0,0,1,1,0,0,4,14,1,5,0,0,0,0,0,1,1,3,0,0,0,0,0,0,0,0,0,0,0,0,0,0,0,4,1,1,5,0,0,0,0,1,1,0,0,0,0,0,0,0,0,0,2,1,1,1,1,3,0,12,3,0,0,0,0,0,0,0,0,0,0,0,0,0,0,0,0,0,0,2,1,1,0,0,0,0,0,0,0,0,2,1,1,0,0,1,1,14,1,1,3,0,0,0,0,0,0,12,3,0,0,0,0,0,0,0,0,2,1,1,1,3,0,0,0,0,0,0,12,1,1,0,0,0,0,1,1,1,1,1,14,14,1,1,1,14,1,1,1,1,7,7,7,7,7,7,1,1,1,1,1,1,1,1,1,1,1,1,1,1,1,1,1,1,1,1,1,1,1,1,1,1,1,1,1,1,1,1,1,1,1,1,1,1,1,1,1,1],"height":29,"name":"Ground","opacity":1,"type":"tilelayer","visible":true,"width":39,"x":0,"y":0},{"draworder":"topdown","name":"Chars","objects":[{"gid":17,"height":64,"id":1,"name":"","rotation":0,"type":"","visible":true,"width":64,"x":192,"y":224},{"gid":16,"height":64,"id":2,"name":"","rotation":0,"type":"","visible":true,"width":64,"x":688,"y":864},{"gid":19,"height":64,"id":3,"name":"","rotation":0,"type":"","visible":true,"width":64,"x":752,"y":864},{"gid":18,"height":64,"id":4,"name":"","rotation":0,"type":"","visible":true,"width":64,"x":1040,"y":576},{"gid":22,"height":64,"id":5,"name":"","rotation":0,"type":"","visible":true,"width":64,"x":896,"y":352}],"opacity":1,"type":"objectgroup","visible":true,"x":0,"y":0},{"draworder":"topdown","name":"Objects","objects":[{"gid":27,"height":64,"id":6,"name":"","properties":{"group":3},"propertytypes":{"group":"int"},"rotation":0,"type":"","visible":true,"width":64,"x":128,"y":928},{"gid":27,"height":64,"id":7,"name":"","properties":{"group":1},"propertytypes":{"group":"int"},"rotation":0,"type":"","visible":true,"width":64,"x":640,"y":896},{"gid":29,"height":64,"id":8,"name":"","properties":{"group":5},"propertytypes":{"group":"int"},"rotation":0,"type":"","visible":true,"width":64,"x":544,"y":704},{"height":32,"id":9,"name":"","properties":{"dx":3,"group":3},"propertytypes":{"dx":"int","group":"int"},"rotation":0,"type":"platform","visible":true,"width":96,"x":544,"y":96},{"height":32,"id":10,"name":"","properties":{"dx":-3,"group":1},"propertytypes":{"dx":"int","group":"int"},"rotation":0,"type":"platform","visible":true,"width":96,"x":672,"y":96},{"gid":32,"height":64,"id":11,"name":"","properties":{"color":"blue","group":8,"initialState":1},"propertytypes":{"color":"string","group":"int","initialState":"int"},"rotation":90,"type":"","visible":true,"width":64,"x":576,"y":0},{"gid":32,"height":64,"id":12,"name":"","properties":{"color":"red","group":8,"initialState":1},"propertytypes":{"color":"string","group":"int","initialState":"int"},"rotation":90,"type":"","visible":true,"width":64,"x":672,"y":0},{"height":32,"id":13,"name":"","properties":{"dx":5},"propertytypes":{"dx":"int"},"rotation":0,"type":"platform","visible":true,"width":160,"x":576,"y":224},{"gid":41,"height":64,"id":15,"name":"","properties":{"time":4000},"propertytypes":{"time":"int"},"rotation":0,"type":"","visible":true,"width":64,"x":896,"y":256},{"height":32,"id":16,"name":"","properties":{"dx":-3,"group":5},"propertytypes":{"dx":"int","group":"int"},"rotation":0,"type":"platform","visible":true,"width":96,"x":768,"y":384}],"opacity":1,"type":"objectgroup","visible":true,"x":0,"y":0}],"nextobjectid":57,"orientation":"orthogonal","renderorder":"right-down","tiledversion":"1.1.3","tileheight":32,"tilesets":[{"firstgid":1,"source":"../../../assets/tilemaps/tilesets/Ground.json"},{"firstgid":16,"source":"../../../assets/tilemaps/tilesets/Chars.json"},{"firstgid":24,"source":"../../../assets/tilemaps/tilesets/LargeObjects.json"},{"firstgid":27,"source":"../../../assets/tilemaps/tilesets/Objects.json"}],"tilewidth":32,"type":"map","version":1,"width":39}