{"height":29,"infinite":false,"layers":[{"data":[1,1,1,1,1,1,1,1,1,1,1,1,1,1,1,1,1,1,1,1,1,1,1,1,1,1,1,1,1,1,1,1,1,1,1,1,1,1,1,1,1,5,0,0,0,0,0,0,0,0,0,0,0,0,0,0,0,0,0,0,0,0,0,0,0,0,0,0,0,0,0,0,0,0,0,4,1,1,1,5,0,0,0,0,0,0,0,0,0,0,0,0,0,0,0,0,0,0,0,0,0,0,0,0,0,0,0,0,0,0,0,0,0,0,0,4,1,1,0,0,0,0,0,0,0,0,0,0,0,0,0,0,0,0,0,0,0,0,0,0,0,0,0,0,0,0,0,0,0,0,0,0,0,0,0,1,1,0,0,0,0,0,0,0,0,0,12,14,13,0,0,0,0,0,0,0,0,0,0,0,0,0,0,0,0,0,0,0,0,0,0,0,0,0,1,1,0,0,0,0,0,0,0,0,12,5,0,4,13,0,0,0,0,0,0,0,0,0,0,0,0,0,0,12,14,3,0,0,0,0,0,0,0,1,1,0,0,0,0,0,0,0,12,5,0,0,0,1,1,1,8,8,8,8,1,1,1,8,8,8,8,1,1,1,1,1,1,1,5,0,0,0,1,1,0,0,0,0,0,0,12,5,0,0,0,2,1,1,1,1,1,1,1,1,1,1,1,1,1,1,1,1,1,1,1,1,5,0,0,0,0,1,1,0,0,0,0,0,0,0,0,0,0,0,1,1,5,0,0,0,0,0,0,0,0,0,4,1,1,5,0,4,1,1,1,0,0,0,0,0,1,1,3,0,0,0,0,0,0,0,0,0,0,1,5,0,0,0,0,0,0,0,0,0,0,0,4,1,0,0,0,1,1,1,0,0,0,0,0,1,1,1,1,1,1,3,0,0,0,0,0,0,1,0,0,0,0,0,0,0,0,0,0,0,0,0,1,0,0,0,0,0,0,0,0,0,0,0,1,1,5,0,0,0,4,3,0,0,0,0,0,1,0,0,0,0,0,0,0,0,0,0,0,0,0,1,0,0,0,0,0,0,0,0,0,0,0,1,1,0,0,0,0,0,0,0,0,2,0,0,1,0,0,0,0,0,0,0,0,0,0,0,0,0,1,1,1,1,1,1,3,0,0,0,0,0,1,1,0,0,0,0,0,0,0,0,1,0,0,1,0,0,0,0,2,1,1,1,1,1,1,0,0,1,0,0,0,0,0,4,3,0,0,0,0,1,1,0,0,0,0,0,0,0,2,5,0,0,1,0,0,0,0,4,1,1,1,1,1,1,0,0,1,0,0,0,0,0,0,0,0,0,0,0,1,1,0,0,0,0,0,0,12,1,0,0,0,4,1,3,0,0,0,0,4,1,1,1,1,0,0,1,0,0,0,0,0,0,0,0,0,0,0,1,1,0,0,0,0,0,12,5,1,0,0,0,0,0,1,0,0,0,0,0,0,0,4,1,0,0,1,0,0,0,0,0,0,0,0,0,0,0,1,1,0,0,0,2,1,5,0,1,0,0,0,0,0,4,3,0,0,0,0,0,0,0,1,0,0,1,0,0,1,1,1,1,1,1,1,1,1,1,1,13,0,0,0,0,0,0,1,0,0,0,0,0,0,1,0,0,0,0,0,0,0,1,0,0,1,0,0,1,1,1,1,1,5,0,0,0,1,1,4,3,0,0,0,0,0,1,0,0,0,0,0,0,4,3,0,0,0,0,0,0,4,0,0,1,0,0,1,1,1,1,5,0,0,0,0,1,1,0,4,3,0,0,0,0,1,0,0,0,0,0,0,0,1,0,0,0,0,0,0,0,0,0,1,0,0,1,5,0,0,0,0,0,0,0,1,1,0,0,4,0,0,0,0,1,0,0,0,0,0,0,0,4,3,0,0,0,0,0,0,0,0,1,0,0,1,0,0,0,0,0,0,0,0,1,1,0,0,0,0,0,0,2,5,0,0,3,0,0,0,0,0,4,3,0,0,0,0,0,0,0,1,0,0,1,0,0,0,2,0,0,0,0,1,1,0,0,0,0,0,2,5,0,0,0,1,0,0,0,0,0,0,4,3,0,0,0,0,0,0,4,0,0,5,0,0,0,1,0,0,0,0,1,1,0,0,0,0,2,5,0,0,0,0,1,0,0,0,0,0,0,0,4,3,0,0,0,0,0,0,0,0,0,0,0,0,1,0,0,0,0,1,1,0,0,0,2,5,0,0,0,0,0,1,0,0,0,0,0,0,0,0,0,0,0,0,0,0,0,0,0,0,0,0,0,1,0,0,0,0,1,1,3,0,0,0,0,0,0,0,0,0,1,0,0,0,0,0,0,0,0,0,0,0,0,0,0,0,0,0,0,0,0,0,1,0,0,0,0,1,1,1,3,0,0,0,0,0,0,0,2,1,3,0,0,0,0,0,0,0,0,0,0,0,0,0,0,0,0,0,0,0,2,1,0,0,0,0,1,1,1,1,1,1,1,1,1,1,1,1,1,1,1,1,1,1,1,1,1,1,1,1,1,1,1,1,1,1,1,1,1,1,1,1,1,1,1,1],"height":29,"name":"Ground","opacity":1,"type":"tilelayer","visible":true,"width":39,"x":0,"y":0},{"draworder":"topdown","name":"Chars","objects":[{"gid":16,"height":64,"id":1,"name":"","rotation":0,"type":"","visible":true,"width":64,"x":544,"y":896},{"gid":17,"height":64,"id":2,"name":"","rotation":0,"type":"","visible":true,"width":64,"x":224,"y":896},{"gid":18,"height":64,"id":3,"name":"","rotation":0,"type":"","visible":true,"width":64,"x":1120,"y":896},{"gid":19,"height":64,"id":4,"name":"","rotation":0,"type":"","visible":true,"width":64,"x":1120,"y":544},{"gid":22,"height":64,"id":5,"name":"","rotation":0,"type":"","visible":true,"width":64,"x":880,"y":344}],"opacity":1,"type":"objectgroup","visible":true,"x":0,"y":0},{"draworder":"topdown","name":"Objects","objects":[{"gid":23,"height":64,"id":6,"name":"","properties":{"group":2},"propertytypes":{"group":"int"},"rotation":0,"type":"","visible":true,"width":64,"x":896,"y":928},{"gid":23,"height":64,"id":7,"name":"","properties":{"group":3},"propertytypes":{"group":"int"},"rotation":0,"type":"","visible":true,"width":64,"x":704,"y":928},{"gid":23,"height":64,"id":8,"name":"","properties":{"group":1},"propertytypes":{"group":"int"},"rotation":0,"type":"","visible":true,"width":64,"x":448,"y":928},{"gid":23,"height":64,"id":9,"name":"","properties":{"group":5},"propertytypes":{"group":"int"},"rotation":0,"type":"","visible":true,"width":64,"x":64,"y":352},{"height":32,"id":10,"name":"","properties":{"dx":2,"group":3},"propertytypes":{"dx":"int","group":"int"},"rotation":0,"type":"platform","visible":true,"width":64,"x":768,"y":416},{"height":32,"id":11,"name":"","properties":{"dx":-2,"group":3},"propertytypes":{"dx":"int","group":"int"},"rotation":0,"type":"platform","visible":true,"width":64,"x":864,"y":544},{"height":96,"id":12,"name":"","properties":{"dx":0,"dy":3,"group":2},"propertytypes":{"dx":"int","dy":"int","group":"int"},"rotation":0,"type":"platform","visible":true,"width":32,"x":960,"y":320},{"height":96,"id":13,"name":"","properties":{"dx":0,"dy":3,"group":1},"propertytypes":{"dx":"int","dy":"int","group":"int"},"rotation":0,"type":"platform","visible":true,"width":32,"x":992,"y":320},{"height":96,"id":14,"name":"","properties":{"dx":0,"dy":3,"group":5},"propertytypes":{"dx":"int","dy":"int","group":"int"},"rotation":0,"type":"platform","visible":true,"width":32,"x":1024,"y":320},{"gid":27,"height":64,"id":15,"name":"","rotation":0,"type":"","visible":true,"width":64,"x":960,"y":544},{"gid":27,"height":64,"id":16,"name":"","rotation":0,"type":"","visible":true,"width":64,"x":608,"y":416}],"opacity":1,"type":"objectgroup","visible":true,"x":0,"y":0}],"nextobjectid":17,"orientation":"orthogonal","renderorder":"right-down","tiledversion":"1.1.3","tileheight":32,"tilesets":[{"firstgid":1,"source":"../../../assets/tilemaps/tilesets/Ground.json"},{"firstgid":16,"source":"../../../assets/tilemaps/tilesets/Chars.json"},{"firstgid":23,"source":"../../../assets/tilemaps/tilesets/Objects.json"}],"tilewidth":32,"type":"map","version":1,"width":39}