{"height":29,"infinite":false,"layers":[{"data":[1,1,1,1,1,1,1,1,1,1,1,1,1,1,1,1,1,1,1,1,1,1,1,1,1,1,1,1,1,1,1,1,1,1,1,1,1,1,1,1,0,0,0,0,0,0,0,0,0,0,0,0,0,0,0,0,0,0,0,0,0,0,0,0,0,0,0,0,0,0,0,0,0,0,0,0,0,1,1,0,0,0,0,0,0,0,0,0,0,0,0,0,0,0,0,0,0,0,0,0,0,0,0,0,0,0,0,0,0,0,0,0,0,0,0,0,1,1,0,0,0,0,0,0,0,0,0,0,0,0,0,0,0,0,0,0,0,0,0,0,0,0,0,0,0,0,0,0,0,0,0,0,0,0,0,1,1,0,0,0,0,0,0,0,0,0,0,0,0,0,0,0,0,2,1,1,1,1,1,1,1,1,1,13,0,0,0,0,0,0,0,0,0,0,1,1,0,0,0,0,0,0,2,1,1,1,3,0,0,0,0,0,0,0,0,0,0,0,0,0,0,0,4,13,0,0,0,0,0,0,0,0,2,1,1,0,0,0,0,0,0,0,0,0,4,1,3,0,0,0,0,0,0,0,0,0,0,0,0,0,0,0,1,1,1,1,0,0,1,1,1,1,1,1,0,0,0,3,0,0,0,0,0,0,4,1,0,0,0,0,0,0,3,0,0,0,0,0,0,0,2,1,1,1,1,3,0,0,0,0,4,1,1,0,0,2,1,1,1,1,1,1,3,0,1,0,0,0,0,0,2,1,0,0,6,6,6,6,6,1,1,1,1,1,1,1,1,1,3,0,1,1,0,0,0,0,0,0,0,0,0,1,0,1,3,0,12,14,14,1,1,3,0,0,0,0,0,0,0,0,0,0,0,0,0,0,4,1,0,1,1,0,0,0,0,0,0,0,0,0,1,0,4,1,1,1,1,1,1,1,1,1,1,1,1,1,1,1,1,1,1,1,1,1,3,0,1,0,1,1,1,1,3,0,0,0,0,0,0,1,3,0,0,0,0,0,0,0,0,0,0,0,0,0,0,0,0,0,0,0,0,0,2,1,0,1,0,1,1,0,0,0,0,0,3,0,0,0,1,1,1,1,1,1,1,1,1,1,1,1,1,1,1,1,1,1,1,1,3,0,2,1,5,0,1,0,1,1,0,0,0,0,0,1,0,0,0,1,0,0,0,0,1,5,0,0,0,4,1,1,1,1,1,1,1,1,1,1,1,1,5,0,2,5,0,1,1,0,0,0,12,1,1,0,0,0,1,0,0,0,0,1,0,0,0,0,0,0,0,0,0,0,0,0,0,0,0,0,0,0,2,5,0,2,1,1,0,0,12,5,0,4,0,0,0,5,0,0,0,0,4,3,0,2,1,1,1,1,1,1,1,0,0,0,1,1,1,1,1,5,0,2,5,1,1,0,0,0,0,0,0,0,0,0,0,0,0,0,0,0,4,1,1,5,0,0,0,0,0,0,0,0,0,0,0,0,0,0,0,2,5,0,1,1,0,0,0,0,0,0,0,0,0,0,0,0,0,0,0,0,0,1,0,2,1,1,1,1,1,0,0,2,1,1,1,1,1,1,5,0,0,1,1,0,0,0,0,0,0,0,0,0,0,0,0,0,0,0,0,0,1,0,4,1,1,1,1,1,3,0,4,1,1,1,1,5,1,0,0,0,1,1,0,0,0,2,1,1,5,0,4,1,13,0,0,0,0,0,0,4,3,0,0,4,1,1,1,1,3,0,0,4,1,5,0,1,0,0,0,1,1,0,0,0,0,0,0,0,0,0,0,4,13,0,0,0,0,0,0,1,3,0,2,1,5,0,4,1,3,0,2,1,0,0,1,0,0,0,1,1,0,0,0,0,0,0,0,0,0,0,0,4,13,0,0,0,0,0,4,1,1,1,5,0,0,0,4,1,1,1,5,0,0,1,0,0,0,1,1,3,0,0,0,0,0,0,0,0,0,0,0,4,13,0,0,0,0,0,0,0,0,0,0,0,0,0,0,0,0,0,0,0,4,0,0,0,1,1,1,1,1,1,1,1,1,1,1,3,0,0,0,4,13,0,0,0,0,0,0,0,0,0,0,0,0,0,0,0,0,0,0,0,0,0,0,1,1,0,0,0,0,0,0,4,1,1,1,3,0,0,0,4,3,0,0,0,0,0,0,0,0,0,0,0,0,0,0,0,0,0,0,0,0,0,1,1,0,0,0,0,0,0,0,0,0,0,0,0,0,0,0,1,0,0,0,0,0,0,0,0,0,0,0,0,0,0,0,0,0,0,0,0,0,1,1,0,0,0,0,0,0,0,0,0,0,0,0,0,0,0,1,0,0,0,0,0,0,0,0,0,0,0,0,0,0,0,0,0,0,0,0,0,1,1,0,0,0,0,0,0,0,0,0,0,0,0,0,2,1,1,1,1,1,1,7,7,7,7,1,1,1,1,1,1,1,1,1,1,1,1,1,1,1,1,1,1,1,1,1,1,1,1,1,1,1,1,1,1,1,1,1,1,1,1,1,1,1,1,1,1,1,1,1,1,1,1,1,1,1,1,1],"height":29,"name":"Ground","opacity":1,"type":"tilelayer","visible":true,"width":39,"x":0,"y":0},{"draworder":"topdown","name":"Chars","objects":[{"gid":16,"height":64,"id":1,"name":"","rotation":0,"type":"","visible":true,"width":64,"x":672,"y":128},{"gid":17,"height":64,"id":2,"name":"","rotation":0,"type":"","visible":true,"width":64,"x":928,"y":864},{"gid":18,"height":64,"id":3,"name":"","rotation":0,"type":"","visible":true,"width":64,"x":64,"y":896},{"gid":19,"height":64,"id":4,"name":"","rotation":0,"type":"","visible":true,"width":64,"x":160,"y":896},{"gid":22,"height":64,"id":5,"name":"","rotation":0,"type":"","visible":true,"width":64,"x":1136,"y":664}],"opacity":1,"type":"objectgroup","visible":true,"x":0,"y":0},{"draworder":"topdown","name":"Objects","objects":[{"height":32,"id":9,"name":"","properties":{"dx":0,"dy":4,"group":5},"propertytypes":{"dx":"int","dy":"int","group":"int"},"rotation":0,"type":"platform","visible":true,"width":96,"x":224,"y":608},{"height":32,"id":10,"name":"","properties":{"dx":0,"dy":-2,"group":0},"propertytypes":{"dx":"int","dy":"int","group":"int"},"rotation":0,"type":"platform","visible":true,"width":96,"x":832,"y":480},{"height":32,"id":11,"name":"","properties":{"dx":0,"dy":-3,"group":1},"propertytypes":{"dx":"int","dy":"int","group":"int"},"rotation":0,"type":"platform","visible":true,"width":96,"x":1120,"y":704},{"height":96,"id":12,"name":"","properties":{"dx":0,"dy":-3,"group":2},"propertytypes":{"dx":"int","dy":"int","group":"int"},"rotation":0,"type":"platform","visible":true,"width":32,"x":288,"y":800},{"gid":24,"height":64,"id":15,"name":"","rotation":0,"type":"","visible":true,"width":64,"x":912,"y":704},{"gid":24,"height":64,"id":16,"name":"","properties":{"group":1},"propertytypes":{"group":"int"},"rotation":0,"type":"","visible":true,"width":64,"x":656,"y":704},{"gid":24,"height":64,"id":17,"name":"","properties":{"group":2},"propertytypes":{"group":"int"},"rotation":0,"type":"","visible":true,"width":64,"x":528,"y":544},{"gid":24,"height":64,"id":18,"name":"","properties":{"group":5},"propertytypes":{"group":"int"},"rotation":0,"type":"","visible":true,"width":64,"x":976,"y":448},{"gid":34,"height":64,"id":20,"name":"","rotation":0,"type":"","visible":true,"width":64,"x":1152,"y":192},{"gid":34,"height":64,"id":21,"name":"","rotation":0,"type":"","visible":true,"width":64,"x":960,"y":192},{"gid":34,"height":64,"id":22,"name":"","rotation":0,"type":"","visible":true,"width":64,"x":768,"y":272},{"gid":34,"height":64,"id":23,"name":"","rotation":0,"type":"","visible":true,"width":64,"x":192,"y":256}],"opacity":1,"type":"objectgroup","visible":true,"x":0,"y":0}],"nextobjectid":25,"orientation":"orthogonal","renderorder":"right-down","tiledversion":"1.1.3","tileheight":32,"tilesets":[{"firstgid":1,"source":"../../../assets/tilemaps/tilesets/Ground.json"},{"firstgid":16,"source":"../../../assets/tilemaps/tilesets/Chars.json"},{"firstgid":24,"source":"../../../assets/tilemaps/tilesets/Objects.json"}],"tilewidth":32,"type":"map","version":1,"width":39}