{"frames": [

{
	"filename": "BackGround0000",
	"frame": {"x":0,"y":0,"w":512,"h":512},
	"rotated": false,
	"trimmed": false,
	"spriteSourceSize": {"x":0,"y":0,"w":512,"h":512},
	"sourceSize": {"w":512,"h":512}
}
,{
	"filename": "Clock0000",
	"frame": {"x":0,"y":1552,"w":268,"h":100},
	"rotated": false,
	"trimmed": false,
	"spriteSourceSize": {"x":0,"y":0,"w":268,"h":100},
	"sourceSize": {"w":268,"h":100}
}
,{
	"filename": "Diamond1_Bkg_Empty0000",
	"frame": {"x":850,"y":852,"w":104,"h":111},
	"rotated": false,
	"trimmed": false,
	"spriteSourceSize": {"x":0,"y":0,"w":104,"h":111},
	"sourceSize": {"w":104,"h":111}
}
,{
	"filename": "FinishBoy0000",
	"frame": {"x":668,"y":1704,"w":163,"h":138},
	"rotated": false,
	"trimmed": false,
	"spriteSourceSize": {"x":0,"y":0,"w":163,"h":138},
	"sourceSize": {"w":163,"h":138}
}
,{
	"filename": "FinishBoy0001",
	"frame": {"x":668,"y":1846,"w":163,"h":138},
	"rotated": false,
	"trimmed": false,
	"spriteSourceSize": {"x":0,"y":0,"w":163,"h":138},
	"sourceSize": {"w":163,"h":138}
}
,{
	"filename": "FinishBoy0002",
	"frame": {"x":683,"y":0,"w":163,"h":138},
	"rotated": false,
	"trimmed": false,
	"spriteSourceSize": {"x":0,"y":0,"w":163,"h":138},
	"sourceSize": {"w":163,"h":138}
}
,{
	"filename": "FinishBoy0003",
	"frame": {"x":683,"y":142,"w":163,"h":138},
	"rotated": false,
	"trimmed": false,
	"spriteSourceSize": {"x":0,"y":0,"w":163,"h":138},
	"sourceSize": {"w":163,"h":138}
}
,{
	"filename": "FinishBoy0004",
	"frame": {"x":683,"y":284,"w":163,"h":138},
	"rotated": false,
	"trimmed": false,
	"spriteSourceSize": {"x":0,"y":0,"w":163,"h":138},
	"sourceSize": {"w":163,"h":138}
}
,{
	"filename": "FinishBoy0005",
	"frame": {"x":683,"y":426,"w":163,"h":138},
	"rotated": false,
	"trimmed": false,
	"spriteSourceSize": {"x":0,"y":0,"w":163,"h":138},
	"sourceSize": {"w":163,"h":138}
}
,{
	"filename": "FinishBoy0006",
	"frame": {"x":683,"y":568,"w":163,"h":138},
	"rotated": false,
	"trimmed": false,
	"spriteSourceSize": {"x":0,"y":0,"w":163,"h":138},
	"sourceSize": {"w":163,"h":138}
}
,{
	"filename": "FinishBoy0007",
	"frame": {"x":683,"y":710,"w":163,"h":138},
	"rotated": false,
	"trimmed": false,
	"spriteSourceSize": {"x":0,"y":0,"w":163,"h":138},
	"sourceSize": {"w":163,"h":138}
}
,{
	"filename": "FinishBoy0008",
	"frame": {"x":683,"y":852,"w":163,"h":138},
	"rotated": false,
	"trimmed": false,
	"spriteSourceSize": {"x":0,"y":0,"w":163,"h":138},
	"sourceSize": {"w":163,"h":138}
}
,{
	"filename": "FinishBoy0009",
	"frame": {"x":687,"y":994,"w":163,"h":138},
	"rotated": false,
	"trimmed": false,
	"spriteSourceSize": {"x":0,"y":0,"w":163,"h":138},
	"sourceSize": {"w":163,"h":138}
}
,{
	"filename": "FinishBoy0010",
	"frame": {"x":687,"y":1136,"w":163,"h":138},
	"rotated": false,
	"trimmed": false,
	"spriteSourceSize": {"x":0,"y":0,"w":163,"h":138},
	"sourceSize": {"w":163,"h":138}
}
,{
	"filename": "FinishBoy0011",
	"frame": {"x":773,"y":1278,"w":163,"h":138},
	"rotated": false,
	"trimmed": false,
	"spriteSourceSize": {"x":0,"y":0,"w":163,"h":138},
	"sourceSize": {"w":163,"h":138}
}
,{
	"filename": "FinishBoy0012",
	"frame": {"x":773,"y":1420,"w":163,"h":138},
	"rotated": false,
	"trimmed": false,
	"spriteSourceSize": {"x":0,"y":0,"w":163,"h":138},
	"sourceSize": {"w":163,"h":138}
}
,{
	"filename": "FinishBoy0013",
	"frame": {"x":835,"y":1562,"w":163,"h":138},
	"rotated": false,
	"trimmed": false,
	"spriteSourceSize": {"x":0,"y":0,"w":163,"h":138},
	"sourceSize": {"w":163,"h":138}
}
,{
	"filename": "FinishBoy0014",
	"frame": {"x":835,"y":1704,"w":163,"h":138},
	"rotated": false,
	"trimmed": false,
	"spriteSourceSize": {"x":0,"y":0,"w":163,"h":138},
	"sourceSize": {"w":163,"h":138}
}
,{
	"filename": "FinishBoy0015",
	"frame": {"x":835,"y":1846,"w":163,"h":138},
	"rotated": false,
	"trimmed": false,
	"spriteSourceSize": {"x":0,"y":0,"w":163,"h":138},
	"sourceSize": {"w":163,"h":138}
}
,{
	"filename": "FinishBoy0016",
	"frame": {"x":850,"y":0,"w":163,"h":138},
	"rotated": false,
	"trimmed": false,
	"spriteSourceSize": {"x":0,"y":0,"w":163,"h":138},
	"sourceSize": {"w":163,"h":138}
}
,{
	"filename": "FinishBoy0017",
	"frame": {"x":850,"y":142,"w":163,"h":138},
	"rotated": false,
	"trimmed": false,
	"spriteSourceSize": {"x":0,"y":0,"w":163,"h":138},
	"sourceSize": {"w":163,"h":138}
}
,{
	"filename": "FinishBoy0018",
	"frame": {"x":850,"y":284,"w":163,"h":138},
	"rotated": false,
	"trimmed": false,
	"spriteSourceSize": {"x":0,"y":0,"w":163,"h":138},
	"sourceSize": {"w":163,"h":138}
}
,{
	"filename": "FinishBoy0019",
	"frame": {"x":850,"y":426,"w":163,"h":138},
	"rotated": false,
	"trimmed": false,
	"spriteSourceSize": {"x":0,"y":0,"w":163,"h":138},
	"sourceSize": {"w":163,"h":138}
}
,{
	"filename": "FinishBoy0020",
	"frame": {"x":850,"y":568,"w":163,"h":138},
	"rotated": false,
	"trimmed": false,
	"spriteSourceSize": {"x":0,"y":0,"w":163,"h":138},
	"sourceSize": {"w":163,"h":138}
}
,{
	"filename": "FinishBoy0021",
	"frame": {"x":850,"y":710,"w":163,"h":138},
	"rotated": false,
	"trimmed": false,
	"spriteSourceSize": {"x":0,"y":0,"w":163,"h":138},
	"sourceSize": {"w":163,"h":138}
}
,{
	"filename": "FinishGirl0000",
	"frame": {"x":272,"y":1552,"w":163,"h":138},
	"rotated": false,
	"trimmed": false,
	"spriteSourceSize": {"x":0,"y":0,"w":163,"h":138},
	"sourceSize": {"w":163,"h":138}
}
,{
	"filename": "FinishGirl0001",
	"frame": {"x":0,"y":1656,"w":163,"h":138},
	"rotated": false,
	"trimmed": false,
	"spriteSourceSize": {"x":0,"y":0,"w":163,"h":138},
	"sourceSize": {"w":163,"h":138}
}
,{
	"filename": "FinishGirl0002",
	"frame": {"x":439,"y":1552,"w":163,"h":138},
	"rotated": false,
	"trimmed": false,
	"spriteSourceSize": {"x":0,"y":0,"w":163,"h":138},
	"sourceSize": {"w":163,"h":138}
}
,{
	"filename": "FinishGirl0003",
	"frame": {"x":167,"y":1694,"w":163,"h":138},
	"rotated": false,
	"trimmed": false,
	"spriteSourceSize": {"x":0,"y":0,"w":163,"h":138},
	"sourceSize": {"w":163,"h":138}
}
,{
	"filename": "FinishGirl0004",
	"frame": {"x":0,"y":1798,"w":163,"h":138},
	"rotated": false,
	"trimmed": false,
	"spriteSourceSize": {"x":0,"y":0,"w":163,"h":138},
	"sourceSize": {"w":163,"h":138}
}
,{
	"filename": "FinishGirl0005",
	"frame": {"x":334,"y":1694,"w":163,"h":138},
	"rotated": false,
	"trimmed": false,
	"spriteSourceSize": {"x":0,"y":0,"w":163,"h":138},
	"sourceSize": {"w":163,"h":138}
}
,{
	"filename": "FinishGirl0006",
	"frame": {"x":501,"y":1694,"w":163,"h":138},
	"rotated": false,
	"trimmed": false,
	"spriteSourceSize": {"x":0,"y":0,"w":163,"h":138},
	"sourceSize": {"w":163,"h":138}
}
,{
	"filename": "FinishGirl0007",
	"frame": {"x":167,"y":1836,"w":163,"h":138},
	"rotated": false,
	"trimmed": false,
	"spriteSourceSize": {"x":0,"y":0,"w":163,"h":138},
	"sourceSize": {"w":163,"h":138}
}
,{
	"filename": "FinishGirl0008",
	"frame": {"x":334,"y":1836,"w":163,"h":138},
	"rotated": false,
	"trimmed": false,
	"spriteSourceSize": {"x":0,"y":0,"w":163,"h":138},
	"sourceSize": {"w":163,"h":138}
}
,{
	"filename": "FinishGirl0009",
	"frame": {"x":501,"y":1836,"w":163,"h":138},
	"rotated": false,
	"trimmed": false,
	"spriteSourceSize": {"x":0,"y":0,"w":163,"h":138},
	"sourceSize": {"w":163,"h":138}
}
,{
	"filename": "FinishGirl0010",
	"frame": {"x":516,"y":0,"w":163,"h":138},
	"rotated": false,
	"trimmed": false,
	"spriteSourceSize": {"x":0,"y":0,"w":163,"h":138},
	"sourceSize": {"w":163,"h":138}
}
,{
	"filename": "FinishGirl0011",
	"frame": {"x":516,"y":142,"w":163,"h":138},
	"rotated": false,
	"trimmed": false,
	"spriteSourceSize": {"x":0,"y":0,"w":163,"h":138},
	"sourceSize": {"w":163,"h":138}
}
,{
	"filename": "FinishGirl0012",
	"frame": {"x":516,"y":284,"w":163,"h":138},
	"rotated": false,
	"trimmed": false,
	"spriteSourceSize": {"x":0,"y":0,"w":163,"h":138},
	"sourceSize": {"w":163,"h":138}
}
,{
	"filename": "FinishGirl0013",
	"frame": {"x":516,"y":426,"w":163,"h":138},
	"rotated": false,
	"trimmed": false,
	"spriteSourceSize": {"x":0,"y":0,"w":163,"h":138},
	"sourceSize": {"w":163,"h":138}
}
,{
	"filename": "FinishGirl0014",
	"frame": {"x":516,"y":568,"w":163,"h":138},
	"rotated": false,
	"trimmed": false,
	"spriteSourceSize": {"x":0,"y":0,"w":163,"h":138},
	"sourceSize": {"w":163,"h":138}
}
,{
	"filename": "FinishGirl0015",
	"frame": {"x":516,"y":710,"w":163,"h":138},
	"rotated": false,
	"trimmed": false,
	"spriteSourceSize": {"x":0,"y":0,"w":163,"h":138},
	"sourceSize": {"w":163,"h":138}
}
,{
	"filename": "FinishGirl0016",
	"frame": {"x":516,"y":852,"w":163,"h":138},
	"rotated": false,
	"trimmed": false,
	"spriteSourceSize": {"x":0,"y":0,"w":163,"h":138},
	"sourceSize": {"w":163,"h":138}
}
,{
	"filename": "FinishGirl0017",
	"frame": {"x":520,"y":994,"w":163,"h":138},
	"rotated": false,
	"trimmed": false,
	"spriteSourceSize": {"x":0,"y":0,"w":163,"h":138},
	"sourceSize": {"w":163,"h":138}
}
,{
	"filename": "FinishGirl0018",
	"frame": {"x":520,"y":1136,"w":163,"h":138},
	"rotated": false,
	"trimmed": false,
	"spriteSourceSize": {"x":0,"y":0,"w":163,"h":138},
	"sourceSize": {"w":163,"h":138}
}
,{
	"filename": "FinishGirl0019",
	"frame": {"x":606,"y":1278,"w":163,"h":138},
	"rotated": false,
	"trimmed": false,
	"spriteSourceSize": {"x":0,"y":0,"w":163,"h":138},
	"sourceSize": {"w":163,"h":138}
}
,{
	"filename": "FinishGirl0020",
	"frame": {"x":606,"y":1420,"w":163,"h":138},
	"rotated": false,
	"trimmed": false,
	"spriteSourceSize": {"x":0,"y":0,"w":163,"h":138},
	"sourceSize": {"w":163,"h":138}
}
,{
	"filename": "FinishGirl0021",
	"frame": {"x":668,"y":1562,"w":163,"h":138},
	"rotated": false,
	"trimmed": false,
	"spriteSourceSize": {"x":0,"y":0,"w":163,"h":138},
	"sourceSize": {"w":163,"h":138}
}
,{
	"filename": "ForeGround0000",
	"frame": {"x":260,"y":1292,"w":256,"h":256},
	"rotated": false,
	"trimmed": false,
	"spriteSourceSize": {"x":0,"y":0,"w":256,"h":256},
	"sourceSize": {"w":256,"h":256}
}
,{
	"filename": "Icon0000",
	"frame": {"x":0,"y":1032,"w":256,"h":256},
	"rotated": false,
	"trimmed": false,
	"spriteSourceSize": {"x":0,"y":0,"w":256,"h":256},
	"sourceSize": {"w":256,"h":256}
}
,{
	"filename": "Icon0001",
	"frame": {"x":260,"y":1032,"w":256,"h":256},
	"rotated": false,
	"trimmed": false,
	"spriteSourceSize": {"x":0,"y":0,"w":256,"h":256},
	"sourceSize": {"w":256,"h":256}
}
,{
	"filename": "Icon0002",
	"frame": {"x":0,"y":1292,"w":256,"h":256},
	"rotated": false,
	"trimmed": false,
	"spriteSourceSize": {"x":0,"y":0,"w":256,"h":256},
	"sourceSize": {"w":256,"h":256}
}
,{
	"filename": "MenuBackground0000",
	"frame": {"x":0,"y":516,"w":512,"h":512},
	"rotated": false,
	"trimmed": false,
	"spriteSourceSize": {"x":0,"y":0,"w":512,"h":512},
	"sourceSize": {"w":512,"h":512}
}
,{
	"filename": "decor_A0000",
	"frame": {"x":520,"y":1480,"w":50,"h":50},
	"rotated": false,
	"trimmed": false,
	"spriteSourceSize": {"x":0,"y":0,"w":50,"h":50},
	"sourceSize": {"w":50,"h":50}
}
,{
	"filename": "decor_O_10000",
	"frame": {"x":606,"y":1562,"w":50,"h":50},
	"rotated": false,
	"trimmed": false,
	"spriteSourceSize": {"x":0,"y":0,"w":50,"h":50},
	"sourceSize": {"w":50,"h":50}
}
,{
	"filename": "decor_O_20000",
	"frame": {"x":520,"y":1422,"w":54,"h":54},
	"rotated": false,
	"trimmed": false,
	"spriteSourceSize": {"x":0,"y":0,"w":54,"h":54},
	"sourceSize": {"w":54,"h":54}
}
,{
	"filename": "decor_T_10000",
	"frame": {"x":0,"y":1940,"w":88,"h":88},
	"rotated": false,
	"trimmed": false,
	"spriteSourceSize": {"x":0,"y":0,"w":88,"h":88},
	"sourceSize": {"w":88,"h":88}
}
,{
	"filename": "decor_T_20000",
	"frame": {"x":520,"y":1278,"w":76,"h":76},
	"rotated": false,
	"trimmed": false,
	"spriteSourceSize": {"x":0,"y":0,"w":76,"h":76},
	"sourceSize": {"w":76,"h":76}
}
,{
	"filename": "decor_T_30000",
	"frame": {"x":92,"y":1940,"w":60,"h":60},
	"rotated": false,
	"trimmed": false,
	"spriteSourceSize": {"x":0,"y":0,"w":60,"h":60},
	"sourceSize": {"w":60,"h":60}
}
,{
	"filename": "decor_V0000",
	"frame": {"x":606,"y":1616,"w":50,"h":50},
	"rotated": false,
	"trimmed": false,
	"spriteSourceSize": {"x":0,"y":0,"w":50,"h":50},
	"sourceSize": {"w":50,"h":50}
}
,{
	"filename": "decor_X0000",
	"frame": {"x":520,"y":1358,"w":60,"h":60},
	"rotated": false,
	"trimmed": false,
	"spriteSourceSize": {"x":0,"y":0,"w":60,"h":60},
	"sourceSize": {"w":60,"h":60}
}],
"meta": {
	"app": "Adobe Flash CS6",
	"version": "12.0.0.481",
	"image": "TempleAssets.png",
	"format": "RGBA8888",
	"size": {"w":1024,"h":2048},
	"scale": "1"
}
}
