{"height":29,"infinite":false,"layers":[{"data":[1,1,1,1,1,1,1,1,1,1,1,1,1,1,1,1,1,1,1,1,1,1,1,1,1,1,1,1,1,1,1,1,1,1,1,1,1,1,1,1,0,0,0,0,0,0,0,0,0,0,0,0,0,0,0,0,0,0,1,0,0,0,0,0,0,0,0,0,0,0,0,0,0,0,0,0,0,1,1,0,0,0,0,0,0,0,0,0,0,0,0,0,0,0,0,0,0,1,0,0,0,0,0,0,0,0,0,0,0,0,0,0,0,0,0,0,1,1,0,0,0,0,0,0,0,0,0,0,0,0,0,0,0,0,0,0,1,0,0,0,0,0,0,0,0,0,0,0,0,0,0,0,0,0,0,1,1,0,0,0,0,2,1,1,1,1,3,0,0,0,0,0,0,0,0,1,0,0,0,0,0,0,0,0,2,1,1,1,1,3,0,0,0,0,1,1,1,1,1,1,5,0,0,0,0,0,0,0,0,0,2,1,1,1,1,1,1,1,3,0,0,0,0,0,0,0,0,0,4,1,1,1,1,1,1,0,0,0,0,0,0,0,0,0,0,0,0,0,0,0,0,0,0,0,0,0,0,0,0,0,0,0,0,0,0,0,0,0,0,0,0,0,1,1,0,0,0,0,0,0,0,0,0,0,0,0,0,0,0,0,0,0,0,0,0,0,0,0,0,0,0,0,0,0,0,0,0,0,0,0,0,1,1,0,0,0,0,0,2,7,7,7,7,7,1,1,3,0,0,0,0,0,0,0,0,0,2,1,1,6,6,6,6,6,3,0,0,0,0,0,1,1,0,0,0,0,2,5,0,0,0,0,0,0,0,4,1,1,1,1,1,1,1,1,1,5,0,0,0,0,0,0,0,4,3,0,0,0,0,1,1,0,0,0,2,5,0,0,0,0,0,0,0,0,0,0,0,0,0,1,0,0,0,0,0,0,0,0,0,0,0,0,0,4,3,0,0,0,1,1,0,0,0,0,0,0,0,0,0,0,0,0,0,0,0,0,0,0,1,0,0,0,0,0,0,0,0,0,0,0,0,0,0,0,0,0,0,1,1,3,0,0,0,0,0,0,2,6,6,6,6,6,6,3,0,0,0,0,0,0,0,2,7,7,7,7,7,7,3,0,0,0,0,0,0,2,1,1,1,1,3,0,0,0,2,5,0,0,0,0,0,0,4,3,0,0,0,0,0,2,5,0,0,0,0,0,0,4,3,0,0,0,2,1,1,1,1,5,0,0,0,0,2,5,0,0,0,0,0,0,0,0,4,3,0,0,0,2,5,0,0,0,0,0,0,0,0,4,3,0,0,0,0,4,1,1,0,0,0,0,2,5,0,0,0,0,0,0,0,0,0,0,4,1,1,1,5,0,0,0,0,0,0,0,0,0,0,4,3,0,0,0,0,1,1,3,0,0,0,0,0,0,0,0,0,0,0,0,0,0,0,0,0,0,0,0,0,0,0,0,0,0,0,0,0,0,0,0,0,0,0,2,1,1,4,3,0,0,0,0,0,0,0,2,0,0,0,0,3,0,0,0,0,0,0,0,2,0,0,0,0,3,0,0,0,0,0,0,0,2,5,1,1,0,1,1,1,1,1,1,1,1,5,0,0,0,0,4,3,0,0,0,0,0,2,5,0,0,0,0,4,1,1,1,1,1,1,1,1,0,1,1,2,5,0,0,0,0,0,0,0,0,0,0,0,0,0,4,1,1,1,1,1,5,0,0,0,0,0,0,0,0,0,0,0,0,0,4,3,1,1,5,0,0,0,0,0,0,0,0,0,0,0,0,0,0,0,0,0,1,0,0,0,0,0,0,0,0,0,0,0,0,0,0,0,0,0,4,1,1,0,0,0,0,0,0,0,0,0,0,0,0,0,0,0,0,0,0,1,0,0,0,0,0,0,0,0,0,0,0,0,0,0,0,0,0,0,1,1,0,0,0,2,1,1,1,1,1,1,1,1,1,3,0,0,0,0,1,0,0,0,0,2,1,1,1,1,1,1,1,1,1,3,0,0,0,1,1,0,0,2,5,0,0,0,0,0,0,0,0,0,1,0,0,0,0,1,0,0,0,0,1,0,0,0,0,0,0,0,0,0,4,3,0,0,1,1,0,0,0,0,0,0,0,0,0,0,0,0,0,1,0,0,0,0,1,0,0,0,0,1,0,0,0,0,0,0,0,0,0,0,0,0,0,1,1,3,0,0,0,0,0,0,0,0,0,0,0,0,1,0,0,0,0,0,0,0,0,0,1,0,0,0,0,0,0,0,0,0,0,0,0,2,1,1,4,3,0,0,0,0,0,0,0,0,0,0,0,1,0,0,0,0,0,0,0,0,0,1,0,0,0,0,0,0,0,0,0,0,0,2,5,1,1,0,4,1,1,1,7,7,7,7,3,0,0,0,1,0,0,0,0,0,0,0,0,0,1,0,0,0,2,6,6,6,6,1,1,1,5,0,1,1,1,1,1,1,1,1,1,1,1,1,11,11,11,1,1,1,1,1,1,1,1,1,1,1,11,11,11,1,1,1,1,1,1,1,1,1,1,1],"height":29,"name":"Ground","opacity":1,"type":"tilelayer","visible":true,"width":39,"x":0,"y":0},{"draworder":"topdown","name":"Chars","objects":[{"gid":19,"height":64,"id":34,"name":"","rotation":0,"type":"","visible":true,"width":64,"x":1120,"y":160},{"gid":18,"height":64,"id":35,"name":"","rotation":0,"type":"","visible":true,"width":64,"x":64,"y":160},{"gid":17,"height":64,"id":36,"name":"","rotation":0,"type":"","visible":true,"width":64,"x":192,"y":128},{"gid":16,"height":64,"id":37,"name":"","rotation":0,"type":"","visible":true,"width":64,"x":928,"y":128},{"gid":20,"height":64,"id":38,"name":"","rotation":0,"type":"","visible":true,"width":64,"x":544,"y":144},{"gid":20,"height":64,"id":39,"name":"","rotation":0,"type":"","visible":true,"width":64,"x":88,"y":304},{"gid":20,"height":64,"id":40,"name":"","rotation":0,"type":"","visible":true,"width":64,"x":688,"y":272},{"gid":20,"height":64,"id":41,"name":"","rotation":0,"type":"","visible":true,"width":64,"x":864,"y":368},{"gid":20,"height":64,"id":42,"name":"","rotation":0,"type":"","visible":true,"width":64,"x":944,"y":824},{"gid":20,"height":64,"id":43,"name":"","rotation":0,"type":"","visible":true,"width":64,"x":464,"y":712},{"gid":20,"height":64,"id":44,"name":"","rotation":0,"type":"","visible":true,"width":64,"x":272,"y":528},{"gid":21,"height":64,"id":45,"name":"","rotation":0,"type":"","visible":true,"width":64,"x":912,"y":528},{"gid":21,"height":64,"id":46,"name":"","rotation":0,"type":"","visible":true,"width":64,"x":640,"y":144},{"gid":21,"height":64,"id":47,"name":"","rotation":0,"type":"","visible":true,"width":64,"x":496,"y":272},{"gid":21,"height":64,"id":48,"name":"","rotation":0,"type":"","visible":true,"width":64,"x":1096,"y":304},{"gid":21,"height":64,"id":49,"name":"","rotation":0,"type":"","visible":true,"width":64,"x":320,"y":368},{"gid":21,"height":64,"id":50,"name":"","rotation":0,"type":"","visible":true,"width":64,"x":720,"y":712},{"gid":21,"height":64,"id":51,"name":"","rotation":0,"type":"","visible":true,"width":64,"x":240,"y":824}],"opacity":1,"type":"objectgroup","visible":true,"x":0,"y":0},{"draworder":"topdown","name":"Objects","objects":[{"gid":40,"height":96,"id":53,"name":"","properties":{"group":1,"initialState":1,"portalId":1},"propertytypes":{"group":"int","initialState":"int","portalId":"int"},"rotation":0,"type":"","visible":true,"width":64,"x":592,"y":288},{"gid":40,"height":96,"id":54,"name":"","properties":{"group":5,"initialState":1,"portalId":5},"propertytypes":{"group":"int","initialState":"int","portalId":"int"},"rotation":0,"type":"","visible":true,"width":64,"x":592,"y":608},{"gid":40,"height":96,"id":55,"name":"","properties":{"group":5,"initialState":1,"portalId":5},"propertytypes":{"group":"int","initialState":"int","portalId":"int"},"rotation":0,"type":"","visible":true,"width":64,"x":592,"y":896},{"gid":40,"height":96,"id":56,"name":"","properties":{"group":1,"initialState":1,"portalId":1},"propertytypes":{"group":"int","initialState":"int","portalId":"int"},"rotation":0,"type":"","visible":true,"width":64,"x":592,"y":480},{"gid":40,"height":96,"id":57,"name":"","properties":{"group":0,"initialState":1,"portalId":0},"propertytypes":{"group":"int","initialState":"int","portalId":"int"},"rotation":90,"type":"","visible":true,"width":64,"x":352,"y":864},{"gid":40,"height":96,"id":58,"name":"","properties":{"group":0,"initialState":1,"portalId":0},"propertytypes":{"group":"int","initialState":"int","portalId":"int"},"rotation":90,"type":"","visible":true,"width":64,"x":800,"y":856}],"opacity":1,"type":"objectgroup","visible":true,"x":0,"y":0}],"nextobjectid":59,"orientation":"orthogonal","renderorder":"right-down","tiledversion":"1.1.3","tileheight":32,"tilesets":[{"firstgid":1,"source":"../../../assets/tilemaps/tilesets/Ground.json"},{"firstgid":16,"source":"../../../assets/tilemaps/tilesets/Chars.json"},{"firstgid":24,"source":"../../../assets/tilemaps/tilesets/Objects.json"},{"firstgid":40,"source":"../../../assets/tilemaps/tilesets/LargeObjects.json"}],"tilewidth":32,"type":"map","version":1,"width":39}