{"height":29,"infinite":false,"layers":[{"data":[1,1,1,1,1,1,1,1,1,1,1,1,1,1,1,1,1,1,1,1,1,1,1,1,1,1,1,1,1,1,1,1,1,1,1,1,1,1,1,1,0,0,0,0,0,2,5,0,0,0,0,0,0,0,0,0,0,0,1,0,0,0,0,0,0,0,0,0,0,0,0,4,3,0,0,0,0,1,1,0,0,0,0,0,5,0,0,0,0,0,0,0,0,0,0,0,0,1,0,0,0,0,0,0,0,0,0,0,0,0,0,4,0,0,0,0,1,1,0,0,0,0,0,0,0,0,0,0,0,0,0,0,0,0,0,0,1,0,0,0,0,0,0,0,0,0,0,0,0,0,0,0,0,0,0,1,1,0,0,0,0,0,0,0,0,0,0,0,0,0,0,0,0,2,1,1,0,0,0,3,0,0,0,0,0,0,0,0,0,0,0,0,0,0,1,1,2,5,0,0,0,0,0,0,0,0,0,0,0,0,0,2,5,0,1,0,0,0,1,0,0,0,0,3,0,0,0,0,0,0,0,4,3,1,1,5,0,0,0,0,0,0,0,0,0,0,0,0,0,0,1,0,0,1,0,0,0,1,0,0,0,0,1,0,0,0,0,0,0,0,0,4,1,1,0,0,0,2,1,1,1,1,1,3,0,0,0,0,0,1,1,1,1,1,1,1,1,1,1,1,1,1,1,1,1,1,5,0,0,0,0,1,1,0,0,0,0,0,0,4,3,0,0,0,0,0,0,2,5,0,0,0,0,0,0,0,1,0,0,0,0,0,0,1,0,0,0,0,0,0,1,1,0,0,0,0,0,0,0,4,3,0,0,0,2,1,5,0,0,0,0,0,0,0,0,1,0,0,0,0,0,0,1,0,0,0,2,1,1,1,1,1,1,1,3,0,0,0,0,1,0,0,0,0,0,0,0,0,0,0,0,0,0,0,4,0,0,0,0,0,0,1,0,0,2,5,0,0,1,1,0,0,0,0,0,0,0,2,1,0,0,0,0,0,0,0,0,2,1,3,0,0,0,0,0,0,0,0,0,0,0,0,0,0,0,0,0,1,1,0,0,0,0,0,0,2,5,4,1,1,1,3,0,0,0,2,5,1,4,3,0,0,0,0,0,0,0,0,0,0,0,0,0,0,0,0,1,1,0,0,0,0,0,0,1,0,0,2,5,0,4,1,1,1,5,0,1,0,4,3,0,0,0,0,0,0,0,0,0,0,0,0,0,0,0,1,1,1,1,1,1,1,1,1,1,1,5,0,0,0,0,0,0,0,0,1,1,1,1,1,1,1,1,1,1,1,1,1,1,1,1,1,1,1,1,1,0,0,0,0,0,0,0,0,0,0,0,0,0,0,0,0,0,0,1,0,0,0,0,0,0,0,0,0,0,0,1,0,0,0,0,4,3,1,1,0,0,0,0,0,0,0,0,0,0,0,0,0,0,0,0,0,0,1,0,0,0,0,0,0,0,0,0,0,0,1,0,0,0,0,0,4,1,1,0,0,0,0,0,0,0,0,0,0,0,0,0,0,2,1,1,1,1,5,0,0,0,0,0,0,0,0,0,0,1,0,0,0,0,0,0,1,1,0,0,0,0,0,0,2,0,0,0,0,0,0,2,5,0,0,0,0,0,0,0,0,0,2,1,1,1,1,1,1,0,0,0,0,0,0,1,1,0,0,0,0,0,0,1,0,0,0,0,0,0,0,0,0,0,0,0,0,0,0,0,0,0,0,0,4,3,0,1,1,1,1,3,0,0,1,1,0,0,0,2,1,1,1,0,0,0,0,0,0,0,0,0,0,0,0,0,0,0,0,0,0,0,0,0,4,3,1,0,0,0,0,0,0,1,1,0,0,0,0,0,0,1,1,1,1,1,1,1,1,1,1,1,1,1,1,1,1,1,5,0,0,4,1,1,1,1,0,0,0,0,0,0,1,1,3,0,0,0,0,0,1,0,0,0,0,0,0,0,4,3,0,0,1,0,0,0,0,0,0,0,0,0,0,0,1,0,0,0,0,0,2,1,1,4,3,0,0,0,0,4,0,0,0,0,0,0,0,0,4,3,0,1,0,0,0,0,0,0,0,0,0,0,0,5,0,0,0,0,2,5,1,1,0,0,0,0,0,0,0,0,0,0,0,0,0,0,0,0,4,1,1,0,0,0,0,0,0,0,0,0,0,0,0,0,0,0,0,0,0,1,1,0,0,0,0,0,0,0,0,0,0,0,0,0,0,0,0,0,0,1,0,0,0,0,0,0,0,0,0,0,0,0,0,0,0,0,0,0,1,1,0,0,0,0,3,0,0,0,0,0,0,0,0,0,0,0,0,0,1,0,0,0,0,0,0,0,0,0,0,0,0,0,2,0,0,0,0,1,1,0,0,0,0,4,3,0,0,0,0,0,0,0,0,0,0,0,0,1,0,0,0,0,0,0,0,0,0,0,0,0,2,5,0,0,0,0,1,1,1,1,1,1,1,1,1,1,1,1,1,1,1,1,1,1,1,1,1,1,1,1,1,1,1,1,1,1,1,1,1,1,1,1,1,1,1,1],"height":29,"name":"Ground","opacity":1,"type":"tilelayer","visible":true,"width":39,"x":0,"y":0},{"draworder":"topdown","name":"Chars","objects":[{"gid":18,"height":64,"id":34,"name":"","rotation":0,"type":"","visible":true,"width":64,"x":1040,"y":608},{"gid":19,"height":64,"id":35,"name":"","rotation":0,"type":"","visible":true,"width":64,"x":672,"y":896},{"gid":16,"height":64,"id":36,"name":"","rotation":0,"type":"","visible":true,"width":64,"x":784,"y":896},{"gid":17,"height":64,"id":37,"name":"","rotation":0,"type":"","visible":true,"width":64,"x":256,"y":896},{"gid":20,"height":64,"id":52,"name":"","rotation":0,"type":"","visible":true,"width":64,"x":1144,"y":432},{"gid":20,"height":64,"id":53,"name":"","rotation":0,"type":"","visible":true,"width":64,"x":656,"y":128},{"gid":20,"height":64,"id":54,"name":"","rotation":0,"type":"","visible":true,"width":64,"x":496,"y":112},{"gid":20,"height":64,"id":55,"name":"","rotation":0,"type":"","visible":true,"width":64,"x":288,"y":656},{"gid":21,"height":64,"id":56,"name":"","rotation":0,"type":"","visible":true,"width":64,"x":48,"y":704},{"gid":21,"height":64,"id":57,"name":"","rotation":0,"type":"","visible":true,"width":64,"x":720,"y":656},{"gid":21,"height":64,"id":58,"name":"","rotation":0,"type":"","visible":true,"width":64,"x":720,"y":432},{"gid":21,"height":64,"id":59,"name":"","rotation":0,"type":"","visible":true,"width":64,"x":176,"y":208},{"gid":22,"height":64,"id":60,"name":"","rotation":0,"type":"","visible":true,"width":64,"x":48,"y":432}],"opacity":1,"type":"objectgroup","visible":true,"x":0,"y":0},{"draworder":"topdown","name":"Objects","objects":[{"gid":39,"height":96,"id":38,"name":"","properties":{"initialState":1},"propertytypes":{"initialState":"int"},"rotation":-41.6093275092548,"type":"","visible":true,"width":64,"x":136,"y":864},{"gid":39,"height":96,"id":41,"name":"","properties":{"initialState":1},"propertytypes":{"initialState":"int"},"rotation":-228.772458879725,"type":"","visible":true,"width":64,"x":1113.0407262705,"y":71.1597490350263},{"gid":39,"height":96,"id":42,"name":"","properties":{"group":2,"initialState":1,"portalId":2},"propertytypes":{"group":"int","initialState":"int","portalId":"int"},"rotation":54.9535799963986,"type":"","visible":true,"width":64,"x":80,"y":120},{"gid":39,"height":96,"id":43,"name":"","properties":{"group":2,"initialState":1,"portalId":2},"propertytypes":{"group":"int","initialState":"int","portalId":"int"},"rotation":-132.414904155289,"type":"","visible":true,"width":64,"x":1184,"y":808},{"gid":39,"height":96,"id":44,"name":"","properties":{"group":1,"initialState":1,"portalId":1},"propertytypes":{"group":"int","initialState":"int","portalId":"int"},"rotation":0,"type":"","visible":true,"width":64,"x":592,"y":352},{"gid":39,"height":96,"id":46,"name":"","properties":{"group":1,"initialState":1,"portalId":1},"propertytypes":{"group":"int","initialState":"int","portalId":"int"},"rotation":0,"type":"","visible":true,"width":64,"x":592,"y":672},{"gid":24,"height":64,"id":47,"name":"","properties":{"group":6},"propertytypes":{"group":"int"},"rotation":0,"type":"","visible":true,"width":64,"x":896,"y":608},{"gid":23,"height":64,"id":49,"name":"","properties":{"group":5},"propertytypes":{"group":"int"},"rotation":0,"type":"","visible":true,"width":64,"x":528,"y":576},{"height":96,"id":50,"name":"","properties":{"dx":0,"dy":3,"group":6},"propertytypes":{"dx":"int","dy":"int","group":"int"},"rotation":0,"type":"platform","visible":true,"width":32,"x":128,"y":352},{"height":96,"id":51,"name":"","properties":{"dx":0,"dy":3,"group":5},"propertytypes":{"dx":"int","dy":"int","group":"int"},"rotation":0,"type":"platform","visible":true,"width":32,"x":992,"y":352}],"opacity":1,"type":"objectgroup","visible":true,"x":0,"y":0}],"nextobjectid":61,"orientation":"orthogonal","renderorder":"right-down","tiledversion":"1.1.3","tileheight":32,"tilesets":[{"firstgid":1,"source":"../../../assets/tilemaps/tilesets/Ground.json"},{"firstgid":16,"source":"../../../assets/tilemaps/tilesets/Chars.json"},{"firstgid":23,"source":"../../../assets/tilemaps/tilesets/Objects.json"},{"firstgid":39,"source":"../../../assets/tilemaps/tilesets/LargeObjects.json"}],"tilewidth":32,"type":"map","version":1,"width":39}