{"height":29,"infinite":false,"layers":[{"data":[1,1,1,1,1,1,1,1,1,1,1,1,1,1,1,1,1,1,1,1,1,1,1,1,1,1,1,1,1,1,1,1,1,1,1,1,1,1,1,1,0,0,0,0,0,0,0,0,0,0,1,0,0,0,0,0,0,0,0,0,0,0,0,0,0,0,0,0,0,0,0,0,1,1,0,0,0,1,1,0,0,0,0,0,0,0,0,0,0,4,3,0,0,0,0,0,0,0,0,0,0,0,0,0,0,0,0,0,0,0,0,0,1,0,0,0,1,1,0,0,0,0,0,0,0,0,0,0,0,4,3,0,0,0,0,0,0,0,0,0,0,0,0,0,0,0,0,0,0,0,0,1,0,0,0,1,1,0,0,0,0,0,0,0,0,0,0,0,0,4,1,1,1,1,1,1,1,5,0,0,0,0,0,0,0,0,0,0,0,0,1,0,0,0,1,1,1,1,1,1,3,0,0,0,0,0,0,0,0,0,0,0,0,0,0,0,0,0,0,0,0,0,0,0,0,0,0,0,2,5,0,0,0,1,1,0,2,1,5,0,0,0,0,0,0,0,0,0,0,0,0,0,0,0,0,0,0,0,2,1,1,1,1,1,1,1,1,5,0,0,0,0,1,1,2,5,0,0,0,0,0,0,0,0,0,0,0,0,0,0,0,0,0,0,0,0,2,1,3,0,0,0,0,0,2,5,0,0,0,0,0,1,1,5,0,0,0,0,0,0,0,0,0,0,0,0,0,0,0,0,0,0,0,0,0,0,0,4,1,1,1,1,1,5,0,0,2,0,0,0,1,1,0,0,0,0,0,0,0,0,0,0,0,0,0,2,1,1,1,1,1,3,0,0,0,0,0,0,0,0,0,0,0,0,0,0,0,0,0,1,1,0,0,0,0,0,0,0,1,0,0,0,1,1,5,0,0,0,0,0,4,3,0,0,0,0,0,0,0,0,0,0,0,0,0,0,0,0,1,1,0,0,0,0,0,0,0,4,1,1,1,5,1,0,0,0,0,0,0,0,4,3,0,0,0,0,0,0,0,0,0,0,0,0,0,0,0,1,1,0,0,0,0,0,0,0,0,0,0,0,0,4,3,0,0,0,0,0,0,0,4,1,1,1,1,1,1,3,0,0,0,0,4,0,0,0,1,1,1,1,1,1,1,3,0,0,0,0,0,0,0,4,3,0,0,0,0,0,0,0,0,2,5,0,0,0,0,0,0,0,0,0,0,0,0,1,1,0,0,0,0,0,1,0,0,0,0,0,0,0,0,4,1,1,1,5,0,0,0,2,5,0,0,0,0,0,0,0,0,0,0,0,0,0,1,1,0,0,0,0,0,1,0,0,0,0,0,0,0,0,0,0,0,0,0,0,0,0,1,0,0,0,0,0,0,0,0,0,0,0,0,0,0,1,1,0,0,0,0,0,1,0,0,0,0,0,0,0,0,0,0,0,0,0,0,2,1,5,0,0,0,0,0,0,0,0,0,0,0,0,0,0,1,1,0,0,0,0,0,0,0,0,0,0,0,0,0,0,0,0,0,0,0,2,5,0,0,0,0,0,0,0,0,0,0,0,0,0,0,0,0,1,1,0,0,0,0,0,0,0,0,0,0,0,0,0,0,0,0,0,0,2,5,0,0,0,0,0,0,0,0,0,0,0,0,0,0,0,0,0,1,1,0,0,0,0,0,0,0,0,0,0,0,0,0,0,0,0,0,2,5,0,0,0,0,2,1,1,3,0,0,0,0,0,0,0,0,0,0,1,1,1,1,1,1,1,1,0,0,0,0,0,0,0,0,0,0,2,5,0,0,0,2,1,5,0,0,4,1,1,0,0,0,1,1,3,0,0,1,1,0,2,5,0,0,0,0,0,0,0,0,0,0,0,0,2,1,0,0,0,0,0,0,0,0,0,0,0,0,0,0,0,0,0,4,3,0,1,1,0,1,0,0,0,0,0,0,0,0,0,0,0,0,2,5,1,0,0,0,0,0,0,0,0,0,0,0,0,0,0,0,0,0,0,1,0,1,1,2,5,0,0,0,0,0,0,0,0,0,0,0,2,1,1,1,1,1,3,0,0,0,2,5,0,0,0,0,0,0,0,0,0,0,4,3,1,1,5,0,0,0,0,0,0,0,0,0,0,0,2,5,0,0,0,0,0,4,1,1,1,5,0,0,0,0,0,0,0,0,0,0,0,0,4,1,11,0,0,0,0,0,0,0,0,0,0,0,0,0,0,0,0,0,0,0,0,1,5,0,0,0,0,0,0,0,0,0,0,0,0,0,0,0,11,11,0,0,0,0,0,0,0,0,0,0,0,0,0,0,0,0,0,0,0,0,1,0,0,0,0,0,0,0,0,0,0,0,0,0,0,0,0,11,11,0,0,0,0,0,0,0,0,0,0,0,0,0,0,0,0,0,0,0,2,1,0,0,0,0,0,0,0,0,0,0,0,0,0,0,0,0,11,1,1,1,1,1,1,1,1,1,1,1,1,1,1,1,1,1,1,1,1,1,1,1,1,1,1,1,1,1,1,1,1,1,1,1,1,1,1,1],"height":29,"name":"Ground","opacity":1,"type":"tilelayer","visible":true,"width":39,"x":0,"y":0},{"draworder":"topdown","name":"Chars","objects":[{"gid":22,"height":64,"id":34,"name":"","rotation":0,"type":"","visible":true,"width":64,"x":80,"y":560},{"gid":20,"height":64,"id":35,"name":"","rotation":0,"type":"","visible":true,"width":64,"x":912,"y":144},{"gid":20,"height":64,"id":36,"name":"","rotation":0,"type":"","visible":true,"width":64,"x":192,"y":128},{"gid":20,"height":64,"id":37,"name":"","rotation":0,"type":"","visible":true,"width":64,"x":752,"y":352},{"gid":20,"height":64,"id":38,"name":"","rotation":0,"type":"","visible":true,"width":64,"x":832,"y":752},{"gid":20,"height":64,"id":39,"name":"","rotation":0,"type":"","visible":true,"width":64,"x":272,"y":640},{"gid":21,"height":64,"id":40,"name":"","rotation":0,"type":"","visible":true,"width":64,"x":80,"y":400},{"gid":21,"height":64,"id":41,"name":"","rotation":0,"type":"","visible":true,"width":64,"x":480,"y":272},{"gid":21,"height":64,"id":42,"name":"","rotation":0,"type":"","visible":true,"width":64,"x":1136,"y":640},{"gid":21,"height":64,"id":43,"name":"","rotation":0,"type":"","visible":true,"width":64,"x":808,"y":832},{"gid":21,"height":64,"id":44,"name":"","rotation":0,"type":"","visible":true,"width":64,"x":560,"y":864},{"gid":17,"height":64,"id":45,"name":"","rotation":0,"type":"","visible":true,"width":64,"x":400,"y":896},{"gid":16,"height":64,"id":46,"name":"","rotation":0,"type":"","visible":true,"width":64,"x":976,"y":896},{"gid":18,"height":64,"id":47,"name":"","rotation":0,"type":"","visible":true,"width":64,"x":528,"y":448},{"gid":19,"height":64,"id":48,"name":"","rotation":0,"type":"","visible":true,"width":64,"x":528,"y":128}],"opacity":1,"type":"objectgroup","visible":true,"x":0,"y":0},{"draworder":"topdown","name":"Objects","objects":[{"gid":38,"height":64,"id":49,"name":"","properties":{"group":41,"time":5000},"propertytypes":{"group":"int","time":"int"},"rotation":0,"type":"","visible":true,"width":64,"x":912,"y":224},{"gid":25,"height":64,"id":50,"name":"","properties":{"group":5},"propertytypes":{"group":"int"},"rotation":0,"type":"","visible":true,"width":64,"x":64,"y":192},{"gid":30,"height":64,"id":51,"name":"","properties":{"bringToBack":true,"group":5},"propertytypes":{"bringToBack":"bool","group":"int"},"rotation":0,"type":"","visible":true,"width":64,"x":1136,"y":368},{"gid":29,"height":64,"id":52,"name":"","properties":{"color":"yellow","group":4},"propertytypes":{"color":"string","group":"int"},"rotation":0,"type":"","visible":true,"width":64,"x":672,"y":896},{"gid":36,"height":64,"id":53,"name":"","rotation":90,"type":"","visible":true,"width":64,"x":160,"y":832},{"height":32,"id":54,"name":"","properties":{"dx":0,"dy":4,"group":6},"propertytypes":{"dx":"int","dy":"int","group":"int"},"rotation":0,"type":"platform","visible":true,"width":96,"x":288,"y":320},{"height":32,"id":55,"name":"","properties":{"dx":3,"group":41},"propertytypes":{"dx":"int","group":"int"},"rotation":0,"type":"platform","visible":true,"width":96,"x":384,"y":704},{"height":96,"id":56,"name":"","properties":{"dx":0,"dy":-3,"group":61},"propertytypes":{"dx":"int","dy":"int","group":"int"},"rotation":0,"type":"platform","visible":true,"width":32,"x":192,"y":544},{"gid":24,"height":64,"id":57,"name":"","properties":{"group":4},"propertytypes":{"group":"int"},"rotation":0,"type":"","visible":true,"width":64,"x":560,"y":928},{"gid":40,"height":96,"id":58,"name":"","properties":{"initialState":1},"propertytypes":{"initialState":"int"},"rotation":0,"type":"","visible":true,"width":64,"x":816,"y":384},{"gid":40,"height":96,"id":59,"name":"","properties":{"group":1,"initialState":1,"portalId":1},"propertytypes":{"group":"int","initialState":"int","portalId":"int"},"rotation":0,"type":"","visible":true,"width":64,"x":0,"y":896},{"gid":41,"height":96,"id":60,"name":"","properties":{"group":1,"initialState":1,"portalId":1},"propertytypes":{"group":"int","initialState":"int","portalId":"int"},"rotation":0,"type":"","visible":true,"width":64,"x":1184,"y":896},{"gid":40,"height":96,"id":61,"name":"","properties":{"initialState":1},"propertytypes":{"initialState":"int"},"rotation":90,"type":"","visible":true,"width":64,"x":960,"y":624},{"gid":31,"height":64,"id":62,"name":"","properties":{"group":6},"propertytypes":{"group":"int"},"rotation":180,"type":"","visible":true,"width":64,"x":368,"y":352},{"gid":31,"height":64,"id":63,"name":"","properties":{"group":61},"propertytypes":{"group":"int"},"rotation":180,"type":"","visible":true,"width":64,"x":1200,"y":0}],"opacity":1,"type":"objectgroup","visible":true,"x":0,"y":0}],"nextobjectid":64,"orientation":"orthogonal","renderorder":"right-down","tiledversion":"1.1.3","tileheight":32,"tilesets":[{"firstgid":1,"source":"../../../assets/tilemaps/tilesets/Ground.json"},{"firstgid":16,"source":"../../../assets/tilemaps/tilesets/Chars.json"},{"firstgid":24,"source":"../../../assets/tilemaps/tilesets/Objects.json"},{"firstgid":40,"source":"../../../assets/tilemaps/tilesets/LargeObjects.json"}],"tilewidth":32,"type":"map","version":1,"width":39}