{"height":29,"infinite":false,"layers":[{"data":[1,1,1,1,1,1,1,1,1,1,1,1,1,1,1,1,1,1,1,1,1,1,1,1,1,1,1,1,1,1,1,1,1,1,1,1,1,1,1,1,0,0,0,0,0,0,0,0,4,3,0,0,2,5,0,0,0,0,0,0,0,0,0,0,0,0,0,0,0,0,0,0,0,0,0,0,0,1,1,0,0,0,0,0,0,0,0,0,4,3,2,5,0,0,0,0,0,0,0,0,0,0,0,0,0,0,0,0,0,0,0,0,0,0,0,0,1,1,0,0,0,0,0,0,0,0,0,0,1,1,0,0,0,0,0,0,0,0,0,0,0,0,0,0,0,0,0,0,0,0,0,0,0,0,0,1,1,1,1,1,1,3,0,0,0,0,0,1,1,0,0,0,0,0,0,0,0,0,0,0,1,1,1,1,1,1,1,1,1,3,0,0,0,0,1,1,0,0,0,0,0,0,0,0,0,0,0,0,0,0,0,0,0,0,0,0,0,0,0,0,0,0,0,0,0,0,0,0,1,0,0,0,0,1,1,0,0,0,0,0,0,0,0,0,0,0,0,0,0,0,0,0,0,0,0,0,3,0,0,0,0,0,0,0,0,0,0,1,0,0,0,0,1,1,0,0,0,0,0,0,0,0,0,0,0,0,0,0,0,2,0,0,0,0,0,4,3,0,0,0,0,0,0,0,0,0,1,0,0,0,0,1,1,0,0,0,0,0,0,0,2,1,1,1,1,1,1,1,5,0,0,0,0,0,0,4,1,1,1,1,1,1,1,1,1,5,0,0,0,0,1,11,0,0,0,0,0,0,0,0,0,0,0,0,0,0,0,0,0,0,0,0,0,0,0,0,0,0,0,0,0,0,0,0,0,0,0,0,0,1,11,0,0,0,0,0,0,0,0,0,0,0,0,0,0,0,0,0,0,0,0,0,0,0,0,0,0,0,0,0,0,0,0,0,0,0,0,0,1,11,0,0,0,0,0,0,0,0,0,0,0,0,0,0,0,0,0,0,0,0,3,0,0,0,0,0,0,0,0,0,0,0,0,0,0,0,0,1,1,1,1,1,1,1,1,1,1,1,5,0,0,0,0,0,0,0,0,0,0,4,3,0,0,0,0,0,0,0,3,0,0,0,0,0,0,0,1,1,0,0,0,0,0,0,0,0,0,0,0,0,0,0,0,0,0,0,0,0,0,4,3,0,0,0,0,0,0,1,0,0,0,0,0,0,0,1,1,0,0,0,0,0,0,0,0,0,0,0,0,0,4,1,3,0,0,0,0,0,0,1,0,0,0,0,0,0,1,0,0,0,0,0,0,0,1,1,0,0,0,0,0,0,0,0,0,0,0,0,0,0,0,4,3,0,0,0,0,2,1,0,0,0,0,0,0,4,3,0,0,0,0,0,0,1,1,0,0,0,0,0,0,0,0,0,0,0,0,0,0,0,0,4,1,1,1,1,1,1,0,0,0,0,0,0,0,4,3,0,0,0,0,0,1,1,0,0,0,0,0,0,0,0,0,0,0,0,0,0,0,0,0,0,4,1,1,1,5,0,0,0,0,0,0,0,0,4,3,0,0,0,0,1,1,1,1,1,1,3,0,0,0,0,0,0,2,1,1,1,3,0,0,0,0,4,1,0,0,0,2,3,0,0,0,0,0,4,1,1,1,1,1,1,0,0,0,0,0,0,0,0,0,0,0,0,0,0,0,4,3,0,0,0,0,4,3,0,0,0,4,3,0,0,0,0,0,0,0,1,0,1,1,0,0,0,0,0,0,0,0,0,0,0,0,0,0,0,0,4,1,3,0,0,0,4,3,0,0,0,4,3,0,0,0,0,0,0,1,0,1,1,0,0,0,0,0,0,4,1,1,1,1,1,1,3,0,0,0,0,4,3,0,0,0,4,3,0,0,0,4,3,0,0,0,0,0,1,3,1,1,0,0,0,0,0,0,0,0,0,0,0,0,0,4,3,0,0,0,0,4,5,0,0,0,4,3,0,0,0,4,3,0,0,0,0,4,1,1,1,0,0,0,0,0,0,0,0,0,0,0,0,0,0,0,0,0,0,0,0,0,0,0,0,0,0,0,0,0,0,0,0,0,0,0,0,0,1,1,0,0,0,0,0,0,0,0,0,0,0,0,0,0,0,0,0,0,0,0,0,3,0,0,0,0,0,0,0,0,0,1,1,3,0,0,0,1,1,0,0,0,0,0,0,0,0,4,1,1,7,7,7,7,1,1,5,0,0,0,1,0,0,0,0,4,1,3,0,0,1,1,0,0,0,0,1,1,0,0,0,0,0,0,0,0,0,0,0,0,0,0,0,0,0,0,0,0,0,1,0,0,0,0,0,0,0,0,0,1,5,0,0,0,0,1,1,0,0,0,0,0,0,0,0,0,0,0,0,0,0,0,0,0,0,0,0,0,1,0,0,0,0,0,0,0,0,2,1,3,0,0,0,0,1,1,1,1,1,1,1,1,1,1,1,1,1,1,1,1,1,1,1,1,1,1,1,1,1,1,1,1,1,1,1,1,1,1,1,1,1,1,1,1],"height":29,"name":"Ground","opacity":1,"type":"tilelayer","visible":true,"width":39,"x":0,"y":0},{"draworder":"topdown","name":"Chars","objects":[{"gid":18,"height":64,"id":34,"name":"","rotation":0,"type":"","visible":true,"width":64,"x":960,"y":256},{"gid":19,"height":64,"id":35,"name":"","rotation":0,"type":"","visible":true,"width":64,"x":864,"y":256},{"gid":16,"height":64,"id":36,"name":"","rotation":0,"type":"","visible":true,"width":64,"x":96,"y":896},{"gid":17,"height":64,"id":37,"name":"","rotation":0,"type":"","visible":true,"width":64,"x":160,"y":896},{"gid":20,"height":64,"id":38,"name":"","rotation":0,"type":"","visible":true,"width":64,"x":720,"y":760},{"gid":20,"height":64,"id":39,"name":"","rotation":0,"type":"","visible":true,"width":64,"x":496,"y":720},{"gid":20,"height":64,"id":40,"name":"","rotation":0,"type":"","visible":true,"width":64,"x":192,"y":592},{"gid":20,"height":64,"id":41,"name":"","rotation":0,"type":"","visible":true,"width":64,"x":128,"y":368},{"gid":20,"height":64,"id":42,"name":"","rotation":0,"type":"","visible":true,"width":64,"x":1008,"y":112},{"gid":20,"height":64,"id":43,"name":"","rotation":0,"type":"","visible":true,"width":64,"x":1056,"y":496},{"gid":20,"height":64,"id":44,"name":"","rotation":0,"type":"","visible":true,"width":64,"x":1048,"y":720},{"gid":21,"height":64,"id":45,"name":"","rotation":0,"type":"","visible":true,"width":64,"x":480,"y":440},{"gid":21,"height":64,"id":46,"name":"","rotation":0,"type":"","visible":true,"width":64,"x":416,"y":560},{"gid":21,"height":64,"id":47,"name":"","rotation":0,"type":"","visible":true,"width":64,"x":272,"y":240},{"gid":21,"height":64,"id":48,"name":"","rotation":0,"type":"","visible":true,"width":64,"x":592,"y":160},{"gid":21,"height":64,"id":49,"name":"","rotation":0,"type":"","visible":true,"width":64,"x":784,"y":560},{"gid":21,"height":64,"id":50,"name":"","rotation":0,"type":"","visible":true,"width":64,"x":912,"y":784},{"gid":21,"height":64,"id":51,"name":"","rotation":0,"type":"","visible":true,"width":64,"x":624,"y":880}],"opacity":1,"type":"objectgroup","visible":true,"x":0,"y":0},{"draworder":"topdown","name":"Objects","objects":[{"gid":40,"height":96,"id":52,"name":"","properties":{"initialState":1},"propertytypes":{"initialState":"int"},"rotation":0,"type":"","visible":true,"width":64,"x":0,"y":384},{"gid":30,"height":64,"id":54,"name":"","properties":{"group":6},"propertytypes":{"group":"int"},"rotation":0,"type":"","visible":true,"width":64,"x":1120,"y":376},{"gid":30,"height":64,"id":55,"name":"","properties":{"group":1},"propertytypes":{"group":"int"},"rotation":135.901432636861,"type":"","visible":true,"width":64,"x":624.711963459935,"y":178.750766768577},{"gid":30,"height":64,"id":56,"name":"","properties":{"group":5},"propertytypes":{"group":"int"},"rotation":23.75,"type":"","visible":true,"width":64,"x":351.738841760198,"y":463.271269503338},{"gid":30,"height":64,"id":57,"name":"","properties":{"bringToBack":true,"group":3},"propertytypes":{"bringToBack":"bool","group":"int"},"rotation":24,"type":"","visible":true,"width":64,"x":32.6076903780773,"y":754.368435231533},{"gid":26,"height":64,"id":59,"name":"","properties":{"group":4},"propertytypes":{"group":"int"},"rotation":0,"type":"","visible":true,"width":64,"x":64,"y":608},{"gid":26,"height":64,"id":60,"name":"","properties":{"group":2,"startPos":1},"propertytypes":{"group":"int","startPos":"int"},"rotation":0,"type":"","visible":true,"width":64,"x":272,"y":704},{"gid":25,"height":64,"id":61,"name":"","properties":{"group":5},"propertytypes":{"group":"int"},"rotation":0,"type":"","visible":true,"width":64,"x":784,"y":928},{"gid":25,"height":64,"id":62,"name":"","properties":{"group":1},"propertytypes":{"group":"int"},"rotation":0,"type":"","visible":true,"width":64,"x":72,"y":160},{"gid":25,"height":64,"id":63,"name":"","properties":{"group":6},"propertytypes":{"group":"int"},"rotation":0,"type":"","visible":true,"width":64,"x":608,"y":544},{"gid":25,"height":64,"id":64,"name":"","properties":{"group":8},"propertytypes":{"group":"int"},"rotation":0,"type":"","visible":true,"width":64,"x":928,"y":160},{"gid":29,"height":64,"id":65,"name":"","properties":{"group":4},"propertytypes":{"group":"int"},"rotation":0,"type":"","visible":true,"width":64,"x":0,"y":480},{"gid":31,"height":64,"id":66,"name":"","properties":{"group":42},"propertytypes":{"group":"int"},"rotation":0,"type":"","visible":true,"width":64,"x":1120,"y":608},{"gid":31,"height":64,"id":68,"name":"","properties":{"group":41},"propertytypes":{"group":"int"},"rotation":225.173447844068,"type":"","visible":true,"width":64,"x":360,"y":64},{"gid":31,"height":64,"id":69,"name":"","properties":{"group":43},"propertytypes":{"group":"int"},"rotation":135.173,"type":"","visible":true,"width":64,"x":456,"y":24},{"height":64,"id":70,"name":"","properties":{"dx":0,"dy":3,"group":2},"propertytypes":{"dx":"int","dy":"int","group":"int"},"rotation":0,"type":"platform","visible":true,"width":32,"x":352,"y":832},{"height":96,"id":71,"name":"","properties":{"dx":0,"dy":3,"group":43},"propertytypes":{"dx":"int","dy":"int","group":"int"},"rotation":0,"type":"platform","visible":true,"width":32,"x":368,"y":160},{"height":96,"id":72,"name":"","properties":{"dx":0,"dy":-3,"group":41},"propertytypes":{"dx":"int","dy":"int","group":"int"},"rotation":0,"type":"platform","visible":true,"width":32,"x":576,"y":544},{"height":96,"id":73,"name":"","properties":{"dx":0,"dy":-4,"group":44},"propertytypes":{"dx":"int","dy":"int","group":"int"},"rotation":0,"type":"platform","visible":true,"width":32,"x":832,"y":32},{"height":96,"id":74,"name":"","properties":{"dx":0,"dy":4,"group":8},"propertytypes":{"dx":"int","dy":"int","group":"int"},"rotation":0,"type":"platform","visible":true,"width":32,"x":800,"y":160},{"gid":31,"height":64,"id":76,"name":"","properties":{"group":44},"propertytypes":{"group":"int"},"rotation":180,"type":"","visible":true,"width":64,"x":1184,"y":0},{"gid":40,"height":96,"id":77,"name":"","properties":{"initialState":1},"propertytypes":{"initialState":"int"},"rotation":-135,"type":"","visible":true,"width":64,"x":1200,"y":736},{"height":32,"id":78,"name":"","properties":{"dx":3,"group":42},"propertytypes":{"dx":"int","group":"int"},"rotation":0,"type":"platform","visible":true,"width":96,"x":832,"y":672}],"opacity":1,"type":"objectgroup","visible":true,"x":0,"y":0}],"nextobjectid":81,"orientation":"orthogonal","renderorder":"right-down","tiledversion":"1.1.3","tileheight":32,"tilesets":[{"firstgid":1,"source":"../../../assets/tilemaps/tilesets/Ground.json"},{"firstgid":16,"source":"../../../assets/tilemaps/tilesets/Chars.json"},{"firstgid":24,"source":"../../../assets/tilemaps/tilesets/Objects.json"},{"firstgid":40,"source":"../../../assets/tilemaps/tilesets/LargeObjects.json"}],"tilewidth":32,"type":"map","version":1,"width":39}