{"height":29,"infinite":false,"layers":[{"data":[1,1,1,1,1,1,1,1,1,1,1,1,1,1,1,1,1,1,1,1,1,1,1,1,1,1,1,1,1,1,1,1,1,1,1,1,1,1,1,1,0,0,0,0,0,0,0,0,0,0,0,0,0,0,0,0,0,0,0,0,0,0,0,0,0,4,3,0,0,0,0,0,0,0,0,0,0,1,1,0,0,0,0,0,0,0,0,0,0,0,0,0,0,0,0,0,0,0,0,0,0,0,0,0,0,4,1,1,3,0,0,0,0,0,0,0,1,1,0,0,0,0,0,0,0,0,0,0,0,0,0,0,0,0,0,0,0,0,0,0,0,0,0,0,0,0,0,4,1,3,0,0,0,0,0,1,1,1,1,1,1,1,1,1,1,1,1,1,1,1,1,5,0,0,0,0,0,0,0,0,0,0,0,0,0,0,0,0,1,0,0,0,0,0,1,1,0,0,0,0,0,0,0,0,0,0,0,0,0,0,0,0,0,0,0,0,0,0,0,0,0,0,0,0,0,0,0,0,0,0,0,0,0,1,1,0,0,0,0,0,0,0,0,0,0,0,0,0,0,0,0,0,0,2,1,1,1,1,1,3,0,0,0,0,0,0,0,0,0,0,0,0,1,1,0,0,0,0,0,0,0,0,0,0,0,0,0,0,0,0,0,2,5,0,0,0,0,0,4,1,1,3,0,0,0,0,0,0,0,0,0,1,1,0,0,0,0,2,1,1,1,1,1,1,1,1,1,1,1,1,5,0,0,0,0,0,0,0,0,0,4,1,1,1,1,1,3,0,0,0,1,1,0,0,0,0,0,0,0,0,0,0,0,4,3,0,0,0,4,3,0,0,0,0,0,0,0,0,0,0,0,0,0,0,0,0,0,0,0,1,1,3,0,0,0,0,0,0,0,0,0,0,0,1,0,0,0,0,4,1,1,1,1,1,3,0,0,0,0,0,0,0,0,0,0,0,0,2,1,1,4,1,1,3,0,0,0,0,0,0,0,0,1,0,0,0,0,0,0,0,0,0,0,4,1,1,1,3,0,0,0,0,0,0,0,2,5,1,1,0,0,0,4,1,1,1,1,3,0,0,0,1,0,0,0,0,0,0,0,0,0,0,0,0,0,0,4,1,1,1,1,1,1,1,5,0,1,1,0,0,0,0,0,0,0,0,0,0,0,0,1,0,0,0,3,0,0,0,0,0,0,0,0,0,0,0,0,0,0,0,0,4,3,0,0,1,1,0,0,0,0,0,0,0,0,0,0,0,2,5,0,0,0,1,1,1,1,1,3,0,0,0,0,0,0,0,0,0,0,0,0,4,3,0,1,1,0,0,0,0,0,0,0,0,0,0,2,5,0,0,0,2,5,0,0,0,0,4,1,1,1,3,0,0,0,0,0,0,0,0,0,4,3,1,1,0,0,0,2,1,1,1,1,1,1,5,0,0,0,2,5,0,0,0,0,0,0,0,0,0,4,1,1,1,1,1,3,0,0,0,0,4,1,1,0,0,0,1,0,0,0,0,0,0,0,0,0,2,1,3,0,0,0,0,0,0,0,0,0,0,0,0,0,0,0,4,3,0,0,0,0,1,1,0,0,0,1,0,0,0,0,0,0,0,0,2,5,0,4,3,0,0,0,0,0,0,0,0,0,0,0,0,0,0,0,1,0,0,0,0,1,1,0,0,0,1,0,0,0,0,0,0,0,2,1,0,0,0,4,1,1,1,3,0,0,0,0,0,0,0,0,0,0,0,1,0,0,0,0,1,1,0,0,0,1,0,0,0,0,4,1,1,5,4,3,0,0,0,0,0,0,4,1,5,0,0,0,2,1,1,1,1,1,1,0,0,0,0,1,1,0,0,0,1,0,0,0,0,0,0,0,0,0,4,1,3,0,0,0,0,0,0,0,0,0,2,5,0,0,0,0,0,4,3,0,0,0,1,1,0,0,0,1,1,1,3,0,0,0,0,0,0,0,0,0,0,0,0,0,0,0,0,0,2,5,0,0,0,0,0,0,0,1,0,0,0,1,1,0,0,0,1,0,0,1,0,0,0,0,0,0,0,0,0,0,0,0,0,0,0,0,2,5,0,0,0,0,0,0,0,2,1,0,0,0,1,1,0,0,0,1,2,1,5,0,0,0,0,0,0,4,1,1,1,5,0,0,0,0,0,0,0,0,0,0,0,4,1,1,5,1,0,0,0,1,1,0,0,0,1,5,0,0,0,0,0,0,0,0,0,0,0,0,0,0,0,0,0,0,0,0,0,0,0,0,0,0,0,0,1,0,0,0,1,1,0,0,0,1,0,0,0,0,4,1,1,1,5,0,0,0,0,0,0,4,1,1,1,1,1,1,5,0,0,0,0,0,0,1,0,0,0,1,1,0,0,0,1,0,0,0,0,0,0,0,0,0,0,0,0,0,0,0,0,0,0,0,0,0,0,0,0,0,0,0,0,0,1,0,0,0,1,1,11,11,11,1,8,8,8,8,8,8,8,8,8,8,8,8,8,8,8,8,8,8,8,8,8,8,8,8,8,8,8,8,8,1,11,11,11,1],"height":29,"name":"Ground","opacity":1,"type":"tilelayer","visible":true,"width":39,"x":0,"y":0},{"draworder":"topdown","name":"Chars","objects":[{"gid":18,"height":64,"id":34,"name":"","rotation":0,"type":"","visible":true,"width":64,"x":944,"y":640},{"gid":19,"height":64,"id":35,"name":"","rotation":0,"type":"","visible":true,"width":64,"x":592,"y":608},{"gid":16,"height":64,"id":36,"name":"","rotation":0,"type":"","visible":true,"width":64,"x":48,"y":128},{"gid":17,"height":64,"id":37,"name":"","rotation":0,"type":"","visible":true,"width":64,"x":112,"y":128},{"gid":21,"height":64,"id":38,"name":"","rotation":0,"type":"","visible":true,"width":64,"x":480,"y":112},{"gid":21,"height":64,"id":39,"name":"","rotation":0,"type":"","visible":true,"width":64,"x":1072,"y":240},{"gid":21,"height":64,"id":40,"name":"","rotation":0,"type":"","visible":true,"width":64,"x":1104,"y":600},{"gid":21,"height":64,"id":41,"name":"","rotation":0,"type":"","visible":true,"width":64,"x":464,"y":656},{"gid":21,"height":64,"id":42,"name":"","rotation":0,"type":"","visible":true,"width":64,"x":336,"y":816},{"gid":21,"height":64,"id":43,"name":"","rotation":0,"type":"","visible":true,"width":64,"x":168,"y":656},{"gid":21,"height":64,"id":44,"name":"","rotation":0,"type":"","visible":true,"width":64,"x":256,"y":496},{"gid":21,"height":64,"id":45,"name":"","rotation":0,"type":"","visible":true,"width":64,"x":192,"y":240},{"gid":20,"height":64,"id":46,"name":"","rotation":0,"type":"","visible":true,"width":64,"x":944,"y":240},{"gid":20,"height":64,"id":47,"name":"","rotation":0,"type":"","visible":true,"width":64,"x":800,"y":336},{"gid":20,"height":64,"id":48,"name":"","rotation":0,"type":"","visible":true,"width":64,"x":928,"y":496},{"gid":20,"height":64,"id":49,"name":"","rotation":0,"type":"","visible":true,"width":64,"x":992,"y":752},{"gid":20,"height":64,"id":50,"name":"","rotation":0,"type":"","visible":true,"width":64,"x":576,"y":752},{"gid":20,"height":64,"id":51,"name":"","rotation":0,"type":"","visible":true,"width":64,"x":448,"y":512},{"gid":20,"height":64,"id":52,"name":"","rotation":0,"type":"","visible":true,"width":64,"x":48,"y":704},{"gid":20,"height":64,"id":53,"name":"","rotation":0,"type":"","visible":true,"width":64,"x":48,"y":320}],"opacity":1,"type":"objectgroup","visible":true,"x":0,"y":0},{"draworder":"topdown","name":"Objects","objects":[{"gid":40,"height":96,"id":57,"name":"","properties":{"group":8,"initialState":1,"portalId":8},"propertytypes":{"group":"int","initialState":"int","portalId":"int"},"rotation":-90,"type":"","visible":true,"width":64,"x":128,"y":928},{"gid":40,"height":96,"id":58,"name":"","properties":{"initialState":1},"propertytypes":{"initialState":"int"},"rotation":0,"type":"","visible":true,"width":64,"x":1008,"y":256},{"gid":40,"height":96,"id":59,"name":"","properties":{"initialState":1},"propertytypes":{"initialState":"int"},"rotation":0,"type":"","visible":true,"width":64,"x":416,"y":128},{"gid":40,"height":96,"id":60,"name":"","properties":{"group":8,"initialState":1,"portalId":8},"propertytypes":{"group":"int","initialState":"int","portalId":"int"},"rotation":-90,"type":"","visible":true,"width":64,"x":1216,"y":928},{"gid":40,"height":96,"id":62,"name":"","properties":{"group":9,"initialState":1,"portalId":9},"propertytypes":{"group":"int","initialState":"int","portalId":"int"},"rotation":-229.003547661063,"type":"","visible":true,"width":64,"x":401.053437704736,"y":487.188245280499},{"gid":40,"height":96,"id":63,"name":"","properties":{"group":9,"initialState":1,"portalId":9},"propertytypes":{"group":"int","initialState":"int","portalId":"int"},"rotation":47.8623256821924,"type":"","visible":true,"width":64,"x":216,"y":696},{"height":96,"id":65,"name":"","properties":{"dx":0,"dy":4,"group":5},"propertytypes":{"dx":"int","dy":"int","group":"int"},"rotation":0,"type":"platform","visible":true,"width":32,"x":352,"y":160},{"gid":26,"height":64,"id":66,"name":"","properties":{"group":5},"propertytypes":{"group":"int"},"rotation":0,"type":"","visible":true,"width":64,"x":656,"y":352}],"opacity":1,"type":"objectgroup","visible":true,"x":0,"y":0}],"nextobjectid":67,"orientation":"orthogonal","renderorder":"right-down","tiledversion":"1.1.3","tileheight":32,"tilesets":[{"firstgid":1,"source":"../../../assets/tilemaps/tilesets/Ground.json"},{"firstgid":16,"source":"../../../assets/tilemaps/tilesets/Chars.json"},{"firstgid":24,"source":"../../../assets/tilemaps/tilesets/Objects.json"},{"firstgid":40,"source":"../../../assets/tilemaps/tilesets/LargeObjects.json"}],"tilewidth":32,"type":"map","version":1,"width":39}