{"height":29,"infinite":false,"layers":[{"data":[1,1,1,1,1,1,1,1,1,1,1,1,1,1,1,1,1,1,1,1,1,1,1,1,1,1,1,1,1,1,1,1,1,1,1,1,1,1,1,1,0,2,5,0,0,0,4,1,1,5,0,0,0,0,0,4,3,0,0,0,0,0,0,0,0,2,5,0,0,0,0,0,0,0,0,0,0,1,1,0,1,0,0,0,0,0,0,0,0,0,0,0,0,0,0,4,1,1,1,1,3,2,1,1,5,0,0,0,0,0,0,0,0,0,0,0,1,1,0,1,0,0,0,0,0,0,0,0,0,0,0,0,0,0,0,0,0,0,0,4,5,0,0,0,0,0,0,0,0,0,0,0,0,0,0,1,1,0,4,3,0,0,0,0,0,0,0,0,0,0,0,0,0,0,0,0,0,0,0,0,0,0,0,0,0,0,0,0,0,0,0,0,0,0,1,1,0,0,4,1,1,1,1,1,1,1,1,3,0,0,0,0,0,0,0,0,0,0,0,0,0,0,0,0,0,0,0,0,2,1,1,1,1,1,1,0,0,0,2,1,1,1,1,1,5,0,0,0,0,0,0,2,1,7,7,7,7,7,7,1,1,1,3,0,0,0,0,0,0,0,0,0,1,1,2,1,1,5,0,0,0,0,0,0,0,0,0,0,0,2,5,0,0,0,0,0,0,0,0,0,0,0,0,0,0,0,0,0,0,0,0,1,1,5,0,0,0,0,0,0,0,0,0,0,0,0,0,2,5,0,0,0,0,0,0,0,0,0,0,0,0,0,0,0,0,0,0,0,0,0,1,1,0,0,0,0,0,0,0,0,0,0,0,0,0,0,0,0,0,0,0,0,0,0,0,0,0,0,0,0,2,1,1,3,0,0,0,0,0,1,1,0,0,0,0,2,1,1,1,1,1,3,0,0,0,0,0,0,0,0,2,1,6,6,6,6,6,6,6,1,1,1,1,1,3,0,0,0,1,1,0,0,0,0,0,0,0,0,0,0,4,3,0,0,0,0,0,0,0,1,5,0,0,0,0,4,1,0,0,0,0,0,4,5,0,0,0,1,1,3,0,0,0,0,0,0,0,0,0,0,4,1,3,0,0,0,0,0,1,0,0,0,0,0,0,1,0,0,0,0,0,0,0,0,0,0,1,1,1,1,3,0,0,0,0,0,0,0,0,0,0,4,1,1,1,1,1,5,0,0,0,0,0,0,1,0,0,0,0,0,0,0,0,2,1,1,1,1,1,1,1,3,0,0,0,0,0,0,0,0,0,0,0,0,0,0,0,0,0,0,0,0,0,1,0,0,0,0,0,0,0,2,5,0,1,1,0,0,0,0,4,3,0,0,0,0,0,0,0,0,0,0,0,0,0,0,0,0,0,0,0,0,4,1,1,1,1,1,1,1,1,1,1,1,1,0,0,0,0,0,4,3,0,0,2,1,3,0,0,0,0,0,0,0,0,0,0,0,0,0,0,0,0,0,0,0,0,0,0,0,0,0,1,1,0,0,0,0,0,0,4,1,1,5,0,0,0,0,0,0,0,0,0,0,0,0,0,3,0,0,0,0,0,0,0,0,0,0,0,0,0,1,1,0,0,0,0,0,0,0,0,0,0,0,0,0,0,0,0,0,0,0,0,0,0,0,4,3,0,0,0,0,0,0,0,0,0,0,0,0,1,1,1,1,1,1,3,0,0,0,0,0,0,0,0,0,0,0,0,0,0,0,0,0,0,0,4,3,0,0,0,0,0,0,0,0,0,0,0,1,1,0,0,0,5,4,1,7,7,7,7,7,7,1,1,3,0,0,0,0,0,0,0,0,0,0,4,1,1,1,1,1,1,1,1,1,1,1,1,1,0,0,0,0,0,0,0,0,0,0,0,0,0,0,0,0,0,0,0,0,0,0,0,0,0,0,0,1,5,0,4,1,5,0,0,0,0,1,1,0,0,0,0,0,0,0,0,0,0,0,0,0,0,0,0,0,0,0,0,0,0,0,0,2,1,1,1,3,0,0,1,0,0,0,0,0,1,1,0,0,0,0,0,0,0,0,0,0,0,0,0,0,0,0,0,0,2,1,0,0,0,2,5,0,0,0,4,3,2,5,0,0,0,0,0,1,1,0,0,0,4,1,1,1,1,1,1,1,1,1,1,1,1,1,1,5,0,0,0,0,1,0,0,0,0,0,1,1,0,0,0,0,0,0,1,1,0,0,0,0,0,0,0,0,0,0,0,0,0,0,0,0,0,0,0,0,0,0,0,1,0,0,0,0,0,0,0,0,0,0,0,0,0,1,1,0,0,0,0,0,0,0,0,0,0,0,0,0,0,0,0,0,0,0,0,0,0,0,1,0,0,0,0,0,0,0,0,0,0,0,0,0,1,1,0,0,0,0,0,0,0,0,0,0,0,0,0,0,0,0,0,0,2,1,0,0,0,1,3,0,0,0,0,0,0,0,0,0,0,0,2,1,1,1,1,1,1,1,1,1,1,1,1,1,1,1,1,1,1,1,1,1,1,1,1,1,1,1,1,1,1,1,1,1,1,1,1,1,1,1,1],"height":29,"name":"Ground","opacity":1,"type":"tilelayer","visible":true,"width":39,"x":0,"y":0},{"draworder":"topdown","name":"Chars","objects":[{"gid":17,"height":64,"id":34,"name":"","rotation":0,"type":"","visible":true,"width":64,"x":1152,"y":160},{"gid":18,"height":64,"id":36,"name":"","rotation":0,"type":"","visible":true,"width":64,"x":960,"y":640},{"gid":19,"height":64,"id":37,"name":"","rotation":0,"type":"","visible":true,"width":64,"x":1104,"y":640},{"gid":20,"height":64,"id":38,"name":"","rotation":0,"type":"","visible":true,"width":64,"x":688,"y":832},{"gid":20,"height":64,"id":39,"name":"","rotation":0,"type":"","visible":true,"width":64,"x":688,"y":504},{"gid":20,"height":64,"id":40,"name":"","rotation":0,"type":"","visible":true,"width":64,"x":312,"y":752},{"gid":20,"height":64,"id":41,"name":"","rotation":0,"type":"","visible":true,"width":64,"x":200,"y":472},{"gid":20,"height":64,"id":42,"name":"","rotation":0,"type":"","visible":true,"width":64,"x":816,"y":176},{"gid":21,"height":64,"id":43,"name":"","rotation":0,"type":"","visible":true,"width":64,"x":144,"y":128},{"gid":21,"height":64,"id":44,"name":"","rotation":0,"type":"","visible":true,"width":64,"x":1056,"y":304},{"gid":21,"height":64,"id":45,"name":"","rotation":0,"type":"","visible":true,"width":64,"x":496,"y":384},{"gid":21,"height":64,"id":46,"name":"","rotation":0,"type":"","visible":true,"width":64,"x":832,"y":848},{"gid":21,"height":64,"id":47,"name":"","rotation":0,"type":"","visible":true,"width":64,"x":512,"y":880},{"gid":16,"height":64,"id":63,"name":"","rotation":0,"type":"","visible":true,"width":64,"x":1088,"y":160}],"opacity":1,"type":"objectgroup","visible":true,"x":0,"y":0},{"draworder":"topdown","name":"Objects","objects":[{"gid":42,"height":96,"id":52,"name":"","properties":{"group":1,"length":16},"propertytypes":{"group":"int","length":"float"},"rotation":-90,"type":"","visible":true,"width":64,"x":768,"y":928},{"gid":41,"height":96,"id":53,"name":"","rotation":0,"type":"","visible":true,"width":64,"x":256,"y":160},{"gid":40,"height":96,"id":54,"name":"","rotation":0,"type":"","visible":true,"width":64,"x":960,"y":896},{"gid":24,"height":64,"id":55,"name":"","properties":{"group":2},"propertytypes":{"group":"int"},"rotation":0,"type":"","visible":true,"width":64,"x":560,"y":448},{"gid":24,"height":64,"id":56,"name":"","properties":{"group":6},"propertytypes":{"group":"int"},"rotation":0,"type":"","visible":true,"width":64,"x":512,"y":800},{"gid":24,"height":64,"id":57,"name":"","properties":{"group":5},"propertytypes":{"group":"int"},"rotation":0,"type":"","visible":true,"width":64,"x":48,"y":640},{"gid":25,"height":64,"id":58,"name":"","properties":{"group":1},"propertytypes":{"group":"int"},"rotation":0,"type":"","visible":true,"width":64,"x":312,"y":928},{"height":96,"id":59,"name":"","properties":{"dx":0,"dy":3,"group":6},"propertytypes":{"dx":"int","dy":"int","group":"int"},"rotation":0,"type":"platform","visible":true,"width":32,"x":640,"y":768},{"height":96,"id":60,"name":"","properties":{"dx":0,"dy":-3,"group":2},"propertytypes":{"dx":"int","dy":"int","group":"int"},"rotation":0,"type":"platform","visible":true,"width":32,"x":272,"y":224},{"gid":25,"height":64,"id":61,"name":"","rotation":0,"type":"","visible":true,"width":64,"x":976,"y":512},{"gid":28,"height":64,"id":62,"name":"","rotation":0,"type":"","visible":true,"width":64,"x":1088,"y":896},{"height":32,"id":65,"name":"","properties":{"dx":-3,"group":5},"propertytypes":{"dx":"int","group":"int"},"rotation":0,"type":"platform","visible":true,"width":96,"x":32,"y":768}],"opacity":1,"type":"objectgroup","visible":true,"x":0,"y":0}],"nextobjectid":66,"orientation":"orthogonal","renderorder":"right-down","tiledversion":"1.1.3","tileheight":32,"tilesets":[{"firstgid":1,"source":"../../../assets/tilemaps/tilesets/Ground.json"},{"firstgid":16,"source":"../../../assets/tilemaps/tilesets/Chars.json"},{"firstgid":24,"source":"../../../assets/tilemaps/tilesets/Objects.json"},{"firstgid":40,"source":"../../../assets/tilemaps/tilesets/LargeObjects.json"}],"tilewidth":32,"type":"map","version":1,"width":39}