{"height":29,"infinite":false,"layers":[{"data":[1,1,1,1,1,1,1,1,1,1,1,1,1,1,1,1,1,1,1,1,1,1,1,1,1,1,1,1,1,1,1,1,1,1,1,1,1,1,1,1,2,1,5,0,0,0,0,0,0,0,0,0,0,0,4,3,0,0,0,0,2,5,0,0,0,0,0,0,0,0,0,0,0,0,0,0,0,11,1,5,0,0,0,0,0,0,0,0,0,0,0,0,0,0,4,3,0,0,2,5,0,0,0,0,0,0,0,0,0,0,0,0,0,0,0,0,11,1,0,0,0,0,0,2,1,1,1,1,3,0,0,0,0,0,4,1,1,5,0,0,0,0,0,0,0,0,0,0,0,0,0,0,0,0,0,11,1,0,0,0,2,1,5,0,0,0,0,4,1,3,0,0,0,0,0,0,0,0,0,0,0,0,0,0,0,2,1,1,1,1,1,1,1,1,1,1,3,0,0,0,0,0,0,0,0,0,0,0,4,3,0,0,0,0,0,0,0,0,0,0,0,0,0,2,5,0,0,0,0,0,0,4,3,1,1,4,3,0,0,0,0,0,0,0,0,0,0,0,4,1,3,0,0,0,0,2,7,7,7,7,1,1,5,0,0,0,0,0,0,0,0,4,1,1,0,4,3,0,0,0,0,0,0,0,0,0,0,0,0,4,3,2,1,1,5,0,0,0,0,0,0,0,0,0,0,0,0,0,0,0,0,1,1,1,1,1,1,1,1,1,6,6,6,1,3,0,0,0,0,4,5,0,0,0,0,0,0,0,0,0,0,0,2,1,1,1,3,0,0,0,1,1,0,0,0,0,0,0,0,0,0,0,0,4,3,0,0,0,0,0,0,0,0,0,0,0,0,0,0,0,2,5,0,0,0,0,0,0,0,1,1,0,0,0,0,0,0,0,0,0,0,0,0,4,1,3,0,0,0,0,0,0,0,0,0,0,2,1,1,5,0,0,0,0,0,0,0,0,1,1,0,0,0,0,0,0,0,0,0,0,0,0,0,0,4,3,0,2,1,1,1,1,1,1,1,5,0,0,0,0,0,0,0,0,0,0,2,1,1,0,0,0,0,0,0,0,0,0,0,0,0,0,0,0,4,1,1,3,0,2,5,0,0,0,0,0,0,0,0,0,0,0,2,1,1,5,1,1,1,1,1,1,1,1,1,1,1,1,1,3,0,0,0,0,0,0,4,1,5,0,0,0,0,0,0,0,0,0,0,0,2,5,0,0,0,1,11,0,0,0,0,0,0,0,0,0,0,0,4,1,3,0,0,0,0,0,0,0,0,0,0,0,0,0,0,0,2,1,1,1,3,0,0,0,1,11,0,0,0,0,0,0,0,0,0,0,0,0,0,4,3,0,0,0,0,0,0,0,0,0,0,2,7,7,7,5,0,0,0,4,3,0,0,1,11,0,0,0,0,0,0,0,0,0,0,0,0,0,0,4,1,1,3,0,0,0,2,1,1,1,5,0,0,0,0,0,0,0,0,4,3,0,1,1,1,1,3,0,0,0,0,0,0,0,0,0,0,0,0,0,0,4,1,1,1,5,0,0,0,0,0,0,0,0,0,0,0,0,0,4,3,1,1,1,5,4,1,1,1,3,0,0,0,0,0,0,0,0,0,0,0,0,0,0,0,0,0,0,0,0,0,0,0,0,0,0,0,0,0,4,1,11,0,0,0,0,0,0,4,1,1,3,0,0,0,0,0,0,0,0,0,0,0,0,0,0,0,0,0,0,0,2,1,1,3,0,0,0,0,1,11,0,0,0,0,0,0,0,0,0,4,6,6,6,6,1,1,1,3,0,0,0,2,1,1,1,1,1,1,1,5,0,0,4,3,0,0,0,1,11,0,0,0,0,0,0,0,0,0,0,0,0,0,0,0,0,0,4,1,1,1,5,0,0,0,0,0,0,0,0,0,0,0,0,0,0,2,1,1,1,1,3,0,0,0,0,0,0,0,0,0,0,0,0,0,0,0,4,1,5,0,0,0,0,0,0,0,0,0,0,0,0,0,0,2,5,1,1,0,0,4,1,1,3,0,0,0,0,0,0,0,0,0,0,0,0,0,1,0,0,0,0,0,0,0,0,0,0,0,0,0,0,2,1,3,1,1,0,0,0,0,0,4,6,6,6,1,1,1,1,1,3,0,0,0,0,1,0,0,0,0,2,1,1,1,1,1,7,7,7,1,5,0,4,1,1,0,0,0,0,0,0,0,0,0,0,0,0,0,0,0,0,0,0,0,1,3,0,0,0,0,0,0,0,0,0,0,0,0,0,0,0,0,11,1,0,0,0,0,0,0,0,0,0,0,0,0,0,0,0,0,0,0,2,5,4,3,0,0,0,0,0,0,0,0,0,0,0,0,0,0,0,11,1,0,0,0,0,0,0,0,0,0,0,0,0,0,0,0,0,0,2,5,0,0,4,3,0,0,0,0,0,0,0,0,0,0,0,0,0,0,11,1,1,1,1,1,1,1,1,1,1,1,1,1,1,1,1,1,1,1,1,1,1,1,1,1,1,1,1,1,1,1,1,1,1,1,1,1,1,1],"height":29,"name":"Ground","opacity":1,"type":"tilelayer","visible":true,"width":39,"x":0,"y":0},{"draworder":"topdown","name":"Chars","objects":[{"gid":21,"height":64,"id":34,"name":"","rotation":0,"type":"","visible":true,"width":64,"x":448,"y":880},{"gid":21,"height":64,"id":35,"name":"","rotation":0,"type":"","visible":true,"width":64,"x":256,"y":584},{"gid":21,"height":64,"id":36,"name":"","rotation":0,"type":"","visible":true,"width":64,"x":288,"y":400},{"gid":21,"height":64,"id":37,"name":"","rotation":0,"type":"","visible":true,"width":64,"x":496,"y":176},{"gid":21,"height":64,"id":38,"name":"","rotation":0,"type":"","visible":true,"width":64,"x":1008,"y":240},{"gid":21,"height":64,"id":39,"name":"","rotation":0,"type":"","visible":true,"width":64,"x":752,"y":496},{"gid":21,"height":64,"id":40,"name":"","rotation":0,"type":"","visible":true,"width":64,"x":896,"y":632},{"gid":21,"height":64,"id":41,"name":"","rotation":0,"type":"","visible":true,"width":64,"x":1072,"y":880},{"gid":20,"height":64,"id":42,"name":"","rotation":0,"type":"","visible":true,"width":64,"x":448,"y":752},{"gid":20,"height":64,"id":43,"name":"","rotation":0,"type":"","visible":true,"width":64,"x":624,"y":656},{"gid":20,"height":64,"id":44,"name":"","rotation":0,"type":"","visible":true,"width":64,"x":712,"y":784},{"gid":20,"height":64,"id":45,"name":"","rotation":0,"type":"","visible":true,"width":64,"x":528,"y":496},{"gid":20,"height":64,"id":46,"name":"","rotation":0,"type":"","visible":true,"width":64,"x":720,"y":336},{"gid":20,"height":64,"id":47,"name":"","rotation":0,"type":"","visible":true,"width":64,"x":848,"y":144},{"gid":20,"height":64,"id":48,"name":"","rotation":0,"type":"","visible":true,"width":64,"x":1008,"y":416},{"gid":20,"height":64,"id":49,"name":"","rotation":0,"type":"","visible":true,"width":64,"x":128,"y":240},{"gid":16,"height":64,"id":50,"name":"","rotation":0,"type":"","visible":true,"width":64,"x":64,"y":896},{"gid":17,"height":64,"id":51,"name":"","rotation":0,"type":"","visible":true,"width":64,"x":128,"y":896},{"gid":19,"height":64,"id":52,"name":"","rotation":0,"type":"","visible":true,"width":64,"x":64,"y":416},{"gid":18,"height":64,"id":53,"name":"","rotation":0,"type":"","visible":true,"width":64,"x":160,"y":416}],"opacity":1,"type":"objectgroup","visible":true,"x":0,"y":0},{"draworder":"topdown","name":"Objects","objects":[{"gid":41,"height":96,"id":54,"name":"","properties":{"group":2,"initialState":1,"portalId":2},"propertytypes":{"group":"int","initialState":"int","portalId":"int"},"rotation":0,"type":"","visible":true,"width":64,"x":624,"y":352},{"gid":40,"height":96,"id":55,"name":"","properties":{"group":2,"initialState":1,"portalId":2},"propertytypes":{"group":"int","initialState":"int","portalId":"int"},"rotation":0,"type":"","visible":true,"width":64,"x":624,"y":544},{"gid":41,"height":96,"id":56,"name":"","properties":{"group":0,"initialState":1,"portalId":0},"propertytypes":{"group":"int","initialState":"int","portalId":"int"},"rotation":0,"type":"","visible":true,"width":64,"x":1184,"y":896},{"gid":41,"height":96,"id":57,"name":"","properties":{"group":5,"initialState":1,"portalId":5},"propertytypes":{"group":"int","initialState":"int","portalId":"int"},"rotation":0,"type":"","visible":true,"width":64,"x":0,"y":544},{"gid":40,"height":96,"id":58,"name":"","properties":{"initialState":1},"propertytypes":{"initialState":"int"},"rotation":0,"type":"","visible":true,"width":64,"x":0,"y":704},{"gid":40,"height":96,"id":59,"name":"","properties":{"group":5,"initialState":1,"portalId":5},"propertytypes":{"group":"int","initialState":"int","portalId":"int"},"rotation":0,"type":"","visible":true,"width":64,"x":1184,"y":128}],"opacity":1,"type":"objectgroup","visible":true,"x":0,"y":0}],"nextobjectid":60,"orientation":"orthogonal","renderorder":"right-down","tiledversion":"1.1.3","tileheight":32,"tilesets":[{"firstgid":1,"source":"../../../assets/tilemaps/tilesets/Ground.json"},{"firstgid":16,"source":"../../../assets/tilemaps/tilesets/Chars.json"},{"firstgid":24,"source":"../../../assets/tilemaps/tilesets/Objects.json"},{"firstgid":40,"source":"../../../assets/tilemaps/tilesets/LargeObjects.json"}],"tilewidth":32,"type":"map","version":1,"width":39}