{"height":29,"infinite":false,"layers":[{"data":[1,1,1,1,1,1,1,1,1,1,1,1,1,1,1,1,1,1,1,1,1,1,1,1,1,1,1,1,1,1,1,1,1,1,1,1,1,1,1,1,0,0,0,0,0,0,1,5,0,0,0,0,0,0,0,0,0,0,0,0,0,0,0,0,0,0,0,4,1,1,0,0,1,1,5,0,0,1,1,0,0,0,0,0,0,1,0,0,0,0,0,0,0,0,0,0,0,0,0,0,0,0,0,0,0,0,0,0,0,0,0,0,0,0,0,0,1,1,0,0,0,0,0,0,1,0,0,0,0,0,0,0,0,0,0,0,0,0,0,0,0,0,0,0,0,0,0,0,0,0,0,0,0,0,0,1,1,0,0,0,0,0,0,1,3,0,0,0,0,2,1,1,1,1,1,1,1,1,1,1,1,1,1,1,1,1,1,0,0,1,1,5,0,0,1,1,0,0,1,1,1,1,1,1,1,1,1,1,5,0,0,0,0,0,0,4,3,0,0,0,0,2,5,0,0,1,0,0,1,0,0,0,0,1,1,0,0,1,0,0,0,0,0,0,0,0,0,0,0,0,0,0,0,0,0,4,1,1,1,1,5,0,0,0,5,0,0,4,0,0,0,0,1,1,0,0,1,0,0,0,0,0,0,0,0,0,0,0,0,0,0,0,0,0,0,0,0,0,0,0,0,0,0,0,0,0,0,0,0,0,0,1,1,0,0,1,0,0,0,0,0,0,0,0,0,0,0,0,0,0,0,0,0,0,0,0,0,0,0,0,0,0,0,0,0,0,0,0,0,0,1,1,0,0,1,0,0,0,0,0,0,0,3,0,0,0,0,0,0,0,0,0,0,0,0,0,0,0,0,0,0,0,0,0,0,0,0,0,0,1,1,0,0,4,0,0,0,0,0,0,0,4,1,1,1,1,3,0,0,0,0,0,0,0,0,0,0,0,0,0,0,0,0,0,0,0,0,0,1,1,0,0,0,0,0,0,0,0,0,0,0,0,0,0,0,4,3,0,0,0,0,2,0,0,0,0,0,0,0,0,0,0,0,0,0,0,0,1,1,0,0,0,0,0,0,0,0,0,0,0,0,0,0,0,0,4,1,1,1,1,1,1,1,1,1,1,1,1,1,0,0,1,1,1,1,1,1,1,1,1,1,1,3,0,0,0,0,0,0,0,0,0,0,0,0,0,0,0,0,0,0,0,0,0,0,0,0,0,0,0,0,0,0,0,0,1,1,0,0,0,0,0,0,0,0,0,0,0,0,0,0,0,0,0,0,0,0,0,0,0,0,0,0,0,0,0,0,0,0,0,0,0,0,0,1,1,0,0,0,0,0,0,0,0,0,0,0,0,0,0,0,0,0,0,0,0,0,0,0,0,0,0,0,0,0,0,0,0,0,0,0,0,2,1,1,1,1,1,1,1,1,1,3,0,0,0,0,0,0,0,0,2,1,1,1,3,0,0,0,0,0,2,1,1,1,1,1,1,1,1,1,1,1,1,0,0,0,0,0,0,0,0,0,0,0,0,0,0,0,2,1,0,0,0,4,3,0,0,0,0,0,0,0,0,0,0,0,0,0,0,0,1,1,0,0,0,0,0,0,0,0,0,0,0,2,1,1,1,5,1,0,0,0,0,4,1,3,0,0,0,0,0,0,0,0,0,0,0,0,0,1,1,0,0,0,0,0,0,0,0,0,0,2,5,0,0,0,2,1,3,0,0,0,0,0,0,0,0,0,0,0,0,0,0,0,0,0,0,2,1,1,1,1,1,1,1,1,1,1,1,1,1,1,1,1,1,5,0,4,1,1,3,0,0,0,0,0,0,0,0,0,0,2,1,1,1,1,1,1,1,0,0,0,0,0,0,0,0,0,0,0,0,0,0,0,0,0,0,0,0,0,0,0,0,0,2,1,1,3,0,0,0,0,0,0,0,0,1,1,0,0,0,0,0,0,0,0,0,0,0,0,0,0,0,0,0,0,0,0,0,0,0,0,0,0,0,0,0,0,0,0,0,0,0,0,0,1,1,0,0,0,0,0,0,0,0,0,0,0,0,0,0,0,0,0,0,0,0,2,1,1,3,0,0,0,0,0,0,0,0,0,0,0,0,0,1,1,1,1,1,1,6,6,6,6,6,6,6,6,1,1,1,3,0,0,4,1,5,0,0,0,0,0,0,0,0,0,2,1,1,1,1,1,1,1,1,0,0,0,0,0,0,0,0,0,0,0,0,0,0,0,0,0,0,0,0,0,0,0,0,0,0,0,0,0,0,0,0,0,0,0,0,0,1,1,0,0,0,0,0,0,0,0,0,0,0,0,0,0,0,0,0,0,0,0,0,0,0,0,2,1,1,3,0,0,0,0,0,0,0,0,0,1,1,0,0,0,0,0,0,0,0,0,0,0,0,0,0,0,0,0,0,0,0,0,0,0,0,0,0,0,4,3,0,0,0,0,0,0,0,0,1,1,1,1,1,1,1,1,1,1,1,1,1,1,1,1,1,1,1,1,1,1,1,1,1,1,1,1,1,1,1,1,1,1,1,1,1,1,1,1],"height":29,"name":"Ground","opacity":1,"type":"tilelayer","visible":true,"width":39,"x":0,"y":0},{"draworder":"topdown","name":"Chars","objects":[{"gid":17,"height":64,"id":34,"name":"","rotation":0,"type":"","visible":true,"width":64,"x":48,"y":640},{"gid":16,"height":64,"id":35,"name":"","rotation":0,"type":"","visible":true,"width":64,"x":144,"y":160},{"gid":18,"height":64,"id":36,"name":"","rotation":0,"type":"","visible":true,"width":64,"x":1120,"y":896},{"gid":19,"height":64,"id":37,"name":"","rotation":0,"type":"","visible":true,"width":64,"x":1120,"y":768},{"gid":22,"height":64,"id":38,"name":"","rotation":0,"type":"","visible":true,"width":64,"x":1104,"y":488},{"gid":21,"height":64,"id":39,"name":"","rotation":0,"type":"","visible":true,"width":64,"x":1104,"y":352},{"gid":21,"height":64,"id":40,"name":"","rotation":0,"type":"","visible":true,"width":64,"x":480,"y":112},{"gid":21,"height":64,"id":41,"name":"","rotation":0,"type":"","visible":true,"width":64,"x":496,"y":272},{"gid":21,"height":64,"id":42,"name":"","rotation":0,"type":"","visible":true,"width":64,"x":704,"y":512},{"gid":21,"height":64,"id":43,"name":"","rotation":0,"type":"","visible":true,"width":64,"x":848,"y":784},{"gid":21,"height":64,"id":44,"name":"","rotation":0,"type":"","visible":true,"width":64,"x":560,"y":880},{"gid":20,"height":64,"id":45,"name":"","rotation":0,"type":"","visible":true,"width":64,"x":784,"y":112},{"gid":20,"height":64,"id":46,"name":"","rotation":0,"type":"","visible":true,"width":64,"x":832,"y":352},{"gid":20,"height":64,"id":47,"name":"","rotation":0,"type":"","visible":true,"width":64,"x":1112,"y":624},{"gid":20,"height":64,"id":48,"name":"","rotation":0,"type":"","visible":true,"width":64,"x":592,"y":616},{"gid":20,"height":64,"id":49,"name":"","rotation":0,"type":"","visible":true,"width":64,"x":432,"y":560},{"gid":20,"height":64,"id":50,"name":"","rotation":0,"type":"","visible":true,"width":64,"x":256,"y":272}],"opacity":1,"type":"objectgroup","visible":true,"x":0,"y":0},{"draworder":"topdown","name":"Objects","objects":[{"gid":26,"height":64,"id":61,"name":"","properties":{"group":3},"propertytypes":{"group":"int"},"rotation":0,"type":"","visible":true,"width":64,"x":48,"y":800},{"gid":26,"height":64,"id":62,"name":"","properties":{"group":1},"propertytypes":{"group":"int"},"rotation":0,"type":"","visible":true,"width":64,"x":48,"y":928},{"gid":24,"height":64,"id":63,"name":"","properties":{"group":5},"propertytypes":{"group":"int"},"rotation":0,"type":"","visible":true,"width":64,"x":32,"y":448},{"gid":24,"height":64,"id":64,"name":"","properties":{"group":2},"propertytypes":{"group":"int"},"rotation":0,"type":"","visible":true,"width":64,"x":416,"y":352},{"gid":26,"height":64,"id":65,"name":"","properties":{"onis":1},"propertytypes":{"onis":"int"},"rotation":0,"type":"","visible":true,"width":64,"x":592,"y":416},{"gid":25,"height":64,"id":66,"name":"","properties":{"group":6},"propertytypes":{"group":"int"},"rotation":0,"type":"","visible":true,"width":64,"x":320,"y":192},{"gid":31,"height":64,"id":69,"name":"","properties":{"group":41},"propertytypes":{"group":"int"},"rotation":-90,"type":"","visible":true,"width":64,"x":1240,"y":112},{"gid":31,"height":64,"id":70,"name":"","properties":{"group":4},"propertytypes":{"group":"int"},"rotation":180,"type":"","visible":true,"width":64,"x":1056,"y":0},{"gid":36,"height":64,"id":71,"name":"","rotation":90,"type":"","visible":true,"width":64,"x":736,"y":320},{"height":96,"id":73,"name":"","properties":{"dx":0,"dy":-4,"group":4},"propertytypes":{"dx":"int","dy":"int","group":"int"},"rotation":0,"type":"platform","visible":true,"width":32,"x":416,"y":672},{"height":96,"id":74,"name":"","properties":{"dx":0,"dy":4,"group":41},"propertytypes":{"dx":"int","dy":"int","group":"int"},"rotation":0,"type":"platform","visible":true,"width":32,"x":448,"y":800},{"height":96,"id":75,"name":"","properties":{"dx":0,"dy":3,"group":3},"propertytypes":{"dx":"int","dy":"int","group":"int"},"rotation":0,"type":"platform","visible":true,"width":32,"x":1056,"y":672},{"height":96,"id":76,"name":"","properties":{"dx":0,"dy":-3,"group":1},"propertytypes":{"dx":"int","dy":"int","group":"int"},"rotation":0,"type":"platform","visible":true,"width":32,"x":1056,"y":800},{"height":32,"id":77,"name":"","properties":{"dx":-2,"group":5},"propertytypes":{"dx":"int","group":"int"},"rotation":0,"type":"platform","visible":true,"width":64,"x":32,"y":224},{"height":32,"id":78,"name":"","properties":{"dx":-2,"group":2},"propertytypes":{"dx":"int","group":"int"},"rotation":0,"type":"platform","visible":true,"width":64,"x":992,"y":384},{"gid":40,"height":96,"id":79,"name":"","rotation":0,"type":"","visible":true,"width":64,"x":592,"y":128},{"gid":41,"height":96,"id":80,"name":"","rotation":0,"type":"","visible":true,"width":64,"x":592,"y":512},{"height":64,"id":81,"name":"","properties":{"dx":2.5,"dy":-2.5,"group":6},"propertytypes":{"dx":"float","dy":"float","group":"int"},"rotation":45,"type":"platform","visible":true,"width":32,"x":1090,"y":64},{"gid":29,"height":64,"id":82,"name":"","properties":{"group":8,"initialState":1},"propertytypes":{"group":"int","initialState":"int"},"rotation":0,"type":"","visible":true,"width":64,"x":0,"y":512}],"opacity":1,"type":"objectgroup","visible":true,"x":0,"y":0}],"nextobjectid":85,"orientation":"orthogonal","renderorder":"right-down","tiledversion":"1.1.3","tileheight":32,"tilesets":[{"firstgid":1,"source":"../../../assets/tilemaps/tilesets/Ground.json"},{"firstgid":16,"source":"../../../assets/tilemaps/tilesets/Chars.json"},{"firstgid":24,"source":"../../../assets/tilemaps/tilesets/Objects.json"},{"firstgid":40,"source":"../../../assets/tilemaps/tilesets/LargeObjects.json"}],"tilewidth":32,"type":"map","version":1,"width":39}