{"height":29,"infinite":false,"layers":[{"data":[1,1,1,1,1,1,1,1,1,1,1,1,1,1,1,1,1,1,1,1,1,1,1,1,1,1,1,1,1,1,1,1,1,1,1,1,1,1,1,1,5,0,0,0,0,0,0,0,0,0,0,0,0,0,0,0,0,0,0,0,0,0,0,0,0,0,0,0,0,0,0,0,0,0,0,0,0,1,1,0,0,0,0,0,0,0,0,0,0,0,0,0,0,0,0,0,0,0,0,0,0,0,0,0,0,0,0,0,0,0,0,0,0,0,0,0,1,1,0,0,0,0,0,0,0,0,0,0,0,0,0,0,0,0,0,0,0,0,0,0,0,0,0,0,0,0,0,0,0,0,0,0,0,0,0,1,1,0,0,0,2,1,1,1,1,1,1,1,1,1,1,1,1,3,0,0,0,0,0,0,0,0,0,0,0,0,0,2,1,3,0,0,0,0,1,1,0,0,0,0,0,0,0,0,0,0,0,0,0,0,0,0,4,3,0,0,0,0,0,0,0,0,0,0,0,0,0,0,4,1,1,1,1,1,1,1,3,0,0,0,0,0,0,0,0,0,0,0,0,0,0,0,4,8,8,8,8,8,1,1,3,0,0,0,0,0,0,0,0,0,0,0,1,1,0,4,3,0,0,0,0,0,0,0,0,0,0,0,0,0,0,0,0,0,0,0,0,0,1,4,1,3,0,0,0,0,0,0,0,0,0,1,1,0,0,4,1,1,1,1,1,1,1,1,1,1,1,1,3,0,0,0,0,0,0,0,0,4,3,0,4,1,3,0,0,0,0,0,0,0,1,11,0,0,0,0,0,0,0,0,0,0,0,0,0,0,0,4,3,0,0,0,0,0,0,0,0,1,0,2,5,4,1,1,1,1,1,1,1,1,11,0,0,0,0,0,0,0,0,0,0,0,0,0,0,0,0,4,1,3,0,0,0,0,0,0,4,1,5,0,0,0,0,0,0,0,0,0,11,11,0,0,0,0,0,0,0,0,0,0,0,0,0,0,0,0,0,0,4,1,1,1,1,3,0,0,0,0,0,0,0,0,0,0,0,0,0,11,1,0,0,0,0,0,0,0,0,0,0,0,0,0,0,0,0,0,0,0,0,0,0,0,1,0,0,0,0,0,0,0,0,0,0,0,0,0,11,1,0,0,0,0,0,0,0,0,0,0,0,0,0,0,0,0,0,0,0,0,0,0,0,1,0,0,0,0,0,0,0,4,1,1,1,1,1,1,1,0,0,0,0,0,0,0,0,0,0,0,0,0,0,0,0,0,0,0,0,0,0,0,1,0,0,0,0,0,0,0,0,0,0,0,0,0,1,1,0,0,0,0,0,0,0,0,0,0,0,0,0,0,0,0,0,0,2,1,1,1,1,1,0,0,0,0,0,0,0,0,0,0,0,0,0,1,1,0,0,0,0,0,0,0,0,0,0,0,0,0,0,0,0,0,2,5,0,0,0,0,1,0,0,0,0,0,0,0,0,0,0,0,0,0,1,1,0,0,0,0,0,0,0,0,0,0,0,0,0,0,0,0,0,0,0,0,0,0,0,0,0,0,0,0,0,0,0,0,0,0,0,0,0,11,1,0,0,0,0,0,0,0,0,0,0,0,0,0,0,0,0,0,0,0,0,0,0,0,0,0,0,0,0,0,0,0,0,0,0,0,0,0,11,1,0,0,0,2,5,0,0,0,0,0,0,0,0,0,0,4,3,0,0,0,0,0,0,0,0,0,0,0,0,0,0,0,0,0,0,0,0,11,1,0,0,0,1,8,8,8,8,8,8,8,8,8,8,8,8,1,1,1,1,1,1,1,1,1,1,1,1,1,1,1,1,1,1,1,1,1,1,1,0,0,0,1,0,0,0,0,0,0,0,0,0,0,0,0,0,0,0,0,0,0,0,0,0,0,0,0,0,0,0,0,0,0,0,0,0,1,1,0,0,0,1,0,0,0,0,0,0,0,0,0,0,0,0,0,0,0,0,0,0,0,0,0,0,0,0,0,0,0,0,0,0,0,0,0,1,1,0,0,0,4,3,0,0,0,0,0,0,0,0,0,0,0,0,0,0,0,0,0,0,0,0,0,0,0,0,0,0,0,0,0,0,0,0,1,1,0,0,0,0,4,3,0,0,0,2,6,6,6,6,6,6,5,0,0,0,0,2,7,7,7,7,7,7,3,0,0,0,2,1,1,1,1,1,1,0,0,0,0,0,0,0,0,2,5,0,0,0,0,0,0,0,0,0,0,2,5,0,0,0,0,0,0,0,0,0,2,5,0,0,0,0,1,1,3,0,0,0,0,0,0,0,0,0,0,0,0,0,0,0,0,0,0,0,0,0,0,0,0,0,0,0,0,0,0,0,0,0,0,0,0,1,1,1,3,0,0,0,0,0,0,0,0,0,0,0,0,0,0,0,0,0,0,0,0,0,0,0,0,0,0,0,0,0,0,0,0,0,0,0,1,1,1,1,1,1,1,1,1,1,1,1,7,7,7,7,7,7,1,1,1,1,1,1,6,6,6,6,6,6,1,1,1,1,1,1,1,1,1,1],"height":29,"name":"Ground","opacity":1,"type":"tilelayer","visible":true,"width":39,"x":0,"y":0},{"draworder":"topdown","name":"Chars","objects":[{"gid":19,"height":64,"id":34,"name":"","rotation":0,"type":"","visible":true,"width":64,"x":1136,"y":768},{"gid":18,"height":64,"id":35,"name":"","rotation":0,"type":"","visible":true,"width":64,"x":1136,"y":896},{"gid":17,"height":64,"id":36,"name":"","rotation":0,"type":"","visible":true,"width":64,"x":1136,"y":160},{"gid":16,"height":64,"id":37,"name":"","rotation":0,"type":"","visible":true,"width":64,"x":1136,"y":288},{"gid":20,"height":64,"id":38,"name":"","rotation":0,"type":"","visible":true,"width":64,"x":656,"y":136},{"gid":20,"height":64,"id":39,"name":"","rotation":0,"type":"","visible":true,"width":64,"x":800,"y":464},{"gid":20,"height":64,"id":40,"name":"","rotation":0,"type":"","visible":true,"width":64,"x":752,"y":752},{"gid":20,"height":64,"id":41,"name":"","rotation":0,"type":"","visible":true,"width":64,"x":464,"y":880},{"gid":20,"height":64,"id":42,"name":"","rotation":0,"type":"","visible":true,"width":64,"x":192,"y":752},{"gid":20,"height":64,"id":43,"name":"","rotation":0,"type":"","visible":true,"width":64,"x":200,"y":240},{"gid":20,"height":64,"id":44,"name":"","rotation":0,"type":"","visible":true,"width":64,"x":32,"y":360},{"gid":21,"height":64,"id":45,"name":"","rotation":0,"type":"","visible":true,"width":64,"x":1024,"y":400},{"gid":21,"height":64,"id":46,"name":"","rotation":0,"type":"","visible":true,"width":64,"x":368,"y":120},{"gid":21,"height":64,"id":47,"name":"","rotation":0,"type":"","visible":true,"width":64,"x":40,"y":160},{"gid":21,"height":64,"id":48,"name":"","rotation":0,"type":"","visible":true,"width":64,"x":48,"y":816},{"gid":21,"height":64,"id":49,"name":"","rotation":0,"type":"","visible":true,"width":64,"x":368,"y":752},{"gid":21,"height":64,"id":50,"name":"","rotation":0,"type":"","visible":true,"width":64,"x":848,"y":880},{"gid":21,"height":64,"id":51,"name":"","rotation":0,"type":"","visible":true,"width":64,"x":624,"y":464}],"opacity":1,"type":"objectgroup","visible":true,"x":0,"y":0},{"draworder":"topdown","name":"Objects","objects":[{"gid":23,"height":64,"id":54,"name":"","properties":{"group":2},"propertytypes":{"group":"int"},"rotation":0,"type":"","visible":true,"width":64,"x":912,"y":672},{"height":96,"id":55,"name":"","properties":{"dx":0,"dy":3,"group":4},"propertytypes":{"dx":"int","dy":"int","group":"int"},"rotation":0,"type":"platform","visible":true,"width":32,"x":768,"y":544},{"gid":39,"height":96,"id":64,"name":"","properties":{"group":5,"initialState":1,"portalId":5},"propertytypes":{"group":"int","initialState":"int","portalId":"int"},"rotation":0,"type":"","visible":true,"width":64,"x":192,"y":128},{"gid":40,"height":96,"id":65,"name":"","properties":{"group":0,"initialState":1},"propertytypes":{"group":"int","initialState":"int"},"rotation":0,"type":"","visible":true,"width":64,"x":0,"y":384},{"gid":39,"height":96,"id":66,"name":"","properties":{"initialState":1},"propertytypes":{"initialState":"int"},"rotation":0,"type":"","visible":true,"width":64,"x":688,"y":480},{"gid":39,"height":96,"id":67,"name":"","properties":{"group":2,"portalId":2},"propertytypes":{"group":"int","portalId":"int"},"rotation":0,"type":"","visible":true,"width":64,"x":1184,"y":640},{"gid":40,"height":96,"id":68,"name":"","properties":{"group":5,"initialState":1,"portalId":5},"propertytypes":{"group":"int","initialState":"int","portalId":"int"},"rotation":0,"type":"","visible":true,"width":64,"x":416,"y":256},{"gid":39,"height":96,"id":69,"name":"","properties":{"group":2,"portalId":2},"propertytypes":{"group":"int","portalId":"int"},"rotation":0,"type":"","visible":true,"width":64,"x":1184,"y":416},{"gid":24,"height":64,"id":70,"name":"","properties":{"group":4},"propertytypes":{"group":"int"},"rotation":0,"type":"","visible":true,"width":64,"x":1088,"y":448}],"opacity":1,"type":"objectgroup","visible":true,"x":0,"y":0}],"nextobjectid":72,"orientation":"orthogonal","renderorder":"right-down","tiledversion":"1.1.3","tileheight":32,"tilesets":[{"firstgid":1,"source":"../../../assets/tilemaps/tilesets/Ground.json"},{"firstgid":16,"source":"../../../assets/tilemaps/tilesets/Chars.json"},{"firstgid":23,"source":"../../../assets/tilemaps/tilesets/Objects.json"},{"firstgid":39,"source":"../../../assets/tilemaps/tilesets/LargeObjects.json"}],"tilewidth":32,"type":"map","version":1,"width":39}