{"height":29,"infinite":false,"layers":[{"data":[1,1,1,1,1,1,1,1,1,1,1,1,1,1,1,1,1,1,1,1,1,1,1,1,1,1,1,1,1,1,1,1,1,1,1,1,1,1,1,1,0,0,0,0,0,0,0,0,0,0,0,0,0,0,4,3,0,0,0,0,2,5,0,4,1,5,0,0,0,0,0,0,0,0,0,0,0,1,1,0,0,0,2,3,0,0,0,0,0,0,0,0,0,0,4,3,0,2,1,5,0,0,0,0,0,0,0,0,0,0,0,0,0,0,0,0,1,1,0,0,0,0,0,0,0,0,0,0,0,0,0,0,0,0,4,1,5,0,0,0,0,0,0,0,0,0,0,0,0,0,0,0,0,0,0,1,1,0,0,0,0,0,0,0,0,0,0,0,0,0,0,0,0,0,0,0,0,0,0,0,0,0,0,0,0,0,0,0,0,2,1,1,1,1,1,1,0,0,0,0,0,0,0,0,0,0,0,0,0,0,0,0,0,0,0,0,0,0,0,2,1,3,0,0,0,0,0,0,0,0,0,0,0,1,1,0,0,0,4,5,0,0,0,0,0,0,0,2,1,3,0,0,0,0,0,0,0,2,5,0,4,3,0,0,0,0,0,0,0,0,0,0,1,1,3,0,0,0,0,0,0,0,0,0,2,1,5,0,4,1,1,1,1,1,1,1,5,0,0,0,4,1,1,1,1,3,0,0,0,0,0,1,1,4,3,0,0,0,0,0,0,2,1,5,0,0,0,0,0,0,0,0,0,0,0,0,0,0,0,0,0,0,0,0,4,1,1,1,1,1,1,1,0,4,1,1,1,1,1,1,5,0,0,0,0,0,0,0,0,0,0,0,0,0,0,0,0,0,0,0,0,0,0,0,0,0,0,0,4,1,1,0,0,0,0,0,0,0,0,0,0,0,0,0,0,0,0,0,0,0,0,0,0,2,1,1,1,3,0,0,0,0,0,0,0,0,0,0,1,1,0,0,0,0,0,0,0,0,0,0,0,0,0,0,0,0,2,1,1,1,1,1,1,5,0,4,1,1,1,1,1,3,0,0,0,0,0,1,1,0,0,0,0,2,1,1,1,1,1,1,1,1,1,1,1,1,5,0,0,0,0,0,0,0,0,0,0,0,0,0,4,1,3,0,0,0,1,1,0,0,0,2,5,0,0,0,0,0,0,0,0,0,0,0,0,0,0,0,0,0,0,0,0,0,0,0,0,0,0,0,0,0,0,0,0,1,1,0,0,0,0,0,0,0,0,0,0,0,0,0,0,0,0,0,0,0,0,0,0,0,0,0,0,0,0,0,0,0,0,0,0,0,0,2,1,1,3,0,0,0,0,0,0,0,0,0,0,0,0,0,0,0,0,0,0,0,0,2,1,1,1,1,1,1,6,6,6,6,6,6,6,6,1,1,1,1,7,7,7,7,7,7,7,7,1,1,1,1,1,3,0,0,0,0,0,0,0,0,0,0,0,0,0,0,0,0,0,0,0,0,4,1,1,1,0,0,0,0,0,0,0,0,0,0,0,0,0,0,4,3,0,0,0,0,0,0,0,0,0,0,0,0,0,0,0,0,2,3,0,0,4,1,1,0,0,0,0,0,0,0,0,0,0,0,0,0,0,0,4,1,1,3,0,0,0,0,0,0,0,0,0,0,0,0,0,0,0,0,0,0,1,1,0,0,0,0,0,0,0,0,0,0,0,0,0,0,0,0,0,0,4,1,1,3,0,0,0,0,0,0,0,0,0,0,0,0,0,0,0,1,1,0,0,0,0,4,1,1,1,1,1,1,5,0,0,0,0,0,0,0,0,0,4,3,0,0,0,0,0,0,0,0,0,0,0,0,0,0,1,1,3,0,0,0,0,0,0,0,0,0,0,0,0,0,0,0,0,0,0,0,0,0,4,0,0,0,0,0,0,0,0,0,4,5,0,0,0,1,1,4,3,0,0,0,0,0,0,0,0,0,0,0,0,0,0,0,0,0,0,0,0,0,0,0,0,0,0,0,0,0,0,0,0,0,0,0,1,1,0,4,1,1,3,0,0,0,0,0,0,0,0,0,0,0,0,0,0,0,0,0,0,0,0,0,0,2,5,0,0,0,0,0,0,0,0,1,1,0,0,0,0,4,1,1,1,1,1,1,1,1,1,1,1,1,3,0,0,0,0,0,2,1,1,1,5,0,0,0,0,0,0,0,0,0,1,1,0,0,0,0,0,0,0,0,0,0,0,0,0,0,0,0,0,0,0,0,0,2,1,5,0,0,0,0,0,0,0,0,0,0,0,0,0,1,1,0,0,0,0,0,0,0,0,0,0,0,0,0,0,0,0,0,0,0,0,0,0,0,0,0,0,0,0,0,0,0,0,0,0,0,0,0,1,1,0,0,0,0,0,0,0,0,0,0,0,0,0,0,0,0,0,0,0,0,0,0,0,0,0,0,0,0,0,0,0,0,0,0,0,0,2,1,1,1,1,1,1,1,1,1,1,1,1,1,1,1,1,1,1,1,1,1,1,1,1,1,1,1,1,1,1,1,1,1,1,1,1,1,1,1,1],"height":29,"name":"Ground","opacity":1,"type":"tilelayer","visible":true,"width":39,"x":0,"y":0},{"draworder":"topdown","name":"Chars","objects":[{"gid":16,"height":64,"id":34,"name":"","rotation":0,"type":"","visible":true,"width":64,"x":784,"y":320},{"gid":17,"height":64,"id":35,"name":"","rotation":0,"type":"","visible":true,"width":64,"x":448,"y":384},{"gid":18,"height":64,"id":36,"name":"","rotation":0,"type":"","visible":true,"width":64,"x":1120,"y":128},{"gid":19,"height":64,"id":37,"name":"","rotation":0,"type":"","visible":true,"width":64,"x":1120,"y":256},{"gid":21,"height":64,"id":38,"name":"","rotation":0,"type":"","visible":true,"width":64,"x":320,"y":160},{"gid":21,"height":64,"id":39,"name":"","rotation":0,"type":"","visible":true,"width":64,"x":320,"y":368},{"gid":21,"height":64,"id":40,"name":"","rotation":0,"type":"","visible":true,"width":64,"x":544,"y":560},{"gid":21,"height":64,"id":41,"name":"","rotation":0,"type":"","visible":true,"width":64,"x":944,"y":464},{"gid":21,"height":64,"id":42,"name":"","rotation":0,"type":"","visible":true,"width":64,"x":256,"y":880},{"gid":21,"height":64,"id":43,"name":"","rotation":0,"type":"","visible":true,"width":64,"x":816,"y":880},{"gid":20,"height":64,"id":44,"name":"","rotation":0,"type":"","visible":true,"width":64,"x":944,"y":336},{"gid":20,"height":64,"id":45,"name":"","rotation":0,"type":"","visible":true,"width":64,"x":888,"y":176},{"gid":20,"height":64,"id":46,"name":"","rotation":0,"type":"","visible":true,"width":64,"x":1136,"y":656},{"gid":20,"height":64,"id":47,"name":"","rotation":0,"type":"","visible":true,"width":64,"x":720,"y":608},{"gid":20,"height":64,"id":48,"name":"","rotation":0,"type":"","visible":true,"width":64,"x":224,"y":504},{"gid":20,"height":64,"id":49,"name":"","rotation":0,"type":"","visible":true,"width":64,"x":256,"y":752}],"opacity":1,"type":"objectgroup","visible":true,"x":0,"y":0},{"draworder":"topdown","name":"Objects","objects":[{"gid":40,"height":96,"id":50,"name":"","properties":{"group":2,"initialState":1,"portalId":2},"propertytypes":{"group":"int","initialState":"int","portalId":"int"},"rotation":0,"type":"","visible":true,"width":64,"x":848,"y":480},{"gid":40,"height":96,"id":51,"name":"","properties":{"group":2,"initialState":1,"portalId":2},"propertytypes":{"group":"int","initialState":"int","portalId":"int"},"rotation":0,"type":"","visible":true,"width":64,"x":336,"y":512},{"gid":40,"height":96,"id":52,"name":"","properties":{"group":5,"portalId":5},"propertytypes":{"group":"int","portalId":"int"},"rotation":0,"type":"","visible":true,"width":64,"x":128,"y":192},{"gid":41,"height":96,"id":53,"name":"","properties":{"group":5,"portalId":5},"propertytypes":{"group":"int","portalId":"int"},"rotation":0,"type":"","visible":true,"width":64,"x":1056,"y":672},{"gid":26,"height":64,"id":54,"name":"","properties":{"group":1},"propertytypes":{"group":"int"},"rotation":0,"type":"","visible":true,"width":64,"x":80,"y":928},{"gid":24,"height":64,"id":55,"name":"","properties":{"group":6},"propertytypes":{"group":"int"},"rotation":0,"type":"","visible":true,"width":64,"x":256,"y":800},{"gid":24,"height":64,"id":56,"name":"","properties":{"group":5},"propertytypes":{"group":"int"},"rotation":0,"type":"","visible":true,"width":64,"x":1056,"y":928},{"gid":28,"height":64,"id":57,"name":"","rotation":0,"type":"","visible":true,"width":64,"x":256,"y":640},{"height":96,"id":61,"name":"","properties":{"dx":0,"dy":-3,"group":1},"propertytypes":{"dx":"int","dy":"int","group":"int"},"rotation":0,"type":"platform","visible":true,"width":32,"x":800,"y":64},{"height":96,"id":62,"name":"","properties":{"dx":0,"dy":3,"group":6},"propertytypes":{"dx":"int","dy":"int","group":"int"},"rotation":0,"type":"platform","visible":true,"width":32,"x":512,"y":800}],"opacity":1,"type":"objectgroup","visible":true,"x":0,"y":0}],"nextobjectid":63,"orientation":"orthogonal","renderorder":"right-down","tiledversion":"1.1.3","tileheight":32,"tilesets":[{"firstgid":1,"source":"../../../assets/tilemaps/tilesets/Ground.json"},{"firstgid":16,"source":"../../../assets/tilemaps/tilesets/Chars.json"},{"firstgid":24,"source":"../../../assets/tilemaps/tilesets/Objects.json"},{"firstgid":40,"source":"../../../assets/tilemaps/tilesets/LargeObjects.json"}],"tilewidth":32,"type":"map","version":1,"width":39}