{"height":29,"infinite":false,"layers":[{"data":[1,1,1,1,1,1,1,1,1,1,1,1,1,1,1,1,1,1,1,1,1,1,1,1,1,1,1,1,1,1,1,1,1,1,1,1,1,1,1,1,0,0,0,0,0,0,0,0,0,0,0,0,0,0,0,0,0,0,0,0,0,0,0,0,0,0,0,0,0,0,0,0,0,4,1,1,1,1,1,0,0,0,0,0,0,0,0,0,0,0,0,0,0,0,0,0,0,0,0,0,0,0,0,0,0,0,0,0,0,0,0,0,0,4,1,1,1,1,0,0,0,0,0,0,0,0,0,0,0,0,0,0,0,0,0,0,0,0,0,0,0,0,0,0,0,0,0,0,0,0,0,0,0,0,0,11,1,0,0,0,0,0,0,0,0,0,0,0,0,0,0,0,0,0,0,0,0,0,0,0,0,0,0,0,0,0,0,0,0,0,0,0,0,0,11,1,0,0,0,0,0,0,0,0,0,0,0,0,0,0,0,0,0,0,0,0,0,0,0,0,0,0,0,0,0,0,0,0,0,0,0,0,0,11,1,0,0,0,0,0,0,0,0,0,0,0,0,0,0,2,0,0,0,0,0,0,0,3,0,0,0,0,0,0,0,0,0,0,0,0,2,1,1,1,1,1,1,1,1,1,1,1,1,1,1,1,1,1,1,3,0,0,0,0,0,2,1,1,1,1,1,1,1,1,1,1,1,1,1,1,1,1,1,0,0,0,0,0,0,0,0,0,0,0,4,1,1,5,4,1,0,0,0,1,5,4,3,0,0,2,5,0,0,0,0,0,0,0,0,0,1,1,0,0,0,0,0,0,0,0,0,0,0,0,0,1,0,0,4,0,0,0,5,0,0,4,1,1,5,0,0,0,0,0,0,0,0,0,0,1,1,0,0,0,0,0,0,0,0,0,0,0,0,0,1,0,0,0,0,0,0,0,0,0,0,0,0,0,0,0,0,0,0,0,0,0,0,0,1,1,0,0,0,0,0,0,0,0,0,0,0,0,0,1,0,0,0,0,0,0,0,0,0,0,0,0,0,0,0,0,0,0,0,0,0,0,0,1,1,0,0,0,0,2,1,1,1,1,1,1,1,1,1,0,0,2,0,0,0,3,0,0,0,0,0,0,0,2,1,1,1,1,1,0,0,0,1,1,0,0,0,0,0,0,0,0,0,0,0,0,0,0,0,0,4,0,0,0,5,0,0,4,1,1,1,1,5,0,0,0,0,1,0,0,0,1,1,1,1,3,0,0,0,0,0,0,0,0,0,0,0,0,0,0,0,0,0,0,0,0,2,1,1,1,5,0,0,0,0,0,1,0,0,0,1,1,1,1,1,3,0,0,0,0,0,0,0,0,0,0,0,0,0,0,0,0,0,0,2,5,0,0,0,0,0,0,0,0,0,1,0,0,0,1,1,1,1,1,1,1,1,1,1,1,1,1,1,1,1,3,0,0,0,0,0,0,0,1,0,0,0,0,0,0,0,0,0,0,1,0,0,0,1,1,0,0,0,0,0,0,0,0,0,0,0,0,0,0,0,0,2,0,0,0,3,0,4,3,0,0,0,0,0,0,0,0,0,1,0,0,0,1,1,0,0,0,0,0,0,0,0,0,0,0,0,0,0,0,0,4,0,0,0,5,0,0,4,1,1,3,0,0,0,0,0,0,1,0,0,0,1,1,0,0,0,0,0,0,0,0,0,0,0,0,0,0,0,0,0,0,0,0,0,0,0,0,0,0,4,1,1,1,1,1,1,1,0,0,0,1,1,1,1,1,1,1,1,5,0,0,0,0,2,5,0,0,0,0,0,0,0,0,0,0,0,0,0,0,0,0,0,0,0,0,5,0,0,0,1,1,5,0,0,0,0,0,0,0,2,1,1,5,0,0,0,0,2,0,0,0,3,0,0,0,0,0,0,0,0,0,0,0,0,0,0,0,0,1,1,0,0,0,0,0,0,0,0,0,0,0,0,0,0,0,0,4,0,0,0,5,0,0,0,0,0,0,0,0,0,0,0,0,0,0,0,0,1,1,0,0,0,0,0,0,0,0,0,0,0,0,0,0,0,0,0,0,0,0,0,0,0,0,0,0,0,0,2,1,3,0,0,0,0,0,0,1,1,0,0,2,1,1,1,1,1,1,3,0,0,0,0,0,0,0,0,0,0,0,0,0,0,0,0,2,1,5,0,4,3,0,0,0,0,0,1,1,0,0,0,0,0,0,0,0,0,4,1,1,1,5,0,0,0,0,0,0,0,0,4,1,1,1,5,0,0,0,0,0,0,0,0,0,0,1,1,3,0,0,0,0,0,0,0,0,0,0,0,0,0,0,0,2,0,0,0,3,0,0,0,0,0,0,0,0,0,0,0,0,0,2,1,1,1,1,1,3,0,0,0,0,0,0,0,0,0,0,0,0,0,0,4,0,0,0,5,0,0,0,0,0,0,0,0,0,0,0,0,2,1,1,1,1,1,1,1,1,1,1,1,1,1,1,1,8,8,8,8,8,8,8,8,8,8,8,8,8,8,8,8,8,1,1,1,1,1,1,1,1,1,1,1],"height":29,"name":"Ground","opacity":1,"type":"tilelayer","visible":true,"width":39,"x":0,"y":0},{"draworder":"topdown","name":"Chars","objects":[{"gid":19,"height":64,"id":34,"name":"","rotation":0,"type":"","visible":true,"width":64,"x":912,"y":608},{"gid":18,"height":64,"id":35,"name":"","rotation":0,"type":"","visible":true,"width":64,"x":1008,"y":608},{"gid":20,"height":64,"id":36,"name":"","rotation":0,"type":"","visible":true,"width":64,"x":1136,"y":352},{"gid":20,"height":64,"id":37,"name":"","rotation":0,"type":"","visible":true,"width":64,"x":1136,"y":800},{"gid":20,"height":64,"id":38,"name":"","rotation":0,"type":"","visible":true,"width":64,"x":592,"y":816},{"gid":20,"height":64,"id":39,"name":"","rotation":0,"type":"","visible":true,"width":64,"x":592,"y":536},{"gid":20,"height":64,"id":40,"name":"","rotation":0,"type":"","visible":true,"width":64,"x":592,"y":224},{"gid":20,"height":64,"id":41,"name":"","rotation":0,"type":"","visible":true,"width":64,"x":80,"y":176},{"gid":20,"height":64,"id":42,"name":"","rotation":0,"type":"","visible":true,"width":64,"x":144,"y":752},{"gid":21,"height":64,"id":43,"name":"","rotation":0,"type":"","visible":true,"width":64,"x":1104,"y":176},{"gid":21,"height":64,"id":44,"name":"","rotation":0,"type":"","visible":true,"width":64,"x":592,"y":384},{"gid":21,"height":64,"id":45,"name":"","rotation":0,"type":"","visible":true,"width":64,"x":592,"y":656},{"gid":21,"height":64,"id":46,"name":"","rotation":0,"type":"","visible":true,"width":64,"x":336,"y":656},{"gid":21,"height":64,"id":47,"name":"","rotation":0,"type":"","visible":true,"width":64,"x":288,"y":496},{"gid":17,"height":64,"id":74,"name":"","rotation":0,"type":"","visible":true,"width":64,"x":400,"y":224},{"gid":16,"height":64,"id":75,"name":"","rotation":0,"type":"","visible":true,"width":64,"x":784,"y":224}],"opacity":1,"type":"objectgroup","visible":true,"x":0,"y":0},{"draworder":"topdown","name":"Objects","objects":[{"gid":24,"height":64,"id":54,"name":"","properties":{"group":1},"propertytypes":{"group":"int"},"rotation":0,"type":"","visible":true,"width":64,"x":80,"y":672},{"gid":24,"height":64,"id":55,"name":"","properties":{"group":5},"propertytypes":{"group":"int"},"rotation":0,"type":"","visible":true,"width":64,"x":224,"y":256},{"gid":24,"height":64,"id":56,"name":"","properties":{"group":6},"propertytypes":{"group":"int"},"rotation":0,"type":"","visible":true,"width":64,"x":960,"y":928},{"gid":25,"height":64,"id":57,"name":"","properties":{"group":2},"propertytypes":{"group":"int"},"rotation":0,"type":"","visible":true,"width":64,"x":992,"y":256},{"gid":24,"height":64,"id":58,"name":"","properties":{"group":4},"propertytypes":{"group":"int"},"rotation":0,"type":"","visible":true,"width":64,"x":320,"y":416},{"gid":39,"height":96,"id":59,"name":"","properties":{"group":6,"portalId":6},"propertytypes":{"group":"int","portalId":"int"},"rotation":0,"type":"","visible":true,"width":64,"x":240,"y":896},{"gid":23,"height":64,"id":60,"name":"","properties":{"group":8},"propertytypes":{"group":"int"},"rotation":0,"type":"","visible":true,"width":64,"x":128,"y":928},{"height":96,"id":61,"name":"","properties":{"dx":0,"dy":3,"group":8},"propertytypes":{"dx":"int","dy":"int","group":"int"},"rotation":0,"type":"platform","visible":true,"width":32,"x":192,"y":544},{"height":32,"id":62,"name":"","properties":{"group":4},"propertytypes":{"group":"int"},"rotation":0,"type":"platform","visible":true,"width":96,"x":1120,"y":383},{"gid":39,"height":96,"id":63,"name":"","properties":{"group":0,"initialState":1,"portalId":0},"propertytypes":{"group":"int","initialState":"int","portalId":"int"},"rotation":0,"type":"","visible":true,"width":64,"x":1184,"y":192},{"gid":40,"height":96,"id":65,"name":"","properties":{"group":5,"portalId":5},"propertytypes":{"group":"int","portalId":"int"},"rotation":0,"type":"","visible":true,"width":64,"x":768,"y":416},{"gid":39,"height":96,"id":66,"name":"","properties":{"group":1,"portalId":1},"propertytypes":{"group":"int","portalId":"int"},"rotation":0,"type":"","visible":true,"width":64,"x":800,"y":576},{"gid":39,"height":96,"id":67,"name":"","properties":{"group":2,"portalId":2},"propertytypes":{"group":"int","portalId":"int"},"rotation":0,"type":"","visible":true,"width":64,"x":416,"y":512},{"gid":39,"height":96,"id":68,"name":"","properties":{"group":6,"portalId":6},"propertytypes":{"group":"int","portalId":"int"},"rotation":90,"type":"","visible":true,"width":64,"x":576,"y":384},{"gid":39,"height":96,"id":69,"name":"","properties":{"group":2,"portalId":2},"propertytypes":{"group":"int","portalId":"int"},"rotation":90,"type":"","visible":true,"width":64,"x":576,"y":544},{"gid":39,"height":96,"id":70,"name":"","properties":{"group":0,"initialState":1,"portalId":0},"propertytypes":{"group":"int","initialState":"int","portalId":"int"},"rotation":90,"type":"","visible":true,"width":64,"x":576,"y":832},{"gid":39,"height":96,"id":71,"name":"","properties":{"group":5,"portalId":5},"propertytypes":{"group":"int","portalId":"int"},"rotation":90,"type":"","visible":true,"width":64,"x":576,"y":672},{"gid":40,"height":96,"id":73,"name":"","properties":{"group":1,"portalId":1},"propertytypes":{"group":"int","portalId":"int"},"rotation":90,"type":"","visible":true,"width":64,"x":576,"y":256}],"opacity":1,"type":"objectgroup","visible":true,"x":0,"y":0}],"nextobjectid":76,"orientation":"orthogonal","renderorder":"right-down","tiledversion":"1.1.3","tileheight":32,"tilesets":[{"firstgid":1,"source":"../../../assets/tilemaps/tilesets/Ground.json"},{"firstgid":16,"source":"../../../assets/tilemaps/tilesets/Chars.json"},{"firstgid":23,"source":"../../../assets/tilemaps/tilesets/Objects.json"},{"firstgid":39,"source":"../../../assets/tilemaps/tilesets/LargeObjects.json"}],"tilewidth":32,"type":"map","version":1,"width":39}