{"height":29,"infinite":false,"layers":[{"data":[1,1,1,1,1,1,1,1,1,1,1,1,1,1,1,1,1,1,1,1,1,1,1,1,1,1,1,1,1,1,1,1,1,1,1,1,1,1,1,1,0,0,0,0,0,0,0,0,0,0,0,0,0,0,0,0,0,0,1,0,0,0,0,0,0,0,0,0,0,0,0,0,0,0,0,0,0,1,1,0,0,0,0,0,0,0,0,0,0,0,0,0,0,0,0,0,0,1,0,0,0,0,0,0,0,0,0,0,0,0,0,0,0,0,0,0,1,1,0,0,0,0,0,0,0,0,0,0,0,0,0,0,0,0,0,0,1,0,0,0,0,0,0,0,0,0,0,0,0,0,0,0,0,0,0,1,1,0,0,0,0,2,1,1,1,1,1,1,1,1,3,0,0,0,0,1,0,0,0,0,2,1,1,1,1,1,1,1,1,3,0,0,0,0,1,1,0,0,0,0,0,0,0,4,3,0,2,5,0,4,3,0,0,0,1,0,0,0,2,5,0,4,3,0,2,5,0,0,0,0,0,0,0,1,1,0,0,0,0,0,0,0,0,1,2,5,0,0,0,0,0,0,0,1,0,0,0,0,0,0,0,4,3,1,0,0,0,0,0,0,0,0,1,1,1,1,1,3,0,0,0,0,1,5,0,0,0,0,0,0,0,2,1,3,0,0,0,0,0,0,0,4,1,0,0,0,0,2,1,1,1,1,1,0,0,0,0,0,0,0,0,1,0,0,0,0,0,0,0,2,5,1,4,3,0,0,0,0,0,0,0,1,0,0,0,0,0,0,0,0,1,1,0,0,0,0,0,0,0,0,1,0,0,0,0,2,1,1,5,0,1,0,4,1,1,3,0,0,0,0,1,0,0,0,0,0,0,0,0,1,1,0,0,0,0,0,0,0,0,1,0,0,0,2,5,0,0,0,0,1,0,0,0,0,4,3,0,0,0,1,0,0,0,0,0,0,0,0,1,1,0,0,0,0,0,0,0,0,1,0,0,0,1,0,0,0,0,0,1,0,0,0,0,0,1,0,0,0,1,0,0,0,0,0,0,0,0,1,1,0,0,0,0,0,0,0,0,1,0,0,0,1,0,0,0,0,0,1,0,0,0,0,0,1,0,0,0,1,0,0,0,0,0,0,0,0,1,1,0,0,0,0,0,0,0,0,1,0,0,0,1,0,0,0,0,0,1,0,0,0,0,0,1,0,0,0,1,0,0,0,0,0,0,0,0,1,1,0,0,0,0,0,0,0,0,1,0,0,0,5,0,0,2,1,1,1,1,1,3,0,0,4,0,0,0,1,0,0,0,0,0,0,0,0,1,1,0,0,0,0,0,0,0,0,1,0,0,0,0,0,0,0,0,0,1,0,0,0,0,0,0,0,0,0,1,0,0,0,0,0,0,0,0,1,1,0,0,0,0,2,1,1,1,1,0,0,0,0,0,0,0,0,0,1,0,0,0,0,0,0,0,0,0,1,1,1,1,3,0,0,0,0,1,1,0,0,0,0,0,0,0,0,1,0,0,0,1,1,3,0,0,0,1,0,0,0,2,1,1,0,0,0,1,0,0,0,0,0,0,0,0,1,1,0,0,0,0,0,0,0,0,1,0,0,0,1,0,0,0,0,0,1,0,0,0,0,0,1,0,0,0,1,0,0,0,0,0,0,0,0,1,1,1,1,1,1,3,0,0,0,1,0,0,0,1,0,0,0,2,1,1,1,3,0,0,0,1,0,0,0,1,0,0,0,2,1,1,1,1,1,1,5,0,0,0,4,3,0,0,1,0,0,0,1,0,0,2,5,0,1,0,4,3,0,0,1,0,0,0,1,0,0,2,5,0,0,0,4,1,1,0,0,0,0,0,0,0,0,1,0,0,0,1,0,0,0,0,0,1,0,0,0,0,0,1,0,0,0,1,0,0,0,0,0,0,0,0,1,1,0,0,0,0,0,0,0,2,5,0,0,0,1,0,0,0,0,0,1,0,0,0,0,0,1,0,0,0,4,3,0,0,0,0,0,0,0,1,1,0,0,0,0,0,0,2,5,0,0,0,0,1,1,3,0,0,0,1,0,0,0,2,1,1,0,0,0,0,4,3,0,0,0,0,0,0,1,1,0,0,0,2,1,1,5,0,0,0,0,0,1,0,4,3,0,0,1,0,0,2,5,0,1,0,0,0,0,0,4,1,1,3,0,0,0,1,1,3,0,0,0,0,0,0,0,0,0,0,0,0,0,0,0,0,0,1,0,0,0,0,0,0,0,0,0,0,0,0,0,0,0,0,0,2,1,1,4,3,0,0,0,0,0,0,0,0,0,0,0,0,0,0,0,0,1,0,0,0,0,0,0,0,0,0,0,0,0,0,0,0,0,2,5,1,1,0,4,3,0,0,0,0,0,0,0,0,0,2,7,7,7,7,7,1,6,6,6,6,6,3,0,0,0,0,0,0,0,0,0,2,5,0,1,1,1,1,1,1,1,1,1,1,1,1,1,1,1,1,1,1,1,1,1,1,1,1,1,1,1,1,1,1,1,1,1,1,1,1,1,1,1,1],"height":29,"name":"Ground","opacity":1,"type":"tilelayer","visible":true,"width":39,"x":0,"y":0},{"draworder":"topdown","name":"Chars","objects":[{"gid":16,"height":64,"id":34,"name":"","rotation":0,"type":"","visible":true,"width":64,"x":864,"y":896},{"gid":17,"height":64,"id":35,"name":"","rotation":0,"type":"","visible":true,"width":64,"x":320,"y":896},{"gid":18,"height":64,"id":36,"name":"","rotation":0,"type":"","visible":true,"width":64,"x":880,"y":128},{"gid":19,"height":64,"id":37,"name":"","rotation":0,"type":"","visible":true,"width":64,"x":304,"y":128},{"gid":21,"height":64,"id":38,"name":"","rotation":0,"type":"","visible":true,"width":64,"x":1120,"y":176},{"gid":21,"height":64,"id":39,"name":"","rotation":0,"type":"","visible":true,"width":64,"x":416,"y":112},{"gid":21,"height":64,"id":40,"name":"","rotation":0,"type":"","visible":true,"width":64,"x":40,"y":560},{"gid":21,"height":64,"id":41,"name":"","rotation":0,"type":"","visible":true,"width":64,"x":96,"y":752},{"gid":21,"height":64,"id":42,"name":"","rotation":0,"type":"","visible":true,"width":64,"x":672,"y":752},{"gid":21,"height":64,"id":43,"name":"","rotation":0,"type":"","visible":true,"width":64,"x":712,"y":408},{"gid":21,"height":64,"id":44,"name":"","rotation":0,"type":"","visible":true,"width":64,"x":848,"y":352},{"gid":21,"height":64,"id":45,"name":"","rotation":0,"type":"","visible":true,"width":64,"x":1088,"y":512},{"gid":20,"height":64,"id":46,"name":"","rotation":0,"type":"","visible":true,"width":64,"x":96,"y":512},{"gid":20,"height":64,"id":47,"name":"","rotation":0,"type":"","visible":true,"width":64,"x":1144,"y":560},{"gid":20,"height":64,"id":48,"name":"","rotation":0,"type":"","visible":true,"width":64,"x":512,"y":752},{"gid":20,"height":64,"id":49,"name":"","rotation":0,"type":"","visible":true,"width":64,"x":472,"y":408},{"gid":20,"height":64,"id":50,"name":"","rotation":0,"type":"","visible":true,"width":64,"x":336,"y":352},{"gid":20,"height":64,"id":51,"name":"","rotation":0,"type":"","visible":true,"width":64,"x":768,"y":112},{"gid":20,"height":64,"id":52,"name":"","rotation":0,"type":"","visible":true,"width":64,"x":64,"y":176},{"gid":20,"height":64,"id":53,"name":"","rotation":0,"type":"","visible":true,"width":64,"x":1088,"y":752}],"opacity":1,"type":"objectgroup","visible":true,"x":0,"y":0},{"draworder":"topdown","name":"Objects","objects":[{"gid":39,"height":96,"id":54,"name":"","properties":{"group":5,"initialState":1,"portalId":5},"propertytypes":{"group":"int","initialState":"int","portalId":"int"},"rotation":0,"type":"","visible":true,"width":64,"x":224,"y":128},{"gid":40,"height":96,"id":55,"name":"","properties":{"group":5,"initialState":1,"portalId":5},"propertytypes":{"group":"int","initialState":"int","portalId":"int"},"rotation":0,"type":"","visible":true,"width":64,"x":960,"y":128},{"gid":37,"height":64,"id":56,"name":"","properties":{"time":3000},"propertytypes":{"time":"int"},"rotation":0,"type":"","visible":true,"width":64,"x":1136,"y":640},{"gid":37,"height":64,"id":57,"name":"","properties":{"group":8,"time":3000},"propertytypes":{"group":"int","time":"int"},"rotation":0,"type":"","visible":true,"width":64,"x":48,"y":640},{"gid":41,"height":96,"id":59,"name":"","properties":{"group":8,"length":12},"propertytypes":{"group":"int","length":"float"},"rotation":-90,"type":"","visible":true,"width":64,"x":288,"y":560},{"gid":41,"height":96,"id":60,"name":"","properties":{"group":0,"length":12},"propertytypes":{"group":"int","length":"float"},"rotation":-90,"type":"","visible":true,"width":64,"x":1056,"y":560},{"gid":37,"height":64,"id":61,"name":"","properties":{"group":3,"time":4000},"propertytypes":{"group":"int","time":"int"},"rotation":0,"type":"","visible":true,"width":64,"x":640,"y":480},{"gid":37,"height":64,"id":62,"name":"","properties":{"group":1,"time":4000},"propertytypes":{"group":"int","time":"int"},"rotation":0,"type":"","visible":true,"width":64,"x":544,"y":480},{"gid":39,"height":96,"id":63,"name":"","properties":{"group":1,"portalId":1},"propertytypes":{"group":"int","portalId":"int"},"rotation":-90,"type":"","visible":true,"width":64,"x":416,"y":480},{"gid":39,"height":96,"id":64,"name":"","properties":{"group":1,"portalId":1},"propertytypes":{"group":"int","portalId":"int"},"rotation":-90,"type":"","visible":true,"width":64,"x":416,"y":816},{"gid":39,"height":96,"id":65,"name":"","properties":{"group":3,"portalId":3},"propertytypes":{"group":"int","portalId":"int"},"rotation":-90,"type":"","visible":true,"width":64,"x":928,"y":816},{"gid":39,"height":96,"id":66,"name":"","properties":{"group":3,"portalId":3},"propertytypes":{"group":"int","portalId":"int"},"rotation":-90,"type":"","visible":true,"width":64,"x":928,"y":480}],"opacity":1,"type":"objectgroup","visible":true,"x":0,"y":0}],"nextobjectid":67,"orientation":"orthogonal","renderorder":"right-down","tiledversion":"1.1.3","tileheight":32,"tilesets":[{"firstgid":1,"source":"../../../assets/tilemaps/tilesets/Ground.json"},{"firstgid":16,"source":"../../../assets/tilemaps/tilesets/Chars.json"},{"firstgid":23,"source":"../../../assets/tilemaps/tilesets/Objects.json"},{"firstgid":39,"source":"../../../assets/tilemaps/tilesets/LargeObjects.json"}],"tilewidth":32,"type":"map","version":1,"width":39}