{"height":29,"infinite":false,"layers":[{"data":[1,1,1,1,1,1,1,1,1,1,1,1,1,1,1,1,1,1,1,1,1,1,1,1,1,1,1,1,1,1,1,1,1,1,1,1,1,1,1,1,0,0,0,0,0,0,0,0,0,0,0,0,0,0,0,0,0,0,0,2,5,0,0,0,0,4,1,1,1,5,0,0,0,0,0,4,3,1,1,0,0,0,0,0,0,0,0,0,0,0,0,0,0,0,0,0,0,0,1,0,0,0,0,0,0,0,0,0,0,0,0,0,0,0,0,4,1,1,0,0,0,0,0,0,0,0,0,0,0,0,0,0,0,0,0,0,0,1,0,0,0,0,0,0,0,0,0,0,0,0,0,0,0,0,0,11,1,0,0,0,0,0,0,0,0,0,0,0,0,0,2,1,1,1,1,1,5,0,0,0,0,0,0,0,0,0,0,0,0,0,0,0,0,0,11,1,0,0,0,0,0,0,0,0,0,0,0,2,1,5,0,0,0,0,0,0,0,0,12,14,3,0,0,0,0,0,0,0,0,0,0,0,0,11,1,0,0,0,0,0,0,0,0,2,1,1,5,0,0,0,0,0,0,0,0,0,12,5,0,4,1,1,1,1,5,0,0,0,0,0,0,0,1,1,1,1,1,1,1,1,1,1,5,0,0,0,0,0,0,0,0,0,0,0,12,5,0,0,0,0,0,0,0,0,0,0,0,0,0,0,0,1,11,0,0,0,0,0,0,0,0,0,0,0,0,0,0,0,0,0,0,12,14,5,0,0,0,0,0,0,0,0,0,0,0,0,0,0,0,0,1,11,0,0,0,0,0,0,0,0,0,0,0,0,0,0,2,1,1,1,5,0,0,0,0,0,0,0,0,0,0,0,0,0,0,0,0,0,0,1,11,0,0,0,0,0,0,0,0,0,0,0,0,0,0,0,0,0,0,0,0,0,0,0,0,0,2,1,1,3,0,0,0,0,0,0,0,2,1,1,1,1,1,1,1,1,1,1,1,1,3,0,0,0,0,0,0,0,0,0,2,1,1,1,1,5,0,2,1,1,1,1,1,1,1,1,1,1,1,0,0,0,0,0,0,0,0,0,0,4,1,1,3,0,0,0,0,2,1,5,0,0,4,3,0,2,5,0,0,0,0,0,0,0,0,0,1,1,0,0,0,0,0,0,0,0,0,0,0,0,0,4,1,1,1,1,5,0,0,0,0,0,4,1,5,0,0,0,0,0,0,0,0,0,0,1,1,0,0,0,0,0,0,0,0,0,0,0,0,0,0,0,0,0,0,0,0,0,0,0,0,0,0,0,0,0,0,0,0,0,0,0,0,0,1,1,1,1,1,1,1,3,0,0,0,0,0,0,0,0,0,0,0,0,0,0,0,0,0,0,0,0,0,0,0,0,2,1,1,1,1,1,1,1,1,0,0,0,0,0,0,0,0,0,0,0,0,0,0,0,0,0,0,0,0,0,0,0,0,0,0,0,0,0,0,0,0,0,0,0,0,0,11,1,0,0,0,0,0,0,0,2,1,3,0,0,0,0,0,0,0,0,0,0,0,0,0,0,0,0,0,0,0,0,0,0,0,0,0,0,0,11,1,0,0,0,0,0,0,2,5,0,1,0,0,0,0,0,0,0,0,0,0,0,0,0,0,0,0,2,1,3,0,0,0,0,0,0,0,0,11,1,1,1,1,1,1,1,5,0,0,4,1,6,6,6,6,6,6,6,6,6,6,6,6,6,6,6,5,0,4,1,1,1,1,1,1,1,1,1,1,0,0,0,0,0,0,0,0,0,0,0,0,0,0,0,0,0,0,0,0,0,0,0,0,0,0,0,0,0,0,0,0,0,0,0,0,0,1,1,0,0,0,0,0,0,0,0,0,0,0,0,0,0,0,0,0,0,0,0,0,0,0,0,0,0,0,0,0,0,0,0,0,0,0,0,0,1,1,0,0,0,0,0,0,0,0,0,0,0,0,0,0,0,0,0,2,1,1,1,1,1,1,1,3,0,0,0,0,0,0,0,0,0,0,0,1,1,0,0,0,0,0,0,0,0,0,0,0,0,0,0,0,0,2,5,0,0,0,0,0,0,0,4,3,0,0,0,0,0,0,0,0,0,0,1,1,0,0,0,0,2,1,1,3,0,0,0,2,1,1,1,1,5,0,0,0,0,0,0,0,0,0,4,1,1,1,1,1,1,3,0,0,0,1,11,0,0,0,0,0,0,0,0,0,0,0,1,0,0,0,0,0,0,0,0,0,0,0,0,0,0,0,0,0,0,0,0,0,0,0,0,0,1,11,0,0,0,0,0,0,0,0,0,0,2,5,0,0,0,0,0,0,0,0,0,0,0,0,0,0,0,0,0,0,0,0,0,0,0,0,0,1,11,0,0,0,0,0,0,0,0,0,2,5,0,0,0,0,0,0,0,0,0,0,0,0,0,0,0,0,0,0,0,0,0,0,0,0,0,0,1,1,1,1,1,1,1,1,1,1,1,1,1,1,1,1,1,1,1,1,1,6,6,6,6,6,1,1,1,1,1,1,1,1,1,1,1,1,1,1],"height":29,"name":"Ground","opacity":1,"type":"tilelayer","visible":true,"width":39,"x":0,"y":0},{"draworder":"topdown","name":"Chars","objects":[{"gid":19,"height":64,"id":34,"name":"","rotation":0,"type":"","visible":true,"width":64,"x":64,"y":224},{"gid":18,"height":64,"id":35,"name":"","rotation":0,"type":"","visible":true,"width":64,"x":160,"y":224},{"gid":16,"height":64,"id":36,"name":"","rotation":0,"type":"","visible":true,"width":64,"x":32,"y":608},{"gid":17,"height":64,"id":37,"name":"","rotation":0,"type":"","visible":true,"width":64,"x":128,"y":608},{"gid":21,"height":64,"id":38,"name":"","rotation":0,"type":"","visible":true,"width":64,"x":1040,"y":104},{"gid":21,"height":64,"id":39,"name":"","rotation":0,"type":"","visible":true,"width":64,"x":536,"y":272},{"gid":21,"height":64,"id":40,"name":"","rotation":0,"type":"","visible":true,"width":64,"x":432,"y":592},{"gid":21,"height":64,"id":41,"name":"","rotation":0,"type":"","visible":true,"width":64,"x":304,"y":848},{"gid":21,"height":64,"id":42,"name":"","rotation":0,"type":"","visible":true,"width":64,"x":688,"y":880},{"gid":20,"height":64,"id":43,"name":"","rotation":0,"type":"","visible":true,"width":64,"x":1104,"y":248},{"gid":20,"height":64,"id":44,"name":"","rotation":0,"type":"","visible":true,"width":64,"x":536,"y":400},{"gid":20,"height":64,"id":45,"name":"","rotation":0,"type":"","visible":true,"width":64,"x":752,"y":592},{"gid":20,"height":64,"id":46,"name":"","rotation":0,"type":"","visible":true,"width":64,"x":880,"y":688},{"gid":20,"height":64,"id":47,"name":"","rotation":0,"type":"","visible":true,"width":64,"x":80,"y":784}],"opacity":1,"type":"objectgroup","visible":true,"x":0,"y":0},{"draworder":"topdown","name":"Objects","objects":[{"gid":28,"height":64,"id":48,"name":"","rotation":0,"type":"","visible":true,"width":64,"x":192,"y":768},{"gid":24,"height":64,"id":49,"name":"","properties":{"group":6},"propertytypes":{"group":"int"},"rotation":0,"type":"","visible":true,"width":64,"x":1056,"y":512},{"gid":24,"height":64,"id":50,"name":"","rotation":0,"type":"","visible":true,"width":64,"x":1104,"y":384},{"gid":38,"height":64,"id":51,"name":"","properties":{"group":2,"time":7000},"propertytypes":{"group":"int","time":"int"},"rotation":0,"type":"","visible":true,"width":64,"x":704,"y":736},{"gid":29,"height":64,"id":52,"name":"","properties":{"color":"blue","group":6},"propertytypes":{"color":"string","group":"int"},"rotation":-221.63353933657,"type":"","visible":true,"width":64,"x":800,"y":376},{"gid":38,"height":64,"id":53,"name":"","properties":{"group":1,"time":6000},"propertytypes":{"group":"int","time":"int"},"rotation":0,"type":"","visible":true,"width":64,"x":64,"y":512},{"gid":40,"height":96,"id":54,"name":"","properties":{"group":1,"portalId":1},"propertytypes":{"group":"int","portalId":"int"},"rotation":0,"type":"","visible":true,"width":64,"x":0,"y":352},{"gid":40,"height":96,"id":55,"name":"","rotation":0,"type":"","visible":true,"width":64,"x":1184,"y":200},{"gid":41,"height":96,"id":56,"name":"","properties":{"group":1,"portalId":1},"propertytypes":{"group":"int","portalId":"int"},"rotation":0,"type":"","visible":true,"width":64,"x":1184,"y":608},{"gid":41,"height":96,"id":57,"name":"","rotation":0,"type":"","visible":true,"width":64,"x":0,"y":896},{"gid":40,"height":96,"id":58,"name":"","properties":{"group":2,"portalId":2},"propertytypes":{"group":"int","portalId":"int"},"rotation":0,"type":"","visible":true,"width":64,"x":448,"y":896},{"gid":40,"height":96,"id":59,"name":"","properties":{"group":2,"portalId":2},"propertytypes":{"group":"int","portalId":"int"},"rotation":0,"type":"","visible":true,"width":64,"x":464,"y":128}],"opacity":1,"type":"objectgroup","visible":true,"x":0,"y":0}],"nextobjectid":60,"orientation":"orthogonal","renderorder":"right-down","tiledversion":"1.1.3","tileheight":32,"tilesets":[{"firstgid":1,"source":"../../../assets/tilemaps/tilesets/Ground.json"},{"firstgid":16,"source":"../../../assets/tilemaps/tilesets/Chars.json"},{"firstgid":24,"source":"../../../assets/tilemaps/tilesets/Objects.json"},{"firstgid":40,"source":"../../../assets/tilemaps/tilesets/LargeObjects.json"}],"tilewidth":32,"type":"map","version":1,"width":39}