{"height":29,"infinite":false,"layers":[{"data":[1,1,1,1,1,1,1,1,1,1,1,1,1,1,1,1,1,1,1,1,1,1,1,1,1,1,1,1,1,1,1,1,1,1,1,1,1,1,1,1,0,0,0,0,0,0,0,0,0,0,0,0,0,0,0,0,0,0,0,0,0,0,0,0,0,0,0,0,0,0,0,0,0,0,0,0,0,1,1,0,0,0,0,0,0,0,0,0,0,0,0,0,0,0,0,0,0,0,0,0,0,0,0,0,0,0,0,0,0,0,0,0,0,0,0,0,1,1,0,0,0,0,0,2,1,1,1,1,1,1,3,0,0,0,0,0,0,0,0,0,0,0,0,2,1,1,1,1,1,3,0,0,0,0,0,1,1,3,0,0,0,2,5,0,0,0,0,0,0,4,1,1,1,1,1,1,1,1,1,1,1,1,5,0,0,0,0,0,4,3,0,0,0,2,1,1,4,1,1,1,5,0,0,0,0,0,0,0,0,0,0,0,0,0,0,0,0,0,0,0,0,0,0,0,0,0,0,0,4,1,1,1,5,1,1,0,0,0,0,0,0,0,0,0,0,0,0,0,0,0,0,0,0,0,0,0,0,0,0,0,0,0,0,0,0,0,0,0,0,0,0,0,1,1,0,0,0,0,0,0,2,1,5,0,0,0,0,0,0,0,0,0,0,0,0,0,0,0,0,0,0,0,4,1,3,0,0,0,0,0,0,1,1,0,0,0,0,2,1,5,0,0,0,0,4,1,3,0,0,0,0,0,0,0,0,0,2,1,5,0,0,0,0,4,1,3,0,0,0,0,1,1,0,0,0,2,5,0,0,0,0,0,0,0,0,4,1,1,8,8,8,8,8,1,1,5,0,0,0,0,0,0,0,0,4,3,0,0,0,1,1,0,0,0,0,0,0,0,0,0,0,0,0,0,0,0,0,0,0,1,0,0,0,0,0,0,0,0,0,0,0,0,0,0,0,0,0,0,1,1,0,0,0,0,0,0,0,0,0,0,0,0,0,0,0,0,0,0,1,0,0,0,0,0,0,0,0,0,0,0,0,0,0,0,0,0,0,1,1,7,7,7,7,7,7,7,1,1,1,1,5,0,0,0,0,0,0,1,0,0,0,0,0,0,4,1,1,1,1,6,6,6,6,6,6,6,1,1,0,0,0,0,0,0,0,0,0,0,0,0,0,0,0,0,0,0,0,0,0,0,0,0,0,0,0,0,0,0,0,0,0,0,0,0,0,1,1,0,0,0,0,0,0,0,0,0,0,0,0,0,2,1,3,0,0,0,0,0,2,1,3,0,0,0,0,0,0,0,0,0,0,0,0,0,1,1,1,5,0,0,0,0,0,0,0,0,0,0,0,0,0,4,3,0,0,0,2,5,0,0,0,0,0,0,0,0,0,0,0,0,0,4,1,1,1,5,0,0,0,0,0,0,0,0,0,0,0,0,0,0,0,4,1,1,1,5,0,0,0,0,0,0,0,0,0,0,0,0,0,0,0,4,1,1,0,0,0,2,0,0,0,2,1,1,1,3,0,0,0,0,0,0,1,0,0,0,0,0,0,2,1,1,1,3,0,0,0,3,0,0,0,1,1,0,0,2,5,0,0,0,0,0,0,0,0,0,0,0,0,0,0,1,0,0,0,0,0,0,0,0,0,0,0,0,0,0,4,3,0,0,1,1,0,0,1,0,0,0,0,0,0,0,0,0,0,0,0,0,0,0,1,0,0,0,0,0,0,0,0,0,0,0,0,0,0,0,1,0,0,1,1,0,0,1,6,6,6,6,6,1,1,1,6,6,6,6,6,6,6,1,7,7,7,7,7,7,7,1,1,1,7,7,7,7,7,1,0,0,1,1,0,2,5,0,0,0,0,0,0,0,0,0,0,0,0,0,0,0,0,0,0,0,0,0,0,0,0,0,0,0,0,0,0,0,4,3,0,1,1,0,1,0,0,0,0,0,0,0,0,0,0,0,0,0,0,0,0,0,0,0,0,0,0,0,0,0,0,0,0,0,0,0,0,0,1,0,1,1,2,5,0,0,0,0,0,0,0,0,0,0,0,0,0,0,0,0,0,0,0,0,0,0,0,0,0,0,0,0,0,0,0,0,0,4,3,1,1,5,0,0,0,0,0,0,0,0,0,0,0,0,0,0,0,0,0,0,0,0,0,0,0,0,0,0,0,0,0,0,0,0,0,0,0,4,1,1,0,0,0,2,0,0,0,4,1,1,1,1,3,0,0,0,0,0,0,0,0,0,0,0,2,1,1,1,1,5,0,0,0,3,0,0,0,1,1,0,0,2,5,0,0,0,0,0,0,0,0,4,1,1,5,0,0,0,0,0,4,1,1,5,0,0,0,0,0,0,0,0,4,3,0,0,1,1,0,2,1,0,0,0,0,0,0,0,0,0,0,0,0,0,0,0,0,0,0,0,0,0,0,0,0,0,0,0,0,0,0,0,1,3,0,1,1,1,1,1,8,8,8,8,8,8,8,8,8,8,8,8,8,8,8,8,8,8,8,8,8,8,8,8,8,8,8,8,8,8,8,1,1,1,1],"height":29,"name":"Ground","opacity":1,"type":"tilelayer","visible":true,"width":39,"x":0,"y":0},{"draworder":"topdown","name":"Chars","objects":[{"gid":17,"height":64,"id":34,"name":"","rotation":0,"type":"","visible":true,"width":64,"x":736,"y":832},{"gid":16,"height":64,"id":35,"name":"","rotation":0,"type":"","visible":true,"width":64,"x":448,"y":832},{"gid":18,"height":64,"id":36,"name":"","rotation":0,"type":"","visible":true,"width":64,"x":1104,"y":160},{"gid":19,"height":64,"id":37,"name":"","rotation":0,"type":"","visible":true,"width":64,"x":80,"y":160},{"gid":20,"height":64,"id":38,"name":"","rotation":0,"type":"","visible":true,"width":64,"x":536,"y":800},{"gid":20,"height":64,"id":39,"name":"","rotation":0,"type":"","visible":true,"width":64,"x":1040,"y":752},{"gid":21,"height":64,"id":40,"name":"","rotation":0,"type":"","visible":true,"width":64,"x":144,"y":752},{"gid":21,"height":64,"id":41,"name":"","rotation":0,"type":"","visible":true,"width":64,"x":648,"y":800},{"gid":21,"height":64,"id":42,"name":"","rotation":0,"type":"","visible":true,"width":64,"x":688,"y":432},{"gid":21,"height":64,"id":43,"name":"","rotation":0,"type":"","visible":true,"width":64,"x":1040,"y":496},{"gid":21,"height":64,"id":44,"name":"","rotation":0,"type":"","visible":true,"width":64,"x":1136,"y":336},{"gid":21,"height":64,"id":45,"name":"","rotation":0,"type":"","visible":true,"width":64,"x":752,"y":112},{"gid":21,"height":64,"id":46,"name":"","rotation":0,"type":"","visible":true,"width":64,"x":240,"y":208},{"gid":21,"height":64,"id":47,"name":"","rotation":0,"type":"","visible":true,"width":64,"x":496,"y":272},{"gid":20,"height":64,"id":48,"name":"","rotation":0,"type":"","visible":true,"width":64,"x":144,"y":496},{"gid":20,"height":64,"id":49,"name":"","rotation":0,"type":"","visible":true,"width":64,"x":496,"y":432},{"gid":20,"height":64,"id":50,"name":"","rotation":0,"type":"","visible":true,"width":64,"x":688,"y":272},{"gid":20,"height":64,"id":51,"name":"","rotation":0,"type":"","visible":true,"width":64,"x":464,"y":112},{"gid":20,"height":64,"id":52,"name":"","rotation":0,"type":"","visible":true,"width":64,"x":48,"y":336},{"gid":20,"height":64,"id":53,"name":"","rotation":0,"type":"","visible":true,"width":64,"x":944,"y":208}],"opacity":1,"type":"objectgroup","visible":true,"x":0,"y":0},{"draworder":"topdown","name":"Objects","objects":[{"gid":40,"height":96,"id":54,"name":"","properties":{"group":2,"initialState":1,"portalId":2},"propertytypes":{"group":"int","initialState":"int","portalId":"int"},"rotation":0,"type":"","visible":true,"width":64,"x":592,"y":128},{"gid":40,"height":96,"id":55,"name":"","properties":{"group":2,"initialState":1,"portalId":2},"propertytypes":{"group":"int","initialState":"int","portalId":"int"},"rotation":0,"type":"","visible":true,"width":64,"x":592,"y":512},{"gid":41,"height":96,"id":58,"name":"","properties":{"group":6,"initialState":1,"portalId":6},"propertytypes":{"group":"int","initialState":"int","portalId":"int"},"rotation":-135,"type":"","visible":true,"width":64,"x":1193,"y":518},{"gid":41,"height":96,"id":59,"name":"","properties":{"group":4,"initialState":1,"portalId":4},"propertytypes":{"group":"int","initialState":"int","portalId":"int"},"rotation":-135,"type":"","visible":true,"width":64,"x":1192,"y":776},{"gid":26,"height":64,"id":60,"name":"","properties":{"group":5},"propertytypes":{"group":"int"},"rotation":0,"type":"","visible":true,"width":64,"x":304,"y":672},{"gid":25,"height":64,"id":61,"name":"","rotation":0,"type":"","visible":true,"width":64,"x":880,"y":672},{"height":32,"id":62,"name":"","properties":{"dx":-2,"dy":-2},"propertytypes":{"dx":"int","dy":"int"},"rotation":-315,"type":"platform","visible":true,"width":96,"x":385,"y":416},{"height":32,"id":63,"name":"","properties":{"dx":2,"dy":-2,"group":5},"propertytypes":{"dx":"int","dy":"int","group":"int"},"rotation":-45,"type":"platform","visible":true,"width":96,"x":769,"y":417},{"gid":41,"height":96,"id":65,"name":"","properties":{"group":4,"initialState":1,"portalId":4},"propertytypes":{"group":"int","initialState":"int","portalId":"int"},"rotation":-405,"type":"","visible":true,"width":64,"x":123,"y":587},{"gid":41,"height":96,"id":66,"name":"","properties":{"group":6,"initialState":1,"portalId":6},"propertytypes":{"group":"int","initialState":"int","portalId":"int"},"rotation":-405,"type":"","visible":true,"width":64,"x":124,"y":843}],"opacity":1,"type":"objectgroup","visible":true,"x":0,"y":0}],"nextobjectid":67,"orientation":"orthogonal","renderorder":"right-down","tiledversion":"1.1.3","tileheight":32,"tilesets":[{"firstgid":1,"source":"../../../assets/tilemaps/tilesets/Ground.json"},{"firstgid":16,"source":"../../../assets/tilemaps/tilesets/Chars.json"},{"firstgid":24,"source":"../../../assets/tilemaps/tilesets/Objects.json"},{"firstgid":40,"source":"../../../assets/tilemaps/tilesets/LargeObjects.json"}],"tilewidth":32,"type":"map","version":1,"width":39}