{"height":29,"infinite":false,"layers":[{"data":[1,1,1,1,1,1,1,1,1,1,1,1,1,1,1,1,1,1,1,1,1,1,1,1,1,1,1,1,1,1,1,1,1,1,1,1,1,1,1,1,0,0,0,0,0,0,0,0,0,0,0,0,0,4,1,1,5,0,0,0,0,4,3,0,0,0,0,0,0,0,0,0,0,0,0,0,0,1,1,0,0,0,0,0,0,0,0,0,0,0,0,0,0,0,0,0,0,0,0,0,0,4,3,0,0,0,0,0,0,0,0,0,0,0,0,0,1,1,0,0,0,0,0,0,0,0,0,0,0,0,0,0,0,0,0,0,0,0,0,0,0,4,3,0,0,0,0,0,0,0,0,0,0,0,0,1,1,0,0,0,0,2,1,1,1,3,0,0,0,0,0,0,0,0,0,0,0,0,0,0,0,1,0,0,0,2,1,1,1,1,3,0,0,0,1,1,3,0,0,0,0,0,0,0,4,1,1,1,1,1,1,1,1,1,1,1,3,0,0,0,1,0,0,0,0,0,0,0,0,1,0,0,0,1,1,4,3,0,0,0,0,0,0,0,4,3,2,5,0,0,0,0,0,0,1,5,0,0,0,1,3,0,0,0,0,0,0,0,1,0,0,0,1,1,0,4,3,0,0,0,0,0,0,0,1,5,0,0,0,0,0,0,0,1,0,0,0,0,1,4,1,1,3,0,0,0,0,1,0,0,0,1,1,0,0,1,1,1,3,0,0,0,0,1,0,0,0,2,1,1,1,1,1,0,0,2,1,5,0,0,0,4,3,0,0,0,1,0,0,0,1,1,1,1,5,0,0,4,3,0,0,0,1,0,0,0,0,0,0,0,4,1,0,0,0,0,0,0,0,0,0,0,0,0,0,1,0,0,0,1,1,0,0,0,0,0,0,1,0,0,0,1,3,0,0,0,0,0,0,0,4,3,0,0,0,0,0,0,0,0,0,0,0,2,1,0,0,0,1,1,0,0,0,0,0,0,1,0,0,0,1,4,3,0,0,0,0,0,0,0,4,1,1,3,0,0,0,0,0,2,1,1,5,1,0,0,0,1,1,0,0,0,0,0,0,1,0,0,0,1,0,1,1,1,3,0,0,0,0,0,0,0,0,0,0,0,0,2,5,0,0,0,1,0,0,0,1,1,1,1,1,3,0,0,1,0,0,0,1,2,5,0,0,0,0,0,0,0,0,0,0,0,0,0,0,0,0,0,0,0,0,1,0,0,0,1,1,0,0,0,0,0,0,1,0,0,0,1,5,0,0,0,0,0,2,1,1,1,1,1,1,1,1,3,0,0,0,0,0,0,1,0,0,0,1,1,0,0,0,0,0,0,1,0,0,0,1,0,0,0,2,1,1,5,0,0,0,1,0,0,0,0,4,1,1,5,0,0,0,1,0,0,0,1,1,0,0,0,0,0,0,1,0,0,0,1,0,0,0,0,0,0,0,0,0,0,1,0,0,0,0,0,0,0,0,0,2,1,1,0,0,0,1,1,0,0,2,1,1,1,1,0,0,0,1,0,0,0,0,0,0,0,0,0,0,4,3,0,0,0,0,0,0,0,2,5,0,1,0,0,0,1,1,0,0,0,0,0,0,1,0,0,0,4,6,6,6,6,3,0,0,0,0,0,0,4,1,1,1,1,1,1,1,1,1,1,1,0,0,0,1,1,3,0,0,0,0,0,1,0,0,0,0,4,3,0,0,4,3,0,0,0,0,0,0,0,0,0,4,3,0,0,2,5,0,1,0,0,0,1,1,4,3,0,0,0,0,5,0,0,0,0,0,4,3,0,2,1,1,1,1,3,0,0,0,0,0,0,4,3,0,1,0,0,1,0,0,0,1,1,2,1,3,0,0,0,0,0,0,0,0,0,0,4,1,5,0,0,0,0,0,0,0,0,0,2,1,1,1,1,1,1,1,1,0,0,0,1,1,5,0,4,3,0,0,0,0,0,0,0,0,0,0,0,0,0,0,0,0,0,0,0,2,1,5,0,0,0,0,0,0,0,1,0,0,0,1,1,0,0,0,0,0,0,0,0,0,0,0,0,0,0,0,0,0,0,0,0,0,2,1,5,0,0,0,0,0,0,0,0,0,1,0,0,0,1,1,0,0,0,0,0,2,1,0,0,0,1,1,1,1,1,1,1,1,1,1,1,5,0,0,0,0,0,0,0,0,0,0,2,1,0,0,0,1,1,3,0,0,0,0,4,1,0,0,0,1,0,0,0,0,0,0,0,0,4,3,0,0,0,0,2,1,1,1,1,1,1,5,4,0,0,0,1,1,4,3,0,0,0,0,0,0,0,0,0,0,0,0,0,0,0,0,0,0,1,0,0,0,0,0,0,0,0,0,0,0,0,0,0,0,0,1,1,0,4,3,0,0,0,0,0,0,0,0,0,0,0,0,0,0,0,0,0,4,3,0,0,0,0,0,0,0,0,0,0,0,0,0,0,0,1,1,1,1,1,1,1,1,1,1,1,1,1,1,1,1,1,1,1,1,1,1,1,1,1,1,1,1,1,1,1,1,1,1,1,1,1,1,1,1],"height":29,"name":"Ground","opacity":1,"type":"tilelayer","visible":true,"width":39,"x":0,"y":0},{"draworder":"topdown","name":"Chars","objects":[{"gid":18,"height":64,"id":34,"name":"","rotation":0,"type":"","visible":true,"width":64,"x":48,"y":416},{"gid":19,"height":64,"id":35,"name":"","rotation":0,"type":"","visible":true,"width":64,"x":144,"y":544},{"gid":16,"height":64,"id":36,"name":"","rotation":0,"type":"","visible":true,"width":64,"x":496,"y":896},{"gid":17,"height":64,"id":37,"name":"","rotation":0,"type":"","visible":true,"width":64,"x":576,"y":896},{"gid":20,"height":64,"id":38,"name":"","rotation":0,"type":"","visible":true,"width":64,"x":80,"y":824},{"gid":22,"height":64,"id":39,"name":"","rotation":0,"type":"","visible":true,"width":64,"x":1008,"y":784},{"gid":20,"height":64,"id":40,"name":"","rotation":0,"type":"","visible":true,"width":64,"x":624,"y":128},{"gid":20,"height":64,"id":41,"name":"","rotation":0,"type":"","visible":true,"width":64,"x":848,"y":128},{"gid":20,"height":64,"id":42,"name":"","rotation":0,"type":"","visible":true,"width":64,"x":1000,"y":496},{"gid":20,"height":64,"id":43,"name":"","rotation":0,"type":"","visible":true,"width":64,"x":272,"y":368},{"gid":21,"height":64,"id":44,"name":"","rotation":0,"type":"","visible":true,"width":64,"x":1136,"y":224},{"gid":21,"height":64,"id":45,"name":"","rotation":0,"type":"","visible":true,"width":64,"x":848,"y":376},{"gid":21,"height":64,"id":46,"name":"","rotation":0,"type":"","visible":true,"width":64,"x":528,"y":368},{"gid":21,"height":64,"id":47,"name":"","rotation":0,"type":"","visible":true,"width":64,"x":272,"y":664},{"gid":21,"height":64,"id":48,"name":"","rotation":0,"type":"","visible":true,"width":64,"x":592,"y":752}],"opacity":1,"type":"objectgroup","visible":true,"x":0,"y":0},{"draworder":"topdown","name":"Objects","objects":[{"gid":40,"height":96,"id":59,"name":"","rotation":-90,"type":"","visible":true,"width":64,"x":1216,"y":832},{"height":64,"id":60,"name":"","properties":{"dx":0,"dy":-2,"group":6},"propertytypes":{"dx":"int","dy":"int","group":"int"},"rotation":0,"type":"platform","visible":true,"width":32,"x":928,"y":512},{"gid":23,"height":64,"id":61,"name":"","properties":{"group":5},"propertytypes":{"group":"int"},"rotation":0,"type":"","visible":true,"width":64,"x":528,"y":288},{"gid":25,"height":64,"id":62,"name":"","properties":{"onis":1},"propertytypes":{"onis":"int"},"rotation":0,"type":"","visible":true,"width":64,"x":768,"y":608},{"gid":40,"height":96,"id":63,"name":"","rotation":-90,"type":"","visible":true,"width":64,"x":1216,"y":416},{"gid":40,"height":96,"id":64,"name":"","properties":{"group":2,"portalId":2},"propertytypes":{"group":"int","portalId":"int"},"rotation":-90,"type":"","visible":true,"width":64,"x":352,"y":512},{"height":96,"id":65,"name":"","properties":{"dx":0,"dy":-3,"group":5},"propertytypes":{"dx":"int","dy":"int","group":"int"},"rotation":0,"type":"platform","visible":true,"width":32,"x":496,"y":64},{"gid":40,"height":96,"id":66,"name":"","properties":{"group":2,"portalId":2},"propertytypes":{"group":"int","portalId":"int"},"rotation":-90,"type":"","visible":true,"width":64,"x":352,"y":832},{"gid":24,"height":64,"id":67,"name":"","properties":{"group":2},"propertytypes":{"group":"int"},"rotation":0,"type":"","visible":true,"width":64,"x":592,"y":672},{"gid":23,"height":64,"id":68,"name":"","properties":{"group":6},"propertytypes":{"group":"int"},"rotation":0,"type":"","visible":true,"width":64,"x":992,"y":160}],"opacity":1,"type":"objectgroup","visible":true,"x":0,"y":0}],"nextobjectid":69,"orientation":"orthogonal","renderorder":"right-down","tiledversion":"1.1.3","tileheight":32,"tilesets":[{"firstgid":1,"source":"../../../assets/tilemaps/tilesets/Ground.json"},{"firstgid":16,"source":"../../../assets/tilemaps/tilesets/Chars.json"},{"firstgid":23,"source":"../../../assets/tilemaps/tilesets/Objects.json"},{"firstgid":39,"source":"../../../assets/tilemaps/tilesets/LargeObjects.json"}],"tilewidth":32,"type":"map","version":1,"width":39}