{"height":29,"infinite":false,"layers":[{"data":[1,1,1,1,1,1,1,1,1,1,1,1,1,1,1,1,1,1,1,1,1,1,1,1,1,1,1,1,1,1,1,1,1,1,1,1,1,1,1,1,0,0,0,0,0,0,0,0,0,0,0,0,0,0,0,0,0,0,0,0,0,0,0,0,0,2,1,5,0,0,0,0,0,0,0,0,0,1,1,0,0,0,0,0,0,0,0,0,0,0,0,0,0,0,0,0,0,0,0,0,0,0,2,1,5,0,0,0,0,0,0,0,0,0,0,0,1,1,0,0,0,0,0,0,0,0,0,0,0,0,0,0,0,0,0,0,0,0,0,0,2,5,0,0,0,0,0,0,0,0,0,0,0,0,0,1,1,0,0,0,1,1,1,1,1,1,1,1,1,1,1,1,1,1,1,1,1,1,1,5,0,0,0,0,0,0,0,0,2,1,0,0,0,1,1,1,0,0,0,4,0,0,0,0,0,0,0,0,0,0,0,0,0,0,0,0,0,0,0,0,0,0,0,0,0,0,2,5,0,0,0,0,0,1,1,0,0,0,0,0,0,0,0,0,0,0,0,0,0,0,0,0,0,0,0,0,0,0,0,0,2,1,1,1,1,5,0,0,0,0,0,0,1,1,0,0,0,0,0,0,0,0,0,0,0,0,0,0,0,0,0,0,0,0,0,0,0,0,0,0,0,0,0,0,0,0,0,0,0,0,0,1,1,0,0,0,3,0,0,0,0,0,0,0,0,0,0,0,0,0,0,0,0,0,0,0,0,0,0,0,0,0,0,0,0,0,0,0,0,0,1,1,1,1,1,1,1,1,1,1,1,1,0,0,0,1,1,1,1,3,0,0,0,0,0,0,0,0,0,0,0,0,0,0,0,0,0,0,0,1,1,0,0,0,0,0,0,0,0,0,0,0,0,0,0,0,0,0,1,3,0,0,0,0,4,1,1,0,1,1,1,1,1,1,1,1,1,1,1,1,0,0,0,0,0,0,0,0,0,0,0,0,0,0,0,0,0,1,1,3,0,0,0,0,0,0,0,0,0,0,0,0,0,0,0,0,0,1,1,0,0,0,0,0,0,0,0,0,0,0,0,0,0,0,0,2,5,0,4,1,3,0,0,0,0,0,0,0,0,0,0,0,0,0,0,0,1,1,0,0,0,3,0,0,0,0,0,0,0,0,0,0,0,2,5,0,0,0,0,4,3,0,0,0,0,0,0,0,0,0,0,0,0,0,0,1,1,0,0,0,1,1,1,1,1,3,0,0,0,0,0,2,5,0,0,0,0,0,0,1,1,1,1,1,1,1,3,0,0,0,0,0,0,0,1,1,0,0,0,0,0,0,0,0,4,1,1,1,1,1,5,0,0,0,0,0,0,0,1,1,5,0,0,0,0,4,1,1,1,1,1,1,1,1,1,0,0,0,0,0,0,0,0,0,0,0,0,0,0,0,0,0,0,0,0,0,2,1,5,0,0,0,0,0,0,0,0,0,0,0,4,1,1,1,0,0,0,0,0,0,0,0,0,0,0,0,0,0,0,0,0,0,0,0,2,1,5,0,0,0,0,0,0,0,0,0,0,0,0,0,4,1,1,0,0,0,3,0,0,0,0,0,0,0,0,0,0,0,2,5,0,0,0,1,5,0,0,0,0,0,0,0,0,0,0,0,0,0,0,0,1,1,1,1,1,1,1,1,1,1,1,1,1,1,1,1,1,5,0,0,0,0,1,0,0,0,0,0,0,0,0,1,0,0,0,0,0,0,0,1,1,5,0,0,0,0,0,0,0,0,0,0,0,0,0,0,0,0,0,0,0,1,0,0,0,0,0,0,0,0,1,0,0,0,0,0,0,0,1,1,0,0,0,0,0,0,0,0,0,0,0,0,0,0,0,0,0,0,0,0,1,0,0,0,0,0,0,0,0,1,0,0,0,0,0,0,0,1,1,0,0,0,0,0,0,0,0,0,0,0,0,0,0,0,0,0,0,0,0,1,0,0,0,0,0,0,0,0,1,0,0,0,0,0,0,0,1,1,0,0,0,0,0,0,0,0,0,0,0,0,0,0,2,1,5,0,0,0,5,0,0,0,0,0,0,0,0,1,0,0,0,0,0,0,0,1,1,0,0,0,4,1,1,1,6,6,6,6,6,6,6,5,0,0,0,0,0,0,0,0,0,0,0,0,0,0,1,0,0,0,0,0,0,0,1,1,0,0,0,0,0,0,0,0,0,0,0,0,0,0,0,0,0,0,0,0,0,0,0,0,0,0,0,0,0,1,0,0,0,0,0,0,0,1,1,0,0,0,0,0,0,0,0,0,0,0,0,0,0,0,0,0,0,0,0,0,0,0,0,0,0,0,0,0,1,0,0,0,0,0,0,0,1,1,0,0,0,0,0,0,0,0,0,0,0,0,0,0,0,0,2,1,1,1,3,0,0,0,0,0,0,0,0,1,0,0,0,0,0,0,0,1,1,6,6,6,6,6,6,6,1,1,1,1,1,1,1,1,1,1,1,1,1,1,1,1,1,1,1,1,1,1,1,1,1,1,1,1,1,1,1],"height":29,"name":"Ground","opacity":1,"type":"tilelayer","visible":true,"width":39,"x":0,"y":0},{"draworder":"topdown","name":"Chars","objects":[{"gid":17,"height":64,"id":34,"name":"","rotation":0,"type":"","visible":true,"width":64,"x":880,"y":192},{"gid":16,"height":64,"id":35,"name":"","rotation":0,"type":"","visible":true,"width":64,"x":512,"y":288},{"gid":21,"height":64,"id":36,"name":"","rotation":0,"type":"","visible":true,"width":64,"x":112,"y":880},{"gid":21,"height":64,"id":37,"name":"","rotation":0,"type":"","visible":true,"width":64,"x":336,"y":752},{"gid":21,"height":64,"id":38,"name":"","rotation":0,"type":"","visible":true,"width":64,"x":288,"y":432},{"gid":21,"height":64,"id":39,"name":"","rotation":0,"type":"","visible":true,"width":64,"x":656,"y":480},{"gid":21,"height":64,"id":40,"name":"","rotation":0,"type":"","visible":true,"width":64,"x":768,"y":704},{"gid":21,"height":64,"id":41,"name":"","rotation":0,"type":"","visible":true,"width":64,"x":992,"y":296},{"gid":20,"height":64,"id":42,"name":"","rotation":0,"type":"","visible":true,"width":64,"x":1104,"y":240},{"gid":20,"height":64,"id":43,"name":"","rotation":0,"type":"","visible":true,"width":64,"x":552,"y":128},{"gid":20,"height":64,"id":44,"name":"","rotation":0,"type":"","visible":true,"width":64,"x":448,"y":432},{"gid":20,"height":64,"id":45,"name":"","rotation":0,"type":"","visible":true,"width":64,"x":592,"y":608},{"gid":20,"height":64,"id":46,"name":"","rotation":0,"type":"","visible":true,"width":64,"x":1072,"y":640},{"gid":18,"height":64,"id":47,"name":"","rotation":0,"type":"","visible":true,"width":64,"x":1136,"y":480},{"gid":19,"height":64,"id":48,"name":"","rotation":0,"type":"","visible":true,"width":64,"x":1040,"y":480}],"opacity":1,"type":"objectgroup","visible":true,"x":0,"y":0},{"draworder":"topdown","name":"Objects","objects":[{"gid":23,"height":64,"id":53,"name":"","properties":{"group":2},"propertytypes":{"group":"int"},"rotation":0,"type":"","visible":true,"width":64,"x":192,"y":320},{"gid":23,"height":64,"id":54,"name":"","properties":{"group":2},"propertytypes":{"group":"int"},"rotation":0,"type":"","visible":true,"width":64,"x":192,"y":480},{"gid":23,"height":64,"id":55,"name":"","properties":{"group":2},"propertytypes":{"group":"int"},"rotation":0,"type":"","visible":true,"width":64,"x":192,"y":640},{"gid":23,"height":64,"id":56,"name":"","rotation":0,"type":"","visible":true,"width":64,"x":352,"y":512},{"gid":40,"height":96,"id":67,"name":"","properties":{"group":5,"portalId":5},"propertytypes":{"group":"int","portalId":"int"},"rotation":0,"type":"","visible":true,"width":64,"x":928,"y":320},{"gid":40,"height":96,"id":68,"name":"","properties":{"group":5,"portalId":5},"propertytypes":{"group":"int","portalId":"int"},"rotation":-90,"type":"","visible":true,"width":64,"x":1184,"y":176},{"gid":23,"height":64,"id":70,"name":"","rotation":0,"type":"","visible":true,"width":64,"x":368,"y":160},{"height":32,"id":83,"name":"","properties":{"dx":0,"dy":4,"group":2},"propertytypes":{"dx":"int","dy":"int","group":"int"},"rotation":0,"type":"platform","visible":true,"width":96,"x":32,"y":256},{"gid":41,"height":96,"id":84,"name":"","properties":{"group":4,"length":12},"propertytypes":{"group":"int","length":"float"},"rotation":-90,"type":"","visible":true,"width":64,"x":672,"y":912},{"gid":24,"height":64,"id":85,"name":"","properties":{"group":1},"propertytypes":{"group":"int"},"rotation":0,"type":"","visible":true,"width":64,"x":768,"y":928},{"height":128,"id":86,"name":"","properties":{"dx":0,"dy":3,"group":6},"propertytypes":{"dx":"int","dy":"int","group":"int"},"rotation":0,"type":"platform","visible":true,"width":32,"x":864,"y":320},{"gid":24,"height":64,"id":87,"name":"","properties":{"group":6},"propertytypes":{"group":"int"},"rotation":0,"type":"","visible":true,"width":64,"x":1088,"y":352},{"height":32,"id":88,"name":"","properties":{"dx":4,"dy":0,"group":1},"propertytypes":{"dx":"int","dy":"int","group":"int"},"rotation":0,"type":"platform","visible":true,"width":96,"x":864,"y":800},{"height":32,"id":89,"name":"","properties":{"dx":0,"dy":4,"group":2},"propertytypes":{"dx":"int","dy":"int","group":"int"},"rotation":0,"type":"platform","visible":true,"width":96,"x":32,"y":576},{"height":32,"id":90,"name":"","properties":{"dx":4,"dy":0,"group":1},"propertytypes":{"dx":"int","dy":"int","group":"int"},"rotation":0,"type":"platform","visible":true,"width":96,"x":992,"y":704},{"height":32,"id":91,"name":"","properties":{"dx":4,"dy":0,"group":1},"propertytypes":{"dx":"int","dy":"int","group":"int"},"rotation":0,"type":"platform","visible":true,"width":96,"x":1120,"y":800},{"gid":24,"height":64,"id":92,"name":"","properties":{"group":5},"propertytypes":{"group":"int"},"rotation":0,"type":"","visible":true,"width":64,"x":1056,"y":928},{"height":32,"id":93,"name":"","properties":{"dx":0,"dy":-3,"group":0},"propertytypes":{"dx":"int","dy":"int","group":"int"},"rotation":0,"type":"platform","visible":true,"width":96,"x":352,"y":288},{"height":32,"id":94,"name":"","properties":{"dx":0,"dy":4,"group":2},"propertytypes":{"dx":"int","dy":"int","group":"int"},"rotation":0,"type":"platform","visible":true,"width":96,"x":32,"y":416},{"gid":24,"height":64,"id":95,"name":"","properties":{"group":4,"onis":-1},"propertytypes":{"group":"int","onis":"int"},"rotation":0,"type":"","visible":true,"width":64,"x":384,"y":928}],"opacity":1,"type":"objectgroup","visible":true,"x":0,"y":0}],"nextobjectid":96,"orientation":"orthogonal","renderorder":"right-down","tiledversion":"1.1.3","tileheight":32,"tilesets":[{"firstgid":1,"source":"../../../assets/tilemaps/tilesets/Ground.json"},{"firstgid":16,"source":"../../../assets/tilemaps/tilesets/Chars.json"},{"firstgid":23,"source":"../../../assets/tilemaps/tilesets/Objects.json"},{"firstgid":39,"source":"../../../assets/tilemaps/tilesets/LargeObjects.json"}],"tilewidth":32,"type":"map","version":1,"width":39}