{"height":29,"infinite":false,"layers":[{"data":[1,1,1,1,1,11,11,11,1,1,1,1,1,1,1,1,1,1,1,1,1,1,1,1,1,1,1,1,1,1,1,1,1,1,1,1,1,1,1,1,0,0,0,0,0,0,0,0,0,0,0,0,0,4,1,1,5,0,0,0,0,0,0,0,0,0,0,0,0,0,0,0,0,0,0,0,4,1,1,0,0,0,0,0,0,0,0,0,0,0,0,0,0,0,0,0,0,0,0,0,0,0,0,0,0,0,0,0,0,0,0,0,0,0,0,0,1,1,0,0,0,0,0,0,0,0,0,0,0,0,0,0,0,0,0,0,0,0,0,0,0,0,0,0,0,0,0,0,0,0,0,0,0,0,0,1,1,0,0,0,0,0,0,0,0,0,0,0,0,0,0,0,0,0,0,0,0,0,0,0,0,0,0,0,0,0,0,0,2,1,1,0,0,0,1,1,0,0,0,0,0,0,0,0,0,0,0,0,0,0,0,0,0,0,0,0,0,0,0,0,0,0,0,0,0,0,2,1,1,1,0,0,0,1,1,0,0,0,0,0,0,0,0,0,0,0,0,0,2,1,1,1,8,8,8,8,8,8,8,8,8,8,8,8,8,1,1,1,1,0,0,0,1,1,8,8,8,8,8,8,8,8,8,8,8,8,8,5,0,0,0,0,0,0,0,0,0,0,0,0,0,0,0,0,0,0,0,1,0,0,0,1,1,0,0,0,0,0,0,0,0,0,0,0,0,0,0,0,0,0,0,0,0,0,0,0,0,0,0,0,0,0,0,0,0,0,1,0,0,0,1,1,0,0,0,0,0,0,0,0,0,0,0,0,0,0,0,0,0,0,0,0,0,0,0,0,0,0,0,0,0,0,0,0,0,1,0,0,0,1,1,0,0,0,0,0,0,0,0,0,0,0,0,0,0,2,2684354561,2684354561,2684354561,2684354561,2684354561,2684354561,2684354561,2684354561,2684354561,2684354561,2684354561,2684354561,2684354561,2684354561,2684354561,1,1,1,1,0,0,0,1,1,1,1,1,1,1,3,0,0,0,0,0,0,0,0,0,0,0,0,0,0,0,0,0,0,0,0,0,0,0,0,0,0,0,1,0,0,0,1,1,0,0,0,0,0,0,0,0,0,0,0,0,0,0,0,0,0,0,0,0,0,0,0,0,0,0,0,0,0,0,0,0,0,1,0,0,0,1,1,0,0,0,0,0,0,0,0,0,0,0,0,0,0,0,0,0,0,0,0,0,0,0,0,0,0,0,0,0,0,0,0,0,1,0,0,0,1,1,0,0,0,0,0,0,0,0,0,0,2,1,1,1,1,1,1,1,1,1,1,1,1,1,1,1,1,1,1,1,1,1,1,1,8,8,8,1,1,1,1,1,5,0,0,0,0,0,0,1,0,0,0,0,0,0,0,0,0,0,0,0,0,0,0,0,0,0,0,0,0,0,1,0,0,0,1,1,0,0,0,0,0,0,0,0,0,2,5,0,0,0,0,0,0,0,0,0,0,0,0,0,0,0,0,0,0,0,0,0,0,1,0,0,0,1,1,0,0,0,0,0,0,2,1,1,5,0,0,0,0,0,0,0,0,0,0,0,0,0,0,0,0,0,0,0,0,0,0,0,1,0,0,0,1,1,0,0,0,0,0,0,0,0,1,0,0,0,0,0,0,0,0,0,0,0,0,0,0,0,0,0,0,0,0,0,0,0,0,4,0,0,0,1,1,0,0,0,0,0,0,0,0,1,0,0,0,0,0,0,0,0,0,0,0,0,0,0,0,0,0,0,0,0,0,0,0,0,0,0,0,0,1,1,1,1,1,1,3,0,0,0,1,0,0,0,4,8,8,8,8,8,8,8,8,8,8,8,8,8,8,8,8,1,1,3,0,0,0,0,0,1,11,0,0,0,0,0,0,0,0,1,0,0,0,0,0,0,0,0,0,0,0,4,3,0,0,0,0,0,0,0,0,0,4,3,0,0,0,0,1,11,0,0,0,0,0,0,2,1,5,0,0,0,0,0,0,0,0,0,0,0,0,4,3,0,0,0,0,0,0,0,0,0,4,3,0,0,0,1,11,0,0,0,0,0,2,5,0,0,0,0,0,0,0,0,0,0,0,0,0,0,0,4,3,0,0,0,0,0,0,0,0,0,4,1,1,1,1,1,1,1,1,1,1,1,1,1,1,1,1,1,1,1,1,1,1,1,5,0,0,0,0,4,1,1,1,1,1,1,1,1,1,1,1,1,1,1,11,0,0,0,0,0,0,0,0,0,0,0,0,0,0,0,0,0,0,0,0,0,0,0,0,0,0,0,0,0,0,0,0,0,0,0,0,0,11,11,0,0,0,0,0,0,0,0,0,0,0,0,0,0,0,0,0,0,0,0,0,0,0,0,0,0,0,0,0,0,0,0,0,0,0,0,0,11,11,0,0,0,0,0,0,0,0,0,0,0,0,0,0,0,0,0,0,0,0,0,0,0,0,0,0,0,0,0,0,0,0,0,0,0,0,0,11,1,1,1,1,1,1,1,1,1,1,1,1,1,1,1,1,1,1,1,1,1,1,1,1,1,1,1,1,1,1,1,1,1,1,1,1,1,1,1],"height":29,"name":"Ground","opacity":1,"type":"tilelayer","visible":true,"width":39,"x":0,"y":0},{"draworder":"topdown","name":"Chars","objects":[{"gid":16,"height":64,"id":51,"name":"","rotation":0,"type":"","visible":true,"width":64,"x":400,"y":448},{"gid":17,"height":64,"id":52,"name":"","rotation":0,"type":"","visible":true,"width":64,"x":256,"y":544},{"gid":21,"height":64,"id":53,"name":"","rotation":0,"type":"","visible":true,"width":64,"x":128,"y":336},{"gid":21,"height":64,"id":54,"name":"","rotation":0,"type":"","visible":true,"width":64,"x":32,"y":624},{"gid":21,"height":64,"id":55,"name":"","rotation":0,"type":"","visible":true,"width":64,"x":640,"y":432},{"gid":21,"height":64,"id":56,"name":"","rotation":0,"type":"","visible":true,"width":64,"x":192,"y":880},{"gid":20,"height":64,"id":57,"name":"","rotation":0,"type":"","visible":true,"width":64,"x":976,"y":304},{"gid":20,"height":64,"id":58,"name":"","rotation":0,"type":"","visible":true,"width":64,"x":880,"y":432},{"gid":20,"height":64,"id":59,"name":"","rotation":0,"type":"","visible":true,"width":64,"x":1008,"y":880},{"gid":20,"height":64,"id":60,"name":"","rotation":0,"type":"","visible":true,"width":64,"x":64,"y":752},{"gid":18,"height":64,"id":61,"name":"","rotation":0,"type":"","visible":true,"width":64,"x":720,"y":320},{"gid":19,"height":64,"id":62,"name":"","rotation":0,"type":"","visible":true,"width":64,"x":544,"y":320},{"gid":22,"height":64,"id":64,"name":"","rotation":0,"type":"","visible":true,"width":64,"x":496,"y":176}],"opacity":1,"type":"objectgroup","visible":true,"x":0,"y":0},{"draworder":"topdown","name":"Objects","objects":[{"gid":24,"height":64,"id":34,"name":"","properties":{"group":6},"propertytypes":{"group":"int"},"rotation":0,"type":"","visible":true,"width":64,"x":40,"y":384},{"gid":24,"height":64,"id":35,"name":"","properties":{"group":1},"propertytypes":{"group":"int"},"rotation":0,"type":"","visible":true,"width":64,"x":32,"y":512},{"gid":24,"height":64,"id":36,"name":"","properties":{"group":2},"propertytypes":{"group":"int"},"rotation":0,"type":"","visible":true,"width":64,"x":880,"y":352},{"gid":24,"height":64,"id":37,"name":"","rotation":0,"type":"","visible":true,"width":64,"x":992,"y":480},{"gid":24,"height":64,"id":38,"name":"","properties":{"group":4},"propertytypes":{"group":"int"},"rotation":0,"type":"","visible":true,"width":64,"x":784,"y":480},{"gid":38,"height":64,"id":39,"name":"","properties":{"group":3,"time":4000},"propertytypes":{"group":"int","time":"int"},"rotation":0,"type":"","visible":true,"width":64,"x":544,"y":480},{"height":32,"id":40,"name":"","properties":{"dx":-3,"group":6},"propertytypes":{"dx":"int","group":"int"},"rotation":0,"type":"platform","visible":true,"width":112,"x":56,"y":192},{"height":32,"id":41,"name":"","properties":{"dx":4,"group":2},"propertytypes":{"dx":"int","group":"int"},"rotation":0,"type":"platform","visible":true,"width":96,"x":864,"y":160},{"height":32,"id":42,"name":"","properties":{"dx":0,"dy":-4,"group":3},"propertytypes":{"dx":"int","dy":"int","group":"int"},"rotation":0,"type":"platform","visible":true,"width":96,"x":528,"y":480},{"height":32,"id":43,"name":"","properties":{"dx":0,"dy":-4,"group":4},"propertytypes":{"dx":"int","dy":"int","group":"int"},"rotation":0,"type":"platform","visible":true,"width":96,"x":768,"y":480},{"gid":40,"height":96,"id":44,"name":"","properties":{"group":1,"portalId":1},"propertytypes":{"group":"int","portalId":"int"},"rotation":0,"type":"","visible":true,"width":64,"x":0,"y":768},{"gid":40,"height":96,"id":45,"name":"","properties":{"group":1,"portalId":1},"propertytypes":{"group":"int","portalId":"int"},"rotation":0,"type":"","visible":true,"width":64,"x":0,"y":896},{"gid":40,"height":96,"id":46,"name":"","rotation":90,"type":"","visible":true,"width":64,"x":1120,"y":304},{"gid":40,"height":96,"id":47,"name":"","rotation":-90,"type":"","visible":true,"width":64,"x":1216,"y":624},{"gid":41,"height":96,"id":49,"name":"","properties":{"group":5,"initialState":1,"portalId":5},"propertytypes":{"group":"int","initialState":"int","portalId":"int"},"rotation":0,"type":"","visible":true,"width":64,"x":1184,"y":896},{"gid":41,"height":96,"id":50,"name":"","properties":{"group":5,"initialState":1,"portalId":5},"propertytypes":{"group":"int","initialState":"int","portalId":"int"},"rotation":-90,"type":"","visible":true,"width":64,"x":256,"y":64}],"opacity":1,"type":"objectgroup","visible":true,"x":0,"y":0}],"nextobjectid":65,"orientation":"orthogonal","renderorder":"right-down","tiledversion":"1.1.3","tileheight":32,"tilesets":[{"firstgid":1,"source":"../../../assets/tilemaps/tilesets/Ground.json"},{"firstgid":16,"source":"../../../assets/tilemaps/tilesets/Chars.json"},{"firstgid":24,"source":"../../../assets/tilemaps/tilesets/Objects.json"},{"firstgid":40,"source":"../../../assets/tilemaps/tilesets/LargeObjects.json"}],"tilewidth":32,"type":"map","version":1,"width":39}