{"height":29,"infinite":false,"layers":[{"data":[1,1,1,1,1,1,1,1,1,1,1,1,1,1,1,1,1,1,1,1,1,1,1,1,1,1,1,1,1,1,1,1,1,1,1,1,1,1,1,1,0,0,0,0,0,0,0,0,0,0,0,0,0,0,0,0,0,0,0,0,0,0,0,0,0,0,0,0,0,0,0,0,0,0,4,1,1,1,1,0,0,0,0,0,0,0,0,0,0,0,0,0,0,0,0,0,0,0,0,0,0,0,0,0,0,0,0,0,0,0,0,0,0,0,4,1,1,1,0,0,0,0,0,0,0,0,0,0,0,0,0,0,0,0,0,0,0,0,0,0,0,0,0,0,0,0,0,0,0,0,0,0,0,0,0,11,1,3,0,0,0,0,0,0,0,0,0,0,0,2,0,0,0,0,0,0,0,0,0,0,0,0,0,0,0,0,0,0,0,0,0,0,0,0,11,1,1,1,1,0,1,1,1,1,1,1,1,1,1,3,0,0,0,0,0,0,0,0,0,0,0,0,0,0,0,0,0,0,0,0,0,0,0,11,1,0,4,5,0,1,0,0,0,0,0,0,0,4,1,1,1,1,1,1,1,1,1,1,1,0,1,1,1,1,1,1,1,3,0,0,1,1,1,1,0,0,0,2,5,0,0,0,0,0,0,0,0,0,0,0,0,2,1,5,0,0,4,5,0,1,0,0,0,0,0,0,0,0,0,1,0,1,1,0,1,1,5,0,0,0,0,0,0,0,0,0,0,0,0,2,5,0,0,0,0,0,0,2,5,0,0,0,0,0,0,0,0,2,5,0,1,1,0,1,0,0,0,0,2,1,1,1,1,1,1,1,1,1,5,0,0,0,2,1,1,1,5,0,0,0,0,0,0,0,2,1,5,0,0,1,1,0,4,1,1,1,1,5,0,0,0,0,0,0,0,0,0,0,0,0,2,1,1,3,0,0,0,0,0,0,0,0,2,5,0,0,0,0,1,1,3,0,0,0,0,0,0,0,0,0,0,0,0,0,0,0,0,0,0,0,0,0,4,1,1,1,1,1,1,1,1,5,0,0,0,0,0,1,1,1,3,0,0,0,0,0,0,0,0,0,0,0,0,0,0,0,0,0,0,0,0,0,0,0,0,0,0,0,0,0,0,0,0,0,0,0,1,1,1,1,1,1,1,1,1,1,1,1,1,1,1,1,1,1,1,1,1,1,1,1,1,1,1,1,0,0,0,1,3,0,0,0,0,0,0,1,1,0,0,0,0,0,0,0,0,0,0,0,0,0,0,0,0,0,0,0,0,0,0,1,0,0,0,0,0,0,0,4,1,1,1,1,0,0,1,1,0,0,0,0,0,0,0,0,0,0,0,0,0,0,0,0,0,0,0,0,0,0,1,0,0,0,0,0,0,0,0,1,1,1,5,0,2,1,1,0,0,0,0,0,0,0,0,0,0,0,0,0,0,0,0,0,0,0,0,0,0,1,0,0,0,0,0,0,0,0,1,1,5,0,2,1,1,1,3,0,2,1,1,1,1,0,0,1,1,1,1,1,1,1,1,1,1,3,0,2,1,0,0,2,1,1,1,1,1,1,5,0,2,5,0,1,1,1,1,1,5,0,0,4,3,0,0,0,0,0,0,0,0,0,0,4,1,1,1,1,0,0,0,0,0,0,0,0,1,0,0,0,0,0,1,1,5,0,0,0,0,0,0,4,3,0,0,0,0,0,0,0,0,0,0,1,1,0,1,0,0,0,0,0,0,0,0,1,3,0,0,0,0,1,1,0,0,0,0,0,0,0,0,4,1,1,1,1,1,1,1,1,3,0,1,5,0,1,1,3,0,0,0,0,0,0,1,4,3,0,2,1,1,1,0,0,0,0,0,0,0,0,0,0,0,0,0,0,0,0,0,1,0,1,0,0,0,0,4,3,0,0,0,0,0,1,0,4,1,5,0,1,1,0,0,0,0,0,0,0,0,0,0,0,0,0,0,0,0,2,5,0,4,3,0,0,0,0,0,0,0,0,0,2,5,0,0,0,0,0,1,1,1,1,1,1,1,1,3,0,0,0,0,0,0,0,0,0,4,3,0,2,5,0,0,0,0,0,0,0,0,2,5,0,0,0,0,0,0,1,1,5,0,0,0,0,0,4,3,0,0,0,0,0,0,0,0,0,1,1,1,0,0,0,0,0,0,2,1,1,5,0,0,0,0,0,0,0,1,11,0,0,0,0,0,0,0,0,0,0,0,0,0,0,0,0,0,0,0,0,0,0,0,0,0,0,0,0,0,0,0,0,0,0,0,0,0,1,11,0,0,0,0,0,0,0,0,0,0,0,0,0,0,0,0,0,0,0,0,0,0,0,0,0,0,0,0,0,0,0,0,0,0,0,0,0,1,11,0,0,0,0,0,0,0,0,0,0,0,0,0,0,0,0,0,0,0,0,0,0,0,0,0,0,0,0,0,0,0,0,0,0,0,0,0,1,1,1,1,1,1,1,1,1,1,1,1,1,1,1,1,1,1,1,1,1,1,1,1,1,1,1,1,1,1,1,1,1,1,1,1,1,1,1,1],"height":29,"name":"Ground","opacity":1,"type":"tilelayer","visible":true,"width":39,"x":0,"y":0},{"draworder":"topdown","name":"Chars","objects":[{"gid":17,"height":64,"id":34,"name":"","rotation":0,"type":"","visible":true,"width":64,"x":272,"y":896},{"gid":16,"height":64,"id":35,"name":"","rotation":0,"type":"","visible":true,"width":64,"x":544,"y":192},{"gid":20,"height":64,"id":36,"name":"","rotation":0,"type":"","visible":true,"width":64,"x":928,"y":160},{"gid":20,"height":64,"id":37,"name":"","rotation":0,"type":"","visible":true,"width":64,"x":960,"y":304},{"gid":20,"height":64,"id":38,"name":"","rotation":0,"type":"","visible":true,"width":64,"x":1104,"y":816},{"gid":21,"height":64,"id":39,"name":"","rotation":0,"type":"","visible":true,"width":64,"x":896,"y":688},{"gid":21,"height":64,"id":40,"name":"","rotation":0,"type":"","visible":true,"width":64,"x":64,"y":128},{"gid":21,"height":64,"id":41,"name":"","rotation":0,"type":"","visible":true,"width":64,"x":352,"y":800},{"gid":18,"height":64,"id":42,"name":"","rotation":0,"type":"","visible":true,"width":64,"x":96,"y":736},{"gid":19,"height":64,"id":43,"name":"","rotation":0,"type":"","visible":true,"width":64,"x":880,"y":352}],"opacity":1,"type":"objectgroup","visible":true,"x":0,"y":0},{"draworder":"topdown","name":"Objects","objects":[{"gid":41,"height":96,"id":55,"name":"","rotation":0,"type":"","visible":true,"width":64,"x":0,"y":896},{"gid":40,"height":96,"id":56,"name":"","rotation":0,"type":"","visible":true,"width":64,"x":1184,"y":192},{"gid":40,"height":96,"id":57,"name":"","properties":{"group":2,"portalId":2},"propertytypes":{"group":"int","portalId":"int"},"rotation":0,"type":"","visible":true,"width":64,"x":288,"y":416},{"gid":41,"height":96,"id":58,"name":"","properties":{"group":2,"portalId":2},"propertytypes":{"group":"int","portalId":"int"},"rotation":0,"type":"","visible":true,"width":64,"x":448,"y":544},{"height":32,"id":59,"name":"","properties":{"dx":-3,"group":1},"propertytypes":{"dx":"int","group":"int"},"rotation":0,"type":"platform","visible":true,"width":128,"x":224,"y":544},{"height":32,"id":60,"name":"","properties":{"dx":-3,"group":6},"propertytypes":{"dx":"int","group":"int"},"rotation":0,"type":"platform","visible":true,"width":96,"x":576,"y":672},{"height":32,"id":61,"name":"","properties":{"dx":0,"dy":-1,"group":3},"propertytypes":{"dx":"int","dy":"int","group":"int"},"rotation":0,"type":"platform","visible":true,"width":96,"x":864,"y":384},{"height":96,"id":62,"name":"","properties":{"dx":0,"dy":-3,"group":5},"propertytypes":{"dx":"int","dy":"int","group":"int"},"rotation":0,"type":"platform","visible":true,"width":32,"x":128,"y":336},{"height":96,"id":63,"name":"","properties":{"dx":0,"dy":-3,"group":4},"propertytypes":{"dx":"int","dy":"int","group":"int"},"rotation":0,"type":"platform","visible":true,"width":32,"x":672,"y":336},{"gid":34,"height":64,"id":64,"name":"","rotation":0,"type":"","visible":true,"width":64,"x":480,"y":192},{"gid":34,"height":64,"id":65,"name":"","rotation":0,"type":"","visible":true,"width":64,"x":352,"y":160},{"gid":34,"height":64,"id":66,"name":"","rotation":0,"type":"","visible":true,"width":64,"x":672,"y":192},{"gid":34,"height":64,"id":67,"name":"","rotation":0,"type":"","visible":true,"width":64,"x":224,"y":160},{"gid":24,"height":64,"id":68,"name":"","properties":{"group":3},"propertytypes":{"group":"int"},"rotation":0,"type":"","visible":true,"width":64,"x":880,"y":576},{"gid":24,"height":64,"id":69,"name":"","properties":{"group":6},"propertytypes":{"group":"int"},"rotation":0,"type":"","visible":true,"width":64,"x":592,"y":928},{"gid":24,"height":64,"id":70,"name":"","properties":{"group":4},"propertytypes":{"group":"int"},"rotation":0,"type":"","visible":true,"width":64,"x":592,"y":800},{"gid":24,"height":64,"id":71,"name":"","properties":{"group":1},"propertytypes":{"group":"int"},"rotation":0,"type":"","visible":true,"width":64,"x":656,"y":608},{"gid":25,"height":64,"id":72,"name":"","properties":{"group":2},"propertytypes":{"group":"int"},"rotation":0,"type":"","visible":true,"width":64,"x":1104,"y":928},{"gid":24,"height":64,"id":73,"name":"","properties":{"group":5},"propertytypes":{"group":"int"},"rotation":0,"type":"","visible":true,"width":64,"x":48,"y":608},{"gid":24,"height":64,"id":74,"name":"","rotation":0,"type":"","visible":true,"width":64,"x":1104,"y":704}],"opacity":1,"type":"objectgroup","visible":true,"x":0,"y":0}],"nextobjectid":75,"orientation":"orthogonal","renderorder":"right-down","tiledversion":"1.1.3","tileheight":32,"tilesets":[{"firstgid":1,"source":"../../../assets/tilemaps/tilesets/Ground.json"},{"firstgid":16,"source":"../../../assets/tilemaps/tilesets/Chars.json"},{"firstgid":24,"source":"../../../assets/tilemaps/tilesets/Objects.json"},{"firstgid":40,"source":"../../../assets/tilemaps/tilesets/LargeObjects.json"}],"tilewidth":32,"type":"map","version":1,"width":39}