{"height":29,"infinite":false,"layers":[{"data":[1,1,1,1,1,1,1,1,1,1,1,1,1,1,1,1,1,1,1,1,1,1,1,1,1,1,1,1,1,1,1,1,1,1,1,1,1,1,1,1,0,0,0,0,0,0,0,0,0,0,0,0,0,0,0,0,0,0,0,0,0,0,2,5,0,0,0,0,0,0,0,0,0,0,0,0,4,1,1,0,0,0,0,0,0,0,0,0,0,0,0,0,0,0,0,0,0,0,0,0,2,5,0,0,0,0,0,0,0,0,0,0,0,0,0,0,11,1,0,0,0,0,0,0,0,0,0,0,0,0,0,0,0,0,0,0,0,0,2,5,0,0,0,0,0,0,0,0,0,0,0,0,0,0,0,11,1,0,0,0,0,0,0,0,0,0,0,0,0,0,0,0,0,0,0,0,2,5,0,0,0,0,0,2,1,1,1,1,1,3,0,0,0,0,11,1,0,0,0,2,1,1,1,1,1,1,1,1,1,1,1,1,1,1,1,5,0,0,0,0,0,2,5,0,0,0,0,0,4,3,0,0,0,1,1,0,0,0,0,0,0,0,0,0,0,0,0,0,0,0,0,0,0,0,0,0,0,0,0,0,1,0,0,0,0,0,0,0,4,7,7,7,1,1,0,0,0,0,0,0,0,0,0,0,0,0,0,0,0,0,0,0,0,0,0,0,0,0,0,1,0,0,0,0,0,0,0,0,0,0,0,1,1,0,0,0,0,0,0,0,0,0,0,0,0,0,0,0,0,0,0,0,0,0,0,0,0,0,4,1,1,1,1,3,0,0,0,0,0,0,1,1,0,0,0,0,0,0,0,0,0,0,0,0,0,0,0,0,0,0,0,0,0,0,0,0,0,0,0,0,0,0,0,0,0,0,0,0,0,1,1,0,0,0,0,0,0,0,0,0,0,2,1,1,6,6,6,6,6,1,1,1,1,1,3,0,0,0,0,0,0,0,0,0,2,0,0,0,1,1,0,0,0,0,0,0,0,0,0,2,5,0,0,0,0,0,0,0,0,0,0,0,0,4,3,0,0,0,0,0,0,0,2,5,0,0,0,1,1,1,1,1,7,7,7,7,1,1,5,0,0,0,0,0,0,0,0,0,0,0,0,0,0,4,1,1,1,1,1,1,1,5,0,0,0,0,1,1,5,0,0,0,0,0,0,0,0,0,0,0,0,0,0,0,0,0,0,0,0,0,0,0,0,0,0,0,0,0,0,0,0,0,0,0,0,1,1,0,0,0,0,0,0,0,0,0,0,0,2,1,1,1,1,1,3,0,0,0,0,0,0,0,0,0,0,0,0,0,0,0,0,0,0,0,1,1,0,0,0,0,0,0,0,0,0,0,0,4,5,0,0,0,0,4,3,0,0,0,0,0,0,0,0,0,0,0,0,0,0,2,0,0,0,1,1,0,0,0,0,0,0,0,0,0,0,0,0,0,0,0,0,0,0,4,1,3,0,0,0,2,7,7,7,7,7,7,7,7,1,1,1,1,1,1,1,1,3,0,0,0,2,1,1,3,0,0,0,0,0,0,0,0,0,0,1,0,0,0,0,0,0,0,0,0,0,0,0,0,0,0,0,11,1,0,4,5,0,0,0,4,5,0,1,0,0,0,0,0,0,0,0,0,0,4,3,0,0,0,0,0,0,0,0,0,0,0,0,0,0,0,11,1,0,0,0,0,0,0,0,0,0,1,0,0,0,0,0,0,0,0,0,0,0,4,1,3,0,0,0,0,0,0,0,0,0,0,0,0,0,11,1,0,0,0,0,0,0,0,0,0,1,0,0,0,0,0,0,0,0,0,0,0,0,0,4,1,1,1,1,6,6,6,6,6,6,6,6,1,1,1,0,0,0,0,0,0,0,0,0,1,0,0,0,0,0,0,0,0,0,0,0,0,0,0,0,0,0,0,0,0,0,0,0,0,0,0,0,1,1,0,0,0,0,0,0,0,0,0,1,0,0,0,0,2,1,1,5,0,0,0,0,0,0,0,0,0,0,0,0,0,0,0,0,0,0,0,1,1,0,0,0,0,0,0,0,0,0,1,1,1,1,1,5,0,0,0,0,0,0,0,0,0,0,0,0,0,0,0,0,0,0,0,0,0,0,1,1,0,0,0,0,0,0,0,0,0,4,5,0,0,0,0,0,0,0,0,0,0,0,0,0,0,0,0,0,0,2,1,1,1,1,1,1,1,1,1,0,0,0,0,0,0,0,0,0,0,0,0,0,0,0,0,0,0,0,0,0,0,0,0,0,0,0,0,0,0,0,0,0,0,0,0,0,1,1,3,0,0,0,0,0,0,0,0,0,0,0,0,0,0,0,0,0,0,0,0,0,0,0,0,0,0,0,0,0,0,0,0,0,0,0,0,1,1,4,3,0,0,0,0,0,0,0,0,0,0,0,0,0,0,0,0,0,0,0,0,0,0,0,0,0,0,0,0,0,0,0,0,0,0,0,1,1,1,1,1,1,1,1,1,1,1,1,1,1,1,1,1,1,1,1,1,1,1,1,1,1,1,1,1,1,1,1,1,1,1,1,1,1,1,1],"height":29,"name":"Ground","opacity":1,"type":"tilelayer","visible":true,"width":39,"x":0,"y":0},{"draworder":"topdown","name":"Chars","objects":[{"gid":17,"height":64,"id":48,"name":"","rotation":0,"type":"","visible":true,"width":64,"x":512,"y":704},{"gid":16,"height":64,"id":49,"name":"","rotation":0,"type":"","visible":true,"width":64,"x":1120,"y":768},{"gid":18,"height":64,"id":50,"name":"","rotation":0,"type":"","visible":true,"width":64,"x":544,"y":160},{"gid":19,"height":64,"id":51,"name":"","rotation":0,"type":"","visible":true,"width":64,"x":416,"y":160},{"gid":20,"height":64,"id":52,"name":"","rotation":0,"type":"","visible":true,"width":64,"x":496,"y":272},{"gid":20,"height":64,"id":53,"name":"","rotation":0,"type":"","visible":true,"width":64,"x":992,"y":368},{"gid":20,"height":64,"id":54,"name":"","rotation":0,"type":"","visible":true,"width":64,"x":928,"y":496},{"gid":20,"height":64,"id":55,"name":"","rotation":0,"type":"","visible":true,"width":64,"x":808,"y":856},{"gid":20,"height":64,"id":56,"name":"","rotation":0,"type":"","visible":true,"width":64,"x":248,"y":864},{"gid":20,"height":64,"id":57,"name":"","rotation":0,"type":"","visible":true,"width":64,"x":48,"y":512},{"gid":21,"height":64,"id":58,"name":"","rotation":0,"type":"","visible":true,"width":64,"x":800,"y":128},{"gid":21,"height":64,"id":59,"name":"","rotation":0,"type":"","visible":true,"width":64,"x":128,"y":320},{"gid":21,"height":64,"id":60,"name":"","rotation":0,"type":"","visible":true,"width":64,"x":624,"y":704},{"gid":21,"height":64,"id":61,"name":"","rotation":0,"type":"","visible":true,"width":64,"x":976,"y":624},{"gid":21,"height":64,"id":62,"name":"","rotation":0,"type":"","visible":true,"width":64,"x":464,"y":864},{"gid":21,"height":64,"id":63,"name":"","rotation":0,"type":"","visible":true,"width":64,"x":136,"y":720}],"opacity":1,"type":"objectgroup","visible":true,"x":0,"y":0},{"draworder":"topdown","name":"Objects","objects":[{"gid":41,"height":96,"id":34,"name":"","properties":{"group":3,"portalId":3},"propertytypes":{"group":"int","portalId":"int"},"rotation":0,"type":"","visible":true,"width":64,"x":1184,"y":152},{"gid":41,"height":96,"id":35,"name":"","properties":{"group":3,"portalId":3},"propertytypes":{"group":"int","portalId":"int"},"rotation":0,"type":"","visible":true,"width":64,"x":1184,"y":640},{"gid":41,"height":96,"id":36,"name":"","properties":{"group":5,"initialState":1,"portalId":5},"propertytypes":{"group":"int","initialState":"int","portalId":"int"},"rotation":0,"type":"","visible":true,"width":64,"x":328,"y":896},{"gid":41,"height":96,"id":37,"name":"","properties":{"group":5,"initialState":1,"portalId":5},"propertytypes":{"group":"int","initialState":"int","portalId":"int"},"rotation":90,"type":"","visible":true,"width":64,"x":128,"y":544},{"gid":42,"height":96,"id":38,"name":"","properties":{"group":6,"length":12},"propertytypes":{"group":"int","length":"float"},"rotation":-90,"type":"","visible":true,"width":64,"x":120,"y":416},{"gid":38,"height":64,"id":39,"name":"","properties":{"group":6,"time":6000},"propertytypes":{"group":"int","time":"int"},"rotation":0,"type":"","visible":true,"width":64,"x":656,"y":352},{"gid":24,"height":64,"id":40,"name":"","properties":{"group":3},"propertytypes":{"group":"int"},"rotation":0,"type":"","visible":true,"width":64,"x":896,"y":288},{"gid":24,"height":64,"id":41,"name":"","properties":{"group":1},"propertytypes":{"group":"int"},"rotation":0,"type":"","visible":true,"width":64,"x":832,"y":672},{"gid":24,"height":64,"id":42,"name":"","properties":{"group":4},"propertytypes":{"group":"int"},"rotation":0,"type":"","visible":true,"width":64,"x":1120,"y":928},{"gid":38,"height":64,"id":43,"name":"","properties":{"group":2,"time":8000},"propertytypes":{"group":"int","time":"int"},"rotation":0,"type":"","visible":true,"width":64,"x":384,"y":768},{"height":96,"id":44,"name":"","properties":{"dx":0,"dy":-3,"group":2},"propertytypes":{"dx":"int","dy":"int","group":"int"},"rotation":0,"type":"platform","visible":true,"width":32,"x":544,"y":352},{"height":96,"id":45,"name":"","properties":{"dx":0,"dy":-4,"group":4},"propertytypes":{"dx":"int","dy":"int","group":"int"},"rotation":0,"type":"platform","visible":true,"width":32,"x":1056,"y":672},{"height":32,"id":46,"name":"","properties":{"dx":0,"dy":5,"group":1},"propertytypes":{"dx":"int","dy":"int","group":"int"},"rotation":0,"type":"platform","visible":true,"width":96,"x":1120,"y":480}],"opacity":1,"type":"objectgroup","visible":true,"x":0,"y":0}],"nextobjectid":64,"orientation":"orthogonal","renderorder":"right-down","tiledversion":"1.1.3","tileheight":32,"tilesets":[{"firstgid":1,"source":"../../../assets/tilemaps/tilesets/Ground.json"},{"firstgid":16,"source":"../../../assets/tilemaps/tilesets/Chars.json"},{"firstgid":24,"source":"../../../assets/tilemaps/tilesets/Objects.json"},{"firstgid":40,"source":"../../../assets/tilemaps/tilesets/LargeObjects.json"}],"tilewidth":32,"type":"map","version":1,"width":39}