{"height":29,"infinite":false,"layers":[{"data":[1,1,1,1,1,1,1,1,1,1,1,1,1,1,1,1,1,1,1,1,1,1,1,1,1,1,1,1,1,1,1,1,1,1,1,1,1,1,1,1,5,0,0,0,0,0,0,4,3,0,2,5,0,0,0,0,0,0,0,0,0,0,0,4,1,0,0,0,0,0,0,0,0,0,0,0,4,1,1,0,0,0,0,0,0,0,0,1,0,1,0,0,0,0,0,0,0,0,0,0,0,0,0,1,0,0,0,0,0,0,0,0,0,0,0,0,1,1,0,0,0,0,0,0,0,0,4,1,5,0,0,0,0,0,0,0,0,0,0,0,0,0,1,0,0,0,0,0,0,0,0,0,0,0,0,1,1,0,0,0,0,0,0,0,0,0,0,0,0,0,2,1,1,1,1,1,1,3,0,0,0,1,0,0,0,0,0,0,0,0,0,0,0,0,1,1,0,0,0,0,0,0,0,0,0,0,0,0,2,5,0,0,0,0,0,0,1,0,0,0,1,0,0,0,0,0,0,0,0,0,0,0,0,1,1,1,1,1,1,1,1,3,0,0,0,0,0,1,0,0,0,0,0,0,0,1,0,0,0,1,0,0,0,2,1,1,1,1,3,0,0,0,1,1,0,0,0,0,0,0,0,0,0,0,0,0,1,0,0,0,0,0,0,0,1,0,0,0,1,0,0,0,1,0,0,0,0,1,0,0,0,1,1,0,0,0,0,0,0,0,0,0,0,0,0,1,3,0,0,0,0,0,0,1,0,0,0,1,0,0,0,1,0,0,0,0,1,0,0,0,1,1,0,0,0,0,0,0,0,0,0,0,0,0,1,4,1,1,1,3,0,0,1,0,0,0,1,0,0,0,1,0,0,0,0,1,0,0,0,1,1,0,0,0,0,0,0,0,0,0,0,0,0,1,2,5,0,0,0,0,0,1,0,0,0,1,0,0,0,1,0,0,0,0,1,0,0,0,1,1,0,0,0,0,0,0,0,0,0,0,0,0,1,5,0,0,0,0,0,0,1,0,0,0,1,0,0,0,1,0,0,0,0,1,0,0,0,1,1,0,0,0,0,0,0,0,0,0,0,0,0,1,0,0,0,0,0,0,2,1,0,0,0,1,0,0,0,1,0,0,0,0,1,0,0,0,1,1,0,0,0,0,0,0,0,0,0,0,0,0,1,0,0,0,2,1,1,1,1,0,0,0,1,0,0,0,1,0,0,0,0,1,0,0,0,1,1,0,0,0,0,0,0,0,0,0,0,0,0,1,0,0,0,1,0,0,0,1,0,0,0,1,0,0,0,1,0,0,0,0,1,0,0,0,1,1,0,0,0,2,1,1,1,3,0,0,0,0,1,0,0,0,1,0,0,0,0,0,0,0,1,0,0,0,5,0,0,0,0,1,0,0,0,1,1,0,0,0,1,0,0,0,1,0,0,0,0,1,0,0,0,1,0,0,0,0,0,0,0,1,0,0,0,0,0,0,0,0,1,0,0,0,1,1,0,0,0,1,0,0,0,1,0,0,0,2,1,0,0,0,1,0,0,0,0,0,0,0,0,0,0,0,0,0,0,0,0,1,0,0,0,1,1,0,0,0,1,0,0,0,1,0,0,0,1,1,0,0,0,1,0,0,0,0,0,0,0,0,0,0,0,0,0,0,0,0,1,0,0,0,1,1,0,0,0,1,0,0,0,1,0,0,0,1,1,0,0,0,1,0,0,0,1,0,0,0,0,0,0,0,0,0,0,0,0,1,0,0,0,1,1,0,0,0,1,0,0,0,5,0,0,0,4,1,0,0,0,1,0,0,0,1,0,0,0,0,0,0,0,0,0,0,0,0,1,0,0,0,1,1,0,0,0,1,0,0,0,0,0,0,0,0,4,0,0,0,1,0,0,0,1,0,0,0,1,1,1,1,3,0,0,0,0,1,0,0,0,1,1,0,0,0,1,0,0,0,0,0,0,0,0,0,0,0,0,1,0,0,0,1,0,0,0,1,0,0,0,1,0,0,0,0,1,0,0,0,1,1,0,0,0,1,0,0,0,0,0,0,0,0,0,0,0,0,1,0,0,0,1,0,0,0,1,0,0,0,1,0,0,0,0,1,0,0,0,1,1,0,0,0,1,0,0,0,0,0,0,0,0,0,0,0,0,1,0,0,0,1,0,0,0,1,0,0,0,1,0,0,0,0,1,0,0,0,1,1,0,0,0,1,0,0,0,0,0,0,0,0,0,0,0,0,1,0,0,0,1,0,0,0,1,0,0,0,4,3,0,0,0,1,0,0,0,1,1,0,0,0,1,0,0,0,0,0,0,0,0,0,0,0,0,1,0,0,0,1,0,0,0,1,0,0,0,0,1,0,0,0,1,0,0,0,1,1,0,0,0,1,0,0,0,0,0,0,0,0,0,0,0,2,1,0,0,0,1,0,0,0,1,0,0,0,0,1,0,0,0,1,0,0,0,1,1,11,11,11,1,1,1,1,1,1,1,1,1,1,1,1,1,1,1,1,1,1,11,11,11,1,1,1,1,1,1,11,11,11,1,11,11,11,1],"height":29,"name":"Ground","opacity":1,"type":"tilelayer","visible":true,"width":39,"x":0,"y":0},{"draworder":"topdown","name":"Chars","objects":[{"gid":16,"height":64,"id":42,"name":"","rotation":0,"type":"","visible":true,"width":64,"x":208,"y":480},{"gid":17,"height":64,"id":43,"name":"","rotation":0,"type":"","visible":true,"width":64,"x":144,"y":480},{"gid":18,"height":64,"id":44,"name":"","rotation":0,"type":"","visible":true,"width":64,"x":224,"y":896},{"gid":19,"height":64,"id":45,"name":"","rotation":0,"type":"","visible":true,"width":64,"x":416,"y":896},{"gid":21,"height":64,"id":56,"name":"","rotation":0,"type":"","visible":true,"width":64,"x":464,"y":480},{"gid":21,"height":64,"id":57,"name":"","rotation":0,"type":"","visible":true,"width":64,"x":720,"y":256},{"gid":21,"height":64,"id":58,"name":"","rotation":0,"type":"","visible":true,"width":64,"x":928,"y":592},{"gid":21,"height":64,"id":59,"name":"","rotation":0,"type":"","visible":true,"width":64,"x":1136,"y":736},{"gid":21,"height":64,"id":60,"name":"","rotation":0,"type":"","visible":true,"width":64,"x":176,"y":144},{"gid":21,"height":64,"id":61,"name":"","rotation":0,"type":"","visible":true,"width":64,"x":48,"y":400},{"gid":20,"height":64,"id":62,"name":"","rotation":0,"type":"","visible":true,"width":64,"x":400,"y":128},{"gid":20,"height":64,"id":63,"name":"","rotation":0,"type":"","visible":true,"width":64,"x":720,"y":416},{"gid":20,"height":64,"id":64,"name":"","rotation":0,"type":"","visible":true,"width":64,"x":848,"y":656},{"gid":20,"height":64,"id":65,"name":"","rotation":0,"type":"","visible":true,"width":64,"x":1136,"y":320},{"gid":20,"height":64,"id":66,"name":"","rotation":0,"type":"","visible":true,"width":64,"x":48,"y":672},{"gid":20,"height":64,"id":67,"name":"","rotation":0,"type":"","visible":true,"width":64,"x":592,"y":656}],"opacity":1,"type":"objectgroup","visible":true,"x":0,"y":0},{"draworder":"topdown","name":"Objects","objects":[{"gid":25,"height":64,"id":34,"name":"","properties":{"group":6},"propertytypes":{"group":"int"},"rotation":0,"type":"","visible":true,"width":64,"x":992,"y":224},{"height":32,"id":35,"name":"","properties":{"group":6},"propertytypes":{"group":"int"},"rotation":0,"type":"platform","visible":true,"width":96,"x":832,"y":352},{"height":128,"id":36,"name":"","properties":{"dx":0,"dy":4,"group":6},"propertytypes":{"dx":"int","dy":"int","group":"int"},"rotation":0,"type":"platform","visible":true,"width":32,"x":672,"y":480},{"height":128,"id":37,"name":"","properties":{"dx":0,"dy":-4,"group":6},"propertytypes":{"dx":"int","dy":"int","group":"int"},"rotation":0,"type":"platform","visible":true,"width":32,"x":800,"y":544},{"height":32,"id":38,"name":"","properties":{"dx":-4,"group":6},"propertytypes":{"dx":"int","group":"int"},"rotation":0,"type":"platform","visible":true,"width":96,"x":576,"y":736},{"height":96,"id":39,"name":"","properties":{"dx":0,"dy":4,"group":2},"propertytypes":{"dx":"int","dy":"int","group":"int"},"rotation":0,"type":"platform","visible":true,"width":32,"x":480,"y":32},{"gid":25,"height":64,"id":40,"name":"","properties":{"group":2},"propertytypes":{"group":"int"},"rotation":0,"type":"","visible":true,"width":64,"x":80,"y":224},{"gid":25,"height":64,"id":41,"name":"","properties":{"group":4,"startPos":1},"propertytypes":{"group":"int","startPos":"int"},"rotation":0,"type":"","visible":true,"width":64,"x":496,"y":320},{"gid":40,"height":96,"id":46,"name":"","properties":{"group":1,"initialState":1,"portalId":1},"propertytypes":{"group":"int","initialState":"int","portalId":"int"},"rotation":90,"type":"","visible":true,"width":64,"x":832,"y":432},{"gid":40,"height":96,"id":48,"name":"","properties":{"group":1,"initialState":1,"portalId":1},"propertytypes":{"group":"int","initialState":"int","portalId":"int"},"rotation":90,"type":"","visible":true,"width":64,"x":992,"y":864},{"gid":40,"height":96,"id":49,"name":"","properties":{"group":5,"initialState":1,"portalId":5},"propertytypes":{"group":"int","initialState":"int","portalId":"int"},"rotation":90,"type":"","visible":true,"width":64,"x":32,"y":864},{"gid":40,"height":96,"id":51,"name":"","properties":{"group":5,"initialState":1,"portalId":5},"propertytypes":{"group":"int","initialState":"int","portalId":"int"},"rotation":90,"type":"","visible":true,"width":64,"x":288,"y":560},{"gid":40,"height":96,"id":52,"name":"","properties":{"group":4,"portalId":4},"propertytypes":{"group":"int","portalId":"int"},"rotation":-90,"type":"","visible":true,"width":64,"x":544,"y":592},{"gid":40,"height":96,"id":53,"name":"","properties":{"group":4,"portalId":4},"propertytypes":{"group":"int","portalId":"int"},"rotation":-90,"type":"","visible":true,"width":64,"x":672,"y":864},{"gid":40,"height":96,"id":54,"name":"","properties":{"group":0,"initialState":1,"portalId":0},"propertytypes":{"group":"int","initialState":"int","portalId":"int"},"rotation":-90,"type":"","visible":true,"width":64,"x":800,"y":928},{"gid":40,"height":96,"id":55,"name":"","properties":{"group":0,"initialState":1,"portalId":0},"propertytypes":{"group":"int","initialState":"int","portalId":"int"},"rotation":-90,"type":"","visible":true,"width":64,"x":1216,"y":928}],"opacity":1,"type":"objectgroup","visible":true,"x":0,"y":0}],"nextobjectid":68,"orientation":"orthogonal","renderorder":"right-down","tiledversion":"1.1.3","tileheight":32,"tilesets":[{"firstgid":1,"source":"../../../assets/tilemaps/tilesets/Ground.json"},{"firstgid":16,"source":"../../../assets/tilemaps/tilesets/Chars.json"},{"firstgid":24,"source":"../../../assets/tilemaps/tilesets/Objects.json"},{"firstgid":40,"source":"../../../assets/tilemaps/tilesets/LargeObjects.json"}],"tilewidth":32,"type":"map","version":1,"width":39}