{"height":29,"infinite":false,"layers":[{"data":[1,1,1,1,1,1,1,1,1,1,1,1,1,1,1,1,1,1,1,1,1,1,1,1,1,1,1,1,1,1,1,1,11,11,11,1,1,1,1,1,0,0,0,0,0,0,0,0,0,0,4,3,0,2,1,1,1,3,0,0,2,5,0,0,0,0,0,0,2,5,4,0,0,0,5,0,4,1,1,0,0,0,0,0,0,0,0,0,0,0,4,1,5,0,0,0,4,3,2,5,0,0,0,0,0,0,2,5,0,0,0,0,0,0,0,0,1,1,0,0,0,0,0,0,0,0,0,0,0,0,0,0,0,0,0,0,4,5,0,0,0,0,0,0,2,5,0,0,0,0,0,0,0,0,0,1,1,1,1,1,1,1,1,5,0,0,0,0,0,0,0,0,0,0,0,0,0,0,0,0,0,0,2,5,0,0,0,0,0,0,0,0,0,0,1,11,0,0,0,0,0,0,0,0,0,0,0,0,0,0,0,0,0,0,0,0,0,2,1,1,1,5,0,0,0,0,0,0,0,0,0,0,2,1,11,0,0,0,0,0,0,0,0,0,0,2,1,1,0,0,0,0,0,0,0,0,0,0,0,0,0,0,0,0,2,1,1,1,1,1,1,5,1,11,0,0,0,0,0,0,2,1,1,1,5,0,0,0,0,0,0,3,0,0,0,0,0,0,0,0,0,0,0,0,0,0,0,0,0,0,0,1,1,1,1,1,1,1,1,5,0,0,0,0,0,0,0,0,0,0,4,3,0,0,0,0,0,0,0,0,0,0,0,0,0,0,0,0,0,0,1,1,0,0,0,0,0,0,0,0,0,0,0,0,0,0,0,0,0,2,1,1,1,1,1,1,1,1,1,3,0,0,0,0,0,0,0,0,0,1,1,0,0,0,0,0,0,0,0,0,0,2,1,1,1,1,1,1,5,0,0,0,0,0,0,0,0,0,1,0,0,0,2,1,1,0,0,0,1,1,0,0,0,0,0,0,2,1,1,1,5,0,0,0,0,0,0,0,0,0,0,0,0,0,0,0,0,1,0,0,0,0,0,0,0,0,0,1,1,0,2,1,1,1,1,5,0,0,0,0,0,0,0,0,0,0,0,0,0,0,0,0,0,0,0,0,1,0,0,0,0,0,0,0,0,0,1,1,2,5,0,0,0,0,0,0,0,0,0,0,0,0,0,0,0,0,0,0,0,0,0,0,0,0,2,1,0,0,0,0,0,0,0,0,2,1,1,5,0,0,0,0,0,0,0,0,0,0,0,2,1,1,1,1,1,0,0,0,1,1,1,1,1,5,1,0,0,0,0,0,0,0,2,5,1,1,0,0,0,0,0,0,0,0,0,2,1,1,5,0,0,0,0,1,0,0,0,1,0,0,0,0,0,4,1,1,1,1,1,1,1,1,0,1,1,0,0,0,2,1,1,3,0,0,0,0,0,0,0,0,0,0,1,0,0,0,1,0,0,0,0,0,0,0,0,0,0,0,0,0,4,3,1,1,0,0,0,0,0,0,4,3,0,0,0,0,0,0,0,0,0,4,3,0,2,5,0,0,0,0,0,0,0,0,0,0,0,0,0,0,1,1,1,1,3,0,0,0,0,0,4,6,6,6,6,6,3,0,0,0,0,4,1,5,0,0,0,0,0,0,0,0,0,0,0,0,0,0,0,1,1,1,0,4,3,0,0,0,0,0,0,0,0,0,4,1,0,0,0,0,0,0,0,0,0,0,0,0,0,0,0,0,0,0,0,0,0,0,0,1,1,0,2,1,1,1,3,0,0,0,0,0,0,0,1,0,0,0,0,0,0,0,0,0,0,0,0,0,0,0,0,0,0,0,0,0,0,0,1,1,2,5,0,0,0,4,1,1,3,0,0,0,0,1,0,0,0,0,0,0,0,0,0,0,0,0,0,0,0,0,0,0,0,0,0,0,0,1,1,5,0,0,0,0,0,0,0,0,0,0,0,2,5,0,0,0,1,1,1,1,1,1,1,1,5,0,0,0,0,0,0,0,0,0,0,1,1,1,0,0,0,0,0,0,0,0,0,0,2,1,5,0,0,0,0,0,0,0,0,0,0,0,0,0,0,0,0,0,0,0,0,0,0,0,1,1,1,0,0,0,0,2,7,7,7,7,7,5,0,0,0,0,0,0,0,0,0,0,0,0,0,0,0,0,0,0,0,0,0,0,0,0,0,0,1,1,0,0,0,0,1,0,0,0,0,0,0,0,0,0,0,0,0,0,0,0,0,0,0,0,0,0,0,0,0,0,0,0,0,0,0,0,0,1,1,0,0,0,0,1,0,0,0,0,0,0,0,0,0,0,0,0,0,0,0,0,0,0,0,0,0,0,0,0,0,0,0,0,0,0,0,0,1,1,0,0,0,2,5,0,0,0,0,0,0,0,0,2,1,1,1,3,0,0,0,0,0,0,0,0,0,0,0,0,0,0,0,0,1,0,0,1,1,11,11,11,1,1,1,1,1,1,1,1,1,1,1,1,1,1,1,1,1,1,1,1,1,8,8,8,8,8,8,8,8,8,8,1,1,1,1],"height":29,"name":"Ground","opacity":1,"type":"tilelayer","visible":true,"width":39,"x":0,"y":0},{"draworder":"topdown","name":"Chars","objects":[{"gid":19,"height":64,"id":47,"name":"","rotation":0,"type":"","visible":true,"width":64,"x":112,"y":384},{"gid":18,"height":64,"id":48,"name":"","rotation":0,"type":"","visible":true,"width":64,"x":272,"y":352},{"gid":20,"height":64,"id":49,"name":"","rotation":0,"type":"","visible":true,"width":64,"x":80,"y":240},{"gid":20,"height":64,"id":50,"name":"","rotation":0,"type":"","visible":true,"width":64,"x":736,"y":144},{"gid":20,"height":64,"id":51,"name":"","rotation":0,"type":"","visible":true,"width":64,"x":1136,"y":304},{"gid":20,"height":64,"id":52,"name":"","rotation":0,"type":"","visible":true,"width":64,"x":1088,"y":824},{"gid":20,"height":64,"id":53,"name":"","rotation":0,"type":"","visible":true,"width":64,"x":592,"y":688},{"gid":20,"height":64,"id":54,"name":"","rotation":0,"type":"","visible":true,"width":64,"x":320,"y":736},{"gid":21,"height":64,"id":55,"name":"","rotation":0,"type":"","visible":true,"width":64,"x":1040,"y":152},{"gid":21,"height":64,"id":56,"name":"","rotation":0,"type":"","visible":true,"width":64,"x":816,"y":96},{"gid":21,"height":64,"id":57,"name":"","rotation":0,"type":"","visible":true,"width":64,"x":480,"y":560},{"gid":21,"height":64,"id":58,"name":"","rotation":0,"type":"","visible":true,"width":64,"x":624,"y":560},{"gid":21,"height":64,"id":59,"name":"","rotation":0,"type":"","visible":true,"width":64,"x":720,"y":688},{"gid":21,"height":64,"id":60,"name":"","rotation":0,"type":"","visible":true,"width":64,"x":728,"y":880},{"gid":16,"height":64,"id":62,"name":"","rotation":0,"type":"","visible":true,"width":64,"x":288,"y":896},{"gid":17,"height":64,"id":63,"name":"","rotation":0,"type":"","visible":true,"width":64,"x":208,"y":896}],"opacity":1,"type":"objectgroup","visible":true,"x":0,"y":0},{"draworder":"topdown","name":"Objects","objects":[{"gid":40,"height":96,"id":34,"name":"","properties":{"group":4,"portalId":4},"propertytypes":{"group":"int","portalId":"int"},"rotation":0,"type":"","visible":true,"width":64,"x":0,"y":256},{"gid":40,"height":96,"id":35,"name":"","properties":{"group":4,"portalId":4},"propertytypes":{"group":"int","portalId":"int"},"rotation":90,"type":"","visible":true,"width":64,"x":1024,"y":8},{"gid":40,"height":96,"id":36,"name":"","properties":{"initialState":1},"propertytypes":{"initialState":"int"},"rotation":90,"type":"","visible":true,"width":64,"x":608,"y":432},{"gid":40,"height":96,"id":37,"name":"","properties":{"initialState":1},"propertytypes":{"initialState":"int"},"rotation":-90,"type":"","visible":true,"width":64,"x":1216,"y":368},{"gid":40,"height":96,"id":38,"name":"","properties":{"group":1,"initialState":1,"portalId":1},"propertytypes":{"group":"int","initialState":"int","portalId":"int"},"rotation":-90,"type":"","visible":true,"width":64,"x":128,"y":928},{"gid":40,"height":96,"id":39,"name":"","properties":{"group":1,"initialState":1,"portalId":1},"propertytypes":{"group":"int","initialState":"int","portalId":"int"},"rotation":-153.325267193564,"type":"","visible":true,"width":64,"x":1215.29799858193,"y":790.729069462678},{"height":96,"id":40,"name":"","properties":{"dx":0,"dy":3,"group":5},"propertytypes":{"dx":"int","dy":"int","group":"int"},"rotation":0,"type":"platform","visible":true,"width":32,"x":416,"y":224},{"gid":26,"height":64,"id":42,"name":"","properties":{"group":5},"propertytypes":{"group":"int"},"rotation":0,"type":"","visible":true,"width":64,"x":64,"y":160},{"gid":28,"height":64,"id":43,"name":"","rotation":0,"type":"","visible":true,"width":64,"x":768,"y":448},{"gid":25,"height":64,"id":44,"name":"","properties":{"group":6},"propertytypes":{"group":"int"},"rotation":0,"type":"","visible":true,"width":64,"x":640,"y":928},{"gid":42,"height":96,"id":45,"name":"","properties":{"group":6,"length":12},"propertytypes":{"group":"int","length":"float"},"rotation":-90,"type":"","visible":true,"width":64,"x":576,"y":912},{"gid":42,"height":96,"id":46,"name":"","properties":{"group":6,"length":15},"propertytypes":{"group":"int","length":"float"},"rotation":180,"type":"","visible":true,"width":64,"x":1248,"y":608},{"gid":24,"height":64,"id":61,"name":"","properties":{"group":4},"propertytypes":{"group":"int"},"rotation":0,"type":"","visible":true,"width":64,"x":1040,"y":224}],"opacity":1,"type":"objectgroup","visible":true,"x":0,"y":0}],"nextobjectid":64,"orientation":"orthogonal","renderorder":"right-down","tiledversion":"1.1.3","tileheight":32,"tilesets":[{"firstgid":1,"source":"../../../assets/tilemaps/tilesets/Ground.json"},{"firstgid":16,"source":"../../../assets/tilemaps/tilesets/Chars.json"},{"firstgid":24,"source":"../../../assets/tilemaps/tilesets/Objects.json"},{"firstgid":40,"source":"../../../assets/tilemaps/tilesets/LargeObjects.json"}],"tilewidth":32,"type":"map","version":1,"width":39}