{"height":29,"infinite":false,"layers":[{"data":[1,1,1,1,1,1,1,1,1,1,1,1,1,1,1,1,1,1,1,1,1,1,1,1,1,1,1,1,1,1,1,1,1,1,1,1,1,1,1,1,0,0,0,0,0,0,0,0,0,0,0,0,4,0,0,0,5,0,0,0,0,0,0,0,0,0,0,0,0,0,0,0,0,0,0,0,0,1,1,0,0,0,0,0,0,0,0,0,0,0,0,0,0,0,0,0,0,0,0,0,0,0,0,0,0,0,0,0,0,0,0,0,0,0,0,0,1,1,0,0,0,0,0,0,0,0,0,0,0,0,0,0,0,0,0,0,0,0,0,0,0,0,0,0,0,0,0,0,0,0,0,0,0,0,0,1,1,1,1,1,3,0,0,0,0,0,0,0,0,0,0,0,0,0,0,0,0,0,0,0,0,0,0,0,2,1,1,1,3,0,0,0,0,0,1,1,0,0,0,0,0,0,0,0,0,0,0,0,0,0,0,0,0,0,0,0,0,0,0,0,0,0,0,0,0,0,0,0,0,0,0,0,0,1,1,0,0,0,0,0,0,0,0,0,0,0,0,0,0,0,0,0,0,0,0,0,0,0,2,0,0,0,0,0,0,0,0,0,0,0,0,0,1,1,0,0,0,0,0,2,1,1,5,0,0,0,0,0,0,0,0,0,0,0,4,1,1,1,1,1,3,0,0,0,0,0,0,0,0,0,0,1,1,0,0,0,1,1,5,0,0,0,0,0,0,0,0,0,0,0,0,0,0,0,0,0,0,0,0,4,1,1,1,1,1,1,1,1,1,1,1,1,0,0,0,5,0,0,0,0,0,0,0,0,0,0,0,0,0,0,0,0,0,0,0,0,0,0,0,0,0,0,0,0,0,0,4,3,0,1,1,0,0,0,0,0,0,0,0,0,0,0,0,0,0,0,0,0,0,0,0,0,0,0,0,0,0,0,0,0,0,0,0,0,0,0,4,3,1,1,0,0,0,0,0,0,0,0,0,0,0,0,0,0,0,0,0,0,0,0,0,0,0,0,0,0,0,0,0,0,0,0,0,0,0,0,4,1,1,0,0,0,0,0,0,0,0,0,0,0,0,0,0,0,0,0,0,0,0,0,0,0,2,1,1,1,1,1,1,1,5,0,0,0,0,0,1,1,0,0,0,0,0,0,0,0,0,0,0,0,0,0,0,0,0,0,0,0,0,2,1,5,0,0,0,0,0,0,0,0,0,0,0,0,0,1,1,0,0,0,1,1,1,1,0,0,0,0,0,0,0,0,0,0,0,0,2,1,5,0,0,0,0,0,0,0,0,0,0,0,0,4,1,1,1,1,0,0,0,5,0,0,1,8,8,8,8,8,8,8,8,8,8,1,1,5,0,0,0,0,0,0,0,0,0,0,0,0,0,0,0,0,0,1,1,0,0,0,0,0,0,0,0,0,0,0,0,0,0,0,0,0,0,0,0,0,0,0,0,2,6,6,6,6,1,1,5,0,0,0,0,0,1,1,0,0,0,0,0,0,0,0,0,0,0,0,0,0,0,0,0,0,0,0,0,0,2,1,5,0,0,0,0,0,0,0,0,0,0,0,0,1,1,0,0,0,0,2,3,0,0,0,0,0,0,0,0,0,0,0,0,0,0,0,0,0,0,0,0,0,0,0,0,0,0,0,0,2,1,1,1,1,0,0,0,0,0,4,1,3,0,0,0,0,0,0,0,0,0,0,0,0,0,0,0,0,0,0,0,0,0,0,0,0,0,0,0,0,0,1,1,3,0,0,0,0,0,0,4,1,1,1,1,1,1,8,8,8,8,1,1,3,0,0,0,0,2,1,1,1,1,3,0,0,0,0,0,0,1,1,4,1,1,3,0,0,0,0,0,0,0,0,0,0,0,0,0,0,0,0,4,7,7,7,7,5,0,0,0,0,4,1,1,1,3,0,0,1,1,0,0,0,4,3,0,0,0,0,0,0,0,0,0,0,0,0,0,0,0,0,0,0,0,0,0,0,0,0,0,0,0,0,0,4,1,3,1,1,0,0,0,0,4,1,1,3,0,0,0,0,0,0,0,0,0,0,0,0,0,0,0,0,0,0,0,0,0,0,0,0,0,0,0,0,4,1,1,0,0,0,0,0,0,0,4,1,1,3,0,0,0,0,0,0,2,1,3,0,0,0,0,0,0,2,1,3,0,0,0,0,0,0,0,0,1,1,0,0,0,0,0,0,0,0,0,0,0,0,0,0,0,0,0,0,0,0,0,0,0,0,0,0,0,0,0,0,0,0,0,0,0,0,0,1,1,0,0,0,0,0,0,0,0,0,0,0,0,0,0,0,0,0,0,0,0,0,0,0,0,0,0,0,0,0,0,0,0,0,0,0,0,0,1,1,3,0,0,0,0,0,0,0,0,0,0,0,0,0,0,0,0,0,0,0,0,0,0,0,0,0,0,0,0,0,0,0,0,0,0,0,2,1,1,1,1,1,1,1,1,1,1,1,1,1,1,1,1,1,1,1,1,1,1,1,1,1,1,1,1,1,1,1,1,1,1,1,1,1,1,1,1],"height":29,"name":"Ground","opacity":1,"type":"tilelayer","visible":true,"width":39,"x":0,"y":0},{"draworder":"topdown","name":"Chars","objects":[{"gid":18,"height":64,"id":46,"name":"","rotation":0,"type":"","visible":true,"width":64,"x":1120,"y":256},{"gid":19,"height":64,"id":47,"name":"","rotation":0,"type":"","visible":true,"width":64,"x":944,"y":128},{"gid":16,"height":64,"id":48,"name":"","rotation":0,"type":"","visible":true,"width":64,"x":192,"y":896},{"gid":17,"height":64,"id":49,"name":"","rotation":0,"type":"","visible":true,"width":64,"x":96,"y":896},{"gid":21,"height":64,"id":50,"name":"","rotation":0,"type":"","visible":true,"width":64,"x":1136,"y":560},{"gid":21,"height":64,"id":51,"name":"","rotation":0,"type":"","visible":true,"width":64,"x":448,"y":416},{"gid":21,"height":64,"id":52,"name":"","rotation":0,"type":"","visible":true,"width":64,"x":592,"y":144},{"gid":21,"height":64,"id":53,"name":"","rotation":0,"type":"","visible":true,"width":64,"x":160,"y":112},{"gid":21,"height":64,"id":54,"name":"","rotation":0,"type":"","visible":true,"width":64,"x":48,"y":624},{"gid":21,"height":64,"id":55,"name":"","rotation":0,"type":"","visible":true,"width":64,"x":592,"y":760},{"gid":20,"height":64,"id":56,"name":"","rotation":0,"type":"","visible":true,"width":64,"x":336,"y":144},{"gid":20,"height":64,"id":57,"name":"","rotation":0,"type":"","visible":true,"width":64,"x":800,"y":176},{"gid":20,"height":64,"id":58,"name":"","rotation":0,"type":"","visible":true,"width":64,"x":320,"y":416},{"gid":20,"height":64,"id":59,"name":"","rotation":0,"type":"","visible":true,"width":64,"x":304,"y":624},{"gid":20,"height":64,"id":60,"name":"","rotation":0,"type":"","visible":true,"width":64,"x":1136,"y":688},{"gid":20,"height":64,"id":61,"name":"","rotation":0,"type":"","visible":true,"width":64,"x":880,"y":760}],"opacity":1,"type":"objectgroup","visible":true,"x":0,"y":0},{"draworder":"topdown","name":"Objects","objects":[{"gid":40,"height":96,"id":34,"name":"","properties":{"group":1,"initialState":1,"portalId":1},"propertytypes":{"group":"int","initialState":"int","portalId":"int"},"rotation":0,"type":"","visible":true,"width":64,"x":592,"y":896},{"gid":40,"height":96,"id":35,"name":"","properties":{"group":1,"initialState":1,"portalId":1},"propertytypes":{"group":"int","initialState":"int","portalId":"int"},"rotation":0,"type":"","visible":true,"width":64,"x":880,"y":896},{"gid":40,"height":96,"id":37,"name":"","properties":{"group":2,"initialState":1,"portalId":2},"propertytypes":{"group":"int","initialState":"int","portalId":"int"},"rotation":90,"type":"","visible":true,"width":64,"x":32,"y":240},{"gid":40,"height":96,"id":38,"name":"","properties":{"group":2,"initialState":1,"portalId":2},"propertytypes":{"group":"int","initialState":"int","portalId":"int"},"rotation":90,"type":"","visible":true,"width":64,"x":32,"y":432},{"gid":24,"height":64,"id":39,"name":"","rotation":0,"type":"","visible":true,"width":64,"x":48,"y":160},{"gid":24,"height":64,"id":40,"name":"","rotation":0,"type":"","visible":true,"width":64,"x":912,"y":288},{"gid":24,"height":64,"id":41,"name":"","properties":{"group":5},"propertytypes":{"group":"int"},"rotation":0,"type":"","visible":true,"width":64,"x":384,"y":928},{"gid":28,"height":64,"id":42,"name":"","rotation":0,"type":"","visible":true,"width":64,"x":1056,"y":896},{"height":0,"id":43,"name":"","polyline":[{"x":0,"y":0},{"x":0,"y":144}],"properties":{"barWidth":4.4,"fullRotation":true},"propertytypes":{"barWidth":"float","fullRotation":"bool"},"rotation":0,"type":"hanging","visible":true,"width":0,"x":416,"y":304},{"height":96,"id":44,"name":"","properties":{"dx":0,"dy":-4,"group":5},"propertytypes":{"dx":"int","dy":"int","group":"int"},"rotation":0,"type":"platform","visible":true,"width":32,"x":304,"y":672},{"height":32,"id":45,"name":"","properties":{"dx":0,"dy":-5},"propertytypes":{"dx":"int","dy":"int"},"rotation":0,"type":"platform","visible":true,"width":96,"x":448,"y":32}],"opacity":1,"type":"objectgroup","visible":true,"x":0,"y":0}],"nextobjectid":62,"orientation":"orthogonal","renderorder":"right-down","tiledversion":"1.1.3","tileheight":32,"tilesets":[{"firstgid":1,"source":"../../../assets/tilemaps/tilesets/Ground.json"},{"firstgid":16,"source":"../../../assets/tilemaps/tilesets/Chars.json"},{"firstgid":24,"source":"../../../assets/tilemaps/tilesets/Objects.json"},{"firstgid":40,"source":"../../../assets/tilemaps/tilesets/LargeObjects.json"}],"tilewidth":32,"type":"map","version":1,"width":39}