{"height":29,"infinite":false,"layers":[{"data":[1,1,1,1,1,1,1,1,1,1,1,1,1,1,1,1,1,1,1,1,1,1,1,1,1,1,1,1,1,1,1,1,1,1,1,1,1,1,1,1,0,0,0,0,0,0,0,0,0,0,2,5,0,0,0,0,0,0,1,0,0,0,0,0,0,4,3,0,0,0,0,0,0,0,0,0,0,1,1,0,0,0,0,0,0,0,0,0,2,5,0,0,0,0,0,0,2,1,3,0,0,0,0,0,0,4,3,0,0,0,0,0,0,0,0,0,1,1,0,0,0,0,0,0,0,0,2,5,0,0,0,0,0,0,0,0,0,0,0,0,0,0,0,0,0,4,3,0,0,0,0,0,0,0,0,1,1,0,0,0,1,0,0,0,2,5,0,0,0,0,0,0,0,0,0,0,0,0,0,0,0,0,0,0,0,4,3,0,0,0,1,0,0,0,1,1,0,0,0,1,0,0,0,1,0,0,0,0,0,0,0,0,0,0,0,0,0,0,0,0,0,0,0,0,0,1,0,0,0,1,0,0,0,1,1,0,0,0,1,0,0,0,1,0,0,0,4,1,1,1,1,1,1,1,1,1,1,1,1,1,5,0,0,0,1,0,0,0,1,0,0,0,1,1,0,0,0,1,0,0,0,1,0,0,0,0,0,0,0,0,0,0,1,0,0,0,0,0,0,0,0,0,0,1,0,0,0,1,0,0,0,1,1,0,0,0,1,0,0,0,1,0,0,0,0,0,0,0,0,0,0,1,0,0,0,0,0,0,0,0,0,0,1,0,0,0,1,0,0,0,1,1,0,0,0,1,0,0,0,1,1,3,0,0,0,0,0,0,0,0,1,0,0,0,0,0,0,0,0,2,1,1,0,0,0,1,0,0,0,1,1,0,0,0,1,0,0,0,1,1,1,1,1,1,1,3,0,0,0,1,0,0,0,2,1,1,1,1,1,1,1,0,0,0,1,0,0,0,1,1,0,0,0,1,0,0,0,4,1,1,1,5,0,0,0,0,0,0,1,0,0,0,0,0,0,4,1,1,1,5,0,0,0,1,0,0,0,1,1,0,0,0,1,0,0,0,0,0,0,0,0,0,0,0,0,0,0,1,0,0,0,0,0,0,0,0,0,0,0,0,0,0,1,0,0,0,1,1,0,0,0,1,0,0,0,0,0,0,0,0,0,0,0,0,2,1,1,1,3,0,0,0,0,0,0,0,0,0,0,0,0,1,0,0,0,1,1,0,0,0,1,0,0,0,0,0,0,0,0,0,0,0,2,5,0,1,0,4,3,0,0,0,0,0,0,0,0,0,0,0,1,0,0,0,1,1,0,0,0,1,1,1,1,3,0,0,0,0,0,0,2,5,0,0,1,0,0,4,3,0,0,0,0,0,0,2,1,1,1,1,0,0,0,1,1,0,0,0,0,0,0,0,4,1,1,1,1,1,1,5,0,0,0,1,0,0,0,4,1,1,1,1,1,1,5,0,0,0,0,0,0,0,1,1,0,0,0,0,0,0,0,0,0,0,0,0,0,0,0,0,0,0,1,0,0,0,0,0,0,0,0,0,0,0,0,0,0,0,0,0,0,1,1,0,0,0,0,0,0,0,0,0,0,0,0,0,0,0,0,0,0,1,0,0,0,0,0,0,0,0,0,0,0,0,0,0,0,0,0,0,1,1,1,1,1,1,3,0,0,0,0,0,0,0,0,0,0,0,0,0,1,0,0,0,0,0,0,0,0,0,0,0,0,0,2,1,1,1,1,1,1,0,0,0,0,4,1,1,1,1,1,1,1,1,1,0,0,0,0,1,0,0,0,0,1,1,1,1,1,1,1,1,1,5,0,0,0,0,1,1,0,0,0,0,0,0,0,0,0,0,0,0,0,0,0,0,0,0,1,0,0,0,0,0,0,0,0,0,0,0,0,0,0,0,0,0,0,1,1,0,0,0,0,0,0,0,0,0,0,0,0,0,0,0,0,0,2,1,3,0,0,0,0,0,0,0,0,0,0,0,0,0,0,0,0,0,1,1,0,0,0,0,0,0,0,0,0,0,0,0,0,0,0,0,2,1,1,1,3,0,0,0,0,0,0,0,0,0,0,0,0,0,0,0,0,1,1,1,0,0,0,1,1,1,1,1,1,1,1,1,1,1,1,1,1,1,1,1,1,1,1,1,1,1,1,1,1,1,1,1,0,0,0,1,1,1,0,0,0,0,0,0,0,0,0,0,0,0,0,0,0,0,0,0,0,0,0,0,0,0,0,0,0,0,0,0,0,0,0,0,0,0,0,1,1,0,0,0,0,0,0,0,0,0,0,0,0,0,0,0,0,0,0,0,0,0,0,0,0,0,0,0,0,0,0,0,0,0,0,0,0,0,1,1,0,0,0,0,0,0,0,0,0,0,0,0,0,0,0,0,0,0,0,0,0,0,0,0,0,0,0,0,0,0,0,0,0,0,0,0,0,1,1,1,1,1,1,1,1,1,1,1,1,1,1,1,1,1,1,1,1,1,1,1,1,1,1,1,1,1,1,1,1,1,1,1,1,1,1,1,1],"height":29,"name":"Ground","opacity":1,"type":"tilelayer","visible":true,"width":39,"x":0,"y":0},{"draworder":"topdown","name":"Chars","objects":[{"gid":17,"height":64,"id":46,"name":"","rotation":0,"type":"","visible":true,"width":64,"x":80,"y":896},{"gid":16,"height":64,"id":47,"name":"","rotation":0,"type":"","visible":true,"width":64,"x":1104,"y":896},{"gid":18,"height":64,"id":48,"name":"","rotation":0,"type":"","visible":true,"width":64,"x":736,"y":192},{"gid":19,"height":64,"id":49,"name":"","rotation":0,"type":"","visible":true,"width":64,"x":448,"y":192},{"gid":20,"height":64,"id":51,"name":"","rotation":0,"type":"","visible":true,"width":64,"x":176,"y":288},{"gid":20,"height":64,"id":52,"name":"","rotation":0,"type":"","visible":true,"width":64,"x":304,"y":224},{"gid":20,"height":64,"id":53,"name":"","rotation":0,"type":"","visible":true,"width":64,"x":48,"y":592},{"gid":20,"height":64,"id":54,"name":"","rotation":0,"type":"","visible":true,"width":64,"x":288,"y":752},{"gid":21,"height":64,"id":55,"name":"","rotation":0,"type":"","visible":true,"width":64,"x":896,"y":752},{"gid":21,"height":64,"id":56,"name":"","rotation":0,"type":"","visible":true,"width":64,"x":1136,"y":592},{"gid":21,"height":64,"id":57,"name":"","rotation":0,"type":"","visible":true,"width":64,"x":1008,"y":288},{"gid":21,"height":64,"id":58,"name":"","rotation":0,"type":"","visible":true,"width":64,"x":880,"y":224}],"opacity":1,"type":"objectgroup","visible":true,"x":0,"y":0},{"draworder":"topdown","name":"Objects","objects":[{"gid":41,"height":96,"id":34,"name":"","properties":{"group":5,"initialState":1,"portalId":5},"propertytypes":{"group":"int","initialState":"int","portalId":"int"},"rotation":0,"type":"","visible":true,"width":64,"x":592,"y":896},{"gid":40,"height":96,"id":36,"name":"","properties":{"group":5,"initialState":1,"portalId":5},"propertytypes":{"group":"int","initialState":"int","portalId":"int"},"rotation":0,"type":"","visible":true,"width":64,"x":592,"y":192},{"gid":25,"height":64,"id":37,"name":"","properties":{"group":1},"propertytypes":{"group":"int"},"rotation":0,"type":"","visible":true,"width":64,"x":400,"y":352},{"gid":26,"height":64,"id":39,"name":"","properties":{"group":6},"propertytypes":{"group":"int"},"rotation":0,"type":"","visible":true,"width":64,"x":784,"y":352},{"gid":42,"height":96,"id":40,"name":"","properties":{"group":1,"length":16},"propertytypes":{"group":"int","length":"float"},"rotation":-90,"type":"","visible":true,"width":64,"x":1088,"y":528},{"gid":42,"height":96,"id":41,"name":"","properties":{"group":6,"length":16},"propertytypes":{"group":"int","length":"float"},"rotation":-90,"type":"","visible":true,"width":64,"x":256,"y":528},{"gid":38,"height":64,"id":42,"name":"","properties":{"group":2,"time":9000},"propertytypes":{"group":"int","time":"int"},"rotation":0,"type":"","visible":true,"width":64,"x":976,"y":672},{"gid":38,"height":64,"id":43,"name":"","properties":{"time":9000},"propertytypes":{"time":"int"},"rotation":0,"type":"","visible":true,"width":64,"x":208,"y":672},{"height":32,"id":44,"name":"","properties":{"dx":-3,"group":2},"propertytypes":{"dx":"int","group":"int"},"rotation":0,"type":"platform","visible":true,"width":96,"x":64,"y":768},{"height":32,"id":45,"name":"","properties":{"dx":3,"group":0},"propertytypes":{"dx":"int","group":"int"},"rotation":0,"type":"platform","visible":true,"width":96,"x":1088,"y":768}],"opacity":1,"type":"objectgroup","visible":true,"x":0,"y":0}],"nextobjectid":59,"orientation":"orthogonal","renderorder":"right-down","tiledversion":"1.1.3","tileheight":32,"tilesets":[{"firstgid":1,"source":"../../../assets/tilemaps/tilesets/Ground.json"},{"firstgid":16,"source":"../../../assets/tilemaps/tilesets/Chars.json"},{"firstgid":24,"source":"../../../assets/tilemaps/tilesets/Objects.json"},{"firstgid":40,"source":"../../../assets/tilemaps/tilesets/LargeObjects.json"}],"tilewidth":32,"type":"map","version":1,"width":39}