{"height":29,"infinite":false,"layers":[{"data":[1,1,1,1,1,1,1,1,1,1,1,1,1,1,1,1,1,1,1,1,1,1,1,1,1,1,1,1,1,1,1,1,1,1,1,1,1,1,1,1,0,0,0,0,0,0,0,0,0,0,0,0,0,0,0,0,1,0,0,0,1,0,0,0,0,0,0,0,0,0,0,0,0,0,0,0,0,1,1,0,0,0,0,0,0,0,0,0,0,0,0,0,0,0,0,1,0,0,0,1,0,0,0,0,0,0,0,0,0,0,0,0,0,0,0,0,1,1,0,0,0,0,0,0,0,0,0,0,0,0,0,0,0,0,1,0,0,0,1,0,0,0,0,0,0,0,0,0,0,0,0,0,0,0,0,1,1,0,0,0,0,0,0,0,0,0,0,0,0,0,0,0,0,1,0,0,0,1,0,0,0,0,0,0,0,0,0,0,0,0,0,0,0,2,1,1,1,1,1,1,5,0,0,0,0,0,0,0,3,0,0,0,1,0,0,0,1,0,0,2,0,0,0,0,0,0,0,0,4,1,1,1,1,1,1,0,0,0,0,0,0,0,0,0,0,0,0,1,0,0,0,1,0,0,0,1,0,0,4,3,0,0,0,0,0,0,0,0,0,0,0,0,1,1,0,0,0,0,0,0,0,2,1,1,1,1,5,0,0,2,5,0,0,0,4,3,0,0,4,1,1,1,3,0,0,0,0,0,0,0,0,1,1,0,0,0,2,1,1,1,1,1,5,0,0,0,0,2,1,0,0,0,0,0,1,3,0,0,0,0,0,4,1,1,1,1,3,0,0,0,1,1,0,0,0,0,0,0,0,0,0,0,0,0,0,2,5,1,0,0,0,0,0,1,4,3,0,0,0,0,0,0,0,0,0,0,0,0,0,1,1,0,0,0,0,0,0,0,0,0,0,0,0,2,5,0,1,0,0,0,0,0,1,0,4,3,0,0,0,0,0,0,0,0,0,0,0,0,1,1,3,0,0,0,0,0,0,0,0,0,0,0,0,0,0,1,0,0,0,0,0,1,0,0,0,0,0,0,0,0,0,0,0,0,0,0,2,1,1,1,6,6,6,6,6,1,1,3,0,0,0,0,0,0,4,3,0,0,0,2,5,0,0,0,0,0,0,2,1,1,7,7,7,7,7,1,1,1,0,1,0,0,0,0,0,0,4,3,0,0,0,0,0,0,4,1,1,1,5,0,0,0,0,0,0,2,5,0,0,0,0,0,0,1,0,1,1,0,1,0,0,0,0,0,0,0,4,1,3,0,0,0,0,0,0,0,0,0,0,0,0,0,2,1,5,0,0,0,0,0,0,0,1,0,1,1,1,5,0,0,0,0,0,0,0,0,0,0,0,0,0,0,0,0,0,0,0,0,0,0,0,0,0,0,0,0,0,0,0,0,0,4,1,1,1,0,0,0,0,0,0,0,0,0,0,0,0,0,0,0,1,1,1,1,1,1,1,0,0,0,0,0,0,0,0,0,0,0,0,0,0,0,1,1,0,0,0,0,0,0,2,1,6,6,6,6,6,6,6,5,0,0,0,0,0,4,7,7,7,7,7,7,7,1,3,0,0,0,0,0,0,1,1,0,0,0,0,0,2,5,0,0,0,0,0,0,0,0,0,0,0,0,0,0,0,0,0,0,0,0,0,0,0,4,3,0,0,0,0,0,1,1,0,0,0,0,0,0,0,0,0,0,0,0,0,0,0,0,0,0,0,0,0,0,0,0,0,0,0,0,0,0,0,0,0,0,0,0,0,1,1,0,0,0,0,0,0,0,0,0,0,0,0,0,0,0,0,0,0,0,0,0,0,0,0,0,0,0,0,0,0,0,0,0,0,0,0,0,1,1,3,0,0,0,0,0,0,0,0,0,0,2,1,1,1,1,1,0,0,0,1,1,1,1,1,3,0,0,0,0,0,0,0,0,0,0,2,1,1,1,1,1,3,0,0,0,0,0,0,0,1,0,0,0,0,0,0,0,0,0,0,0,0,0,1,0,0,0,0,0,0,0,2,1,1,1,1,1,0,0,0,1,0,0,0,0,0,0,0,1,0,0,0,0,0,0,0,0,0,0,0,0,0,1,0,0,0,0,0,0,0,1,0,0,0,1,1,0,0,0,4,1,3,0,0,0,2,1,1,0,0,0,0,0,0,0,0,0,0,0,0,0,1,1,3,0,0,0,2,1,5,0,0,0,1,1,0,0,0,0,0,1,0,0,0,0,0,0,0,0,0,0,0,0,0,0,0,0,0,0,0,0,0,0,0,0,0,1,0,0,0,0,0,1,1,0,0,0,0,0,1,0,0,0,0,0,0,0,0,0,0,0,0,0,0,0,0,0,0,0,0,0,0,0,0,0,1,0,0,0,0,0,1,1,0,0,0,0,2,1,3,0,0,0,0,0,0,0,0,0,0,0,0,0,0,0,0,0,0,0,0,0,0,0,2,1,3,0,0,0,0,1,1,1,1,1,1,1,1,1,1,1,1,1,1,1,1,1,1,1,1,1,1,1,1,1,1,1,1,1,1,1,1,1,1,1,1,1,1,1,1],"height":29,"name":"Ground","opacity":1,"type":"tilelayer","visible":true,"width":39,"x":0,"y":0},{"draworder":"topdown","name":"Chars","objects":[{"gid":17,"height":64,"id":42,"name":"","rotation":0,"type":"","visible":true,"width":64,"x":512,"y":896},{"gid":16,"height":64,"id":43,"name":"","rotation":0,"type":"","visible":true,"width":64,"x":672,"y":896},{"gid":18,"height":64,"id":44,"name":"","rotation":0,"type":"","visible":true,"width":64,"x":320,"y":224},{"gid":19,"height":64,"id":45,"name":"","rotation":0,"type":"","visible":true,"width":64,"x":64,"y":160},{"gid":22,"height":64,"id":46,"name":"","rotation":0,"type":"","visible":true,"width":64,"x":592,"y":320},{"gid":20,"height":64,"id":47,"name":"","rotation":0,"type":"","visible":true,"width":64,"x":848,"y":208},{"gid":21,"height":64,"id":48,"name":"","rotation":0,"type":"","visible":true,"width":64,"x":880,"y":400},{"gid":20,"height":64,"id":49,"name":"","rotation":0,"type":"","visible":true,"width":64,"x":752,"y":496},{"gid":20,"height":64,"id":50,"name":"","rotation":0,"type":"","visible":true,"width":64,"x":464,"y":240},{"gid":20,"height":64,"id":51,"name":"","rotation":0,"type":"","visible":true,"width":64,"x":592,"y":848},{"gid":20,"height":64,"id":52,"name":"","rotation":0,"type":"","visible":true,"width":64,"x":936,"y":864},{"gid":21,"height":64,"id":53,"name":"","rotation":0,"type":"","visible":true,"width":64,"x":112,"y":368},{"gid":21,"height":64,"id":54,"name":"","rotation":0,"type":"","visible":true,"width":64,"x":432,"y":496},{"gid":21,"height":64,"id":55,"name":"","rotation":0,"type":"","visible":true,"width":64,"x":240,"y":864},{"gid":21,"height":64,"id":56,"name":"","rotation":0,"type":"","visible":true,"width":64,"x":592,"y":632}],"opacity":1,"type":"objectgroup","visible":true,"x":0,"y":0},{"draworder":"topdown","name":"Objects","objects":[{"gid":42,"height":96,"id":34,"name":"","properties":{"group":2},"propertytypes":{"group":"int"},"rotation":-90,"type":"","visible":true,"width":64,"x":672,"y":448},{"gid":40,"height":96,"id":35,"name":"","properties":{"group":5,"initialState":1,"portalId":5},"propertytypes":{"group":"int","initialState":"int","portalId":"int"},"rotation":0,"type":"","visible":true,"width":64,"x":224,"y":384},{"gid":40,"height":96,"id":36,"name":"","properties":{"group":5,"initialState":1,"portalId":5},"propertytypes":{"group":"int","initialState":"int","portalId":"int"},"rotation":0,"type":"","visible":true,"width":64,"x":960,"y":384},{"gid":40,"height":96,"id":37,"name":"","rotation":90,"type":"","visible":true,"width":64,"x":576,"y":656},{"gid":40,"height":96,"id":38,"name":"","rotation":90,"type":"","visible":true,"width":64,"x":576,"y":160},{"gid":24,"height":64,"id":39,"name":"","properties":{"group":2},"propertytypes":{"group":"int"},"rotation":0,"type":"","visible":true,"width":64,"x":592,"y":544},{"gid":24,"height":64,"id":40,"name":"","rotation":0,"type":"","visible":true,"width":64,"x":592,"y":928},{"gid":28,"height":64,"id":41,"name":"","rotation":0,"type":"","visible":true,"width":64,"x":1088,"y":160}],"opacity":1,"type":"objectgroup","visible":true,"x":0,"y":0}],"nextobjectid":57,"orientation":"orthogonal","renderorder":"right-down","tiledversion":"1.1.3","tileheight":32,"tilesets":[{"firstgid":1,"source":"../../../assets/tilemaps/tilesets/Ground.json"},{"firstgid":16,"source":"../../../assets/tilemaps/tilesets/Chars.json"},{"firstgid":24,"source":"../../../assets/tilemaps/tilesets/Objects.json"},{"firstgid":40,"source":"../../../assets/tilemaps/tilesets/LargeObjects.json"}],"tilewidth":32,"type":"map","version":1,"width":39}