{"height":29,"infinite":false,"layers":[{"data":[1,1,1,1,1,1,1,1,1,1,1,1,1,1,1,1,1,1,1,1,1,1,1,1,1,1,1,1,1,1,1,1,1,1,1,1,1,1,1,1,0,0,0,0,0,0,0,0,0,0,0,0,0,0,0,0,0,0,0,0,0,0,0,0,0,0,0,0,0,0,0,0,0,0,0,0,4,1,1,0,0,0,0,0,0,0,0,0,0,0,0,0,0,0,0,0,0,0,0,0,0,0,0,0,0,0,0,0,0,0,0,0,0,0,0,0,1,1,0,0,0,0,0,0,0,0,0,0,0,0,0,0,0,2,1,1,1,1,1,1,1,1,1,1,1,3,0,0,0,0,0,0,0,0,0,1,1,0,0,0,2,1,1,1,1,1,1,1,1,1,1,1,5,0,0,0,0,0,0,0,0,0,0,0,4,1,1,1,1,1,1,0,0,0,1,1,0,0,0,1,3,0,0,0,0,0,0,0,0,0,0,0,0,0,0,0,0,0,0,0,0,0,0,0,0,0,0,0,0,1,0,0,0,1,1,0,0,0,1,4,1,1,3,0,0,0,0,0,0,0,0,0,0,0,0,0,0,0,0,0,0,0,0,0,0,0,0,0,1,0,0,0,1,1,0,0,0,1,0,0,0,1,0,0,0,0,0,0,0,0,0,0,0,0,0,0,0,0,0,0,0,0,0,0,0,0,0,1,0,0,0,1,1,0,0,0,1,0,0,0,1,0,0,0,1,1,1,1,0,0,0,3,0,0,0,0,0,0,0,1,1,1,1,1,1,1,1,0,0,0,1,1,0,0,0,4,0,0,0,0,0,0,0,0,0,0,0,0,0,0,1,0,0,0,0,0,0,0,0,1,0,0,0,1,1,1,0,0,0,1,1,0,0,0,0,0,0,0,0,0,0,0,0,0,0,0,0,0,2,5,0,0,0,0,0,0,0,0,1,0,1,1,1,1,1,0,0,0,1,1,0,0,0,0,0,0,0,0,0,0,0,0,0,0,0,0,2,5,0,0,0,0,0,0,0,0,0,1,0,0,0,0,1,1,0,0,0,1,1,1,1,1,3,0,0,0,0,0,0,0,0,2,1,1,1,5,0,0,0,0,0,0,0,0,0,0,1,1,1,1,1,1,1,0,0,0,1,1,0,0,0,0,0,0,0,0,0,0,0,0,0,0,0,0,0,0,0,0,0,0,0,0,0,0,0,0,0,0,0,0,0,1,0,0,0,1,1,0,0,0,0,0,2,1,3,0,0,0,0,0,0,0,0,0,0,0,0,0,0,0,0,0,0,0,0,0,0,0,0,0,1,0,0,0,1,1,0,0,0,0,2,1,1,1,0,0,0,0,0,0,0,0,0,0,0,0,0,0,0,0,0,0,0,0,0,0,0,0,0,1,0,0,0,1,1,0,0,0,1,1,1,1,1,1,1,1,1,1,1,1,1,1,1,1,1,1,7,7,7,7,7,7,1,1,1,1,1,1,1,0,0,0,1,1,0,0,0,0,0,0,0,0,0,0,0,0,0,0,0,0,0,0,0,0,0,0,0,0,0,0,0,0,0,0,0,1,1,1,0,0,0,1,1,3,0,0,0,0,0,0,0,0,0,0,0,0,0,0,0,0,0,0,0,0,0,0,0,0,0,0,0,0,0,0,0,0,0,0,0,0,1,1,1,3,0,0,0,0,0,0,0,0,0,0,0,0,0,0,0,0,0,0,0,0,0,0,0,0,0,0,0,0,0,0,0,0,0,0,0,1,1,1,1,1,7,7,7,7,7,7,7,7,7,3,0,0,0,0,0,0,0,0,0,0,0,0,2,1,1,1,1,1,1,1,5,0,0,0,1,1,0,0,0,0,0,0,0,0,0,0,0,0,0,0,0,0,0,0,0,0,0,0,0,0,0,0,0,0,0,0,0,0,0,0,0,0,0,1,1,0,0,0,0,0,0,0,0,0,0,0,0,0,0,0,2,1,1,1,1,3,0,0,0,0,0,0,0,0,0,0,0,0,0,0,0,0,1,1,0,0,0,0,0,0,0,0,0,0,0,0,0,0,2,5,0,0,0,0,4,3,0,0,0,0,0,0,0,0,0,0,0,0,0,0,0,1,1,1,1,0,0,0,1,1,1,1,1,1,1,1,1,5,0,0,0,0,0,0,4,1,1,3,0,0,0,2,1,1,1,1,1,1,1,1,1,1,0,0,0,0,0,0,0,0,0,0,0,0,0,0,0,0,0,0,0,0,0,0,0,1,1,0,0,0,0,0,0,0,0,0,0,0,0,1,1,0,0,0,0,0,0,0,0,0,0,0,0,0,0,0,0,0,0,0,0,0,0,0,1,1,3,0,0,0,0,0,0,0,0,0,0,0,1,1,0,2,1,1,1,3,0,0,0,0,0,0,0,0,0,0,0,0,0,0,0,0,2,1,1,1,3,0,0,0,0,0,0,0,0,0,0,1,1,1,1,1,1,1,1,1,1,1,1,1,1,1,1,1,1,1,1,1,1,1,1,1,1,1,1,1,1,1,1,1,1,1,1,1,1,1,1],"height":29,"name":"Ground","opacity":1,"type":"tilelayer","visible":true,"width":39,"x":0,"y":0},{"draworder":"topdown","name":"Chars","objects":[{"gid":17,"height":64,"id":34,"name":"","rotation":0,"type":"","visible":true,"width":64,"x":544,"y":704},{"gid":16,"height":64,"id":35,"name":"","rotation":0,"type":"","visible":true,"width":64,"x":608,"y":704},{"gid":18,"height":64,"id":36,"name":"","rotation":0,"type":"","visible":true,"width":64,"x":976,"y":512},{"gid":19,"height":64,"id":37,"name":"","rotation":0,"type":"","visible":true,"width":64,"x":976,"y":256},{"gid":20,"height":64,"id":38,"name":"","rotation":0,"type":"","visible":true,"width":64,"x":1136,"y":328},{"gid":21,"height":64,"id":39,"name":"","rotation":0,"type":"","visible":true,"width":64,"x":1136,"y":552},{"gid":21,"height":64,"id":40,"name":"","rotation":0,"type":"","visible":true,"width":64,"x":448,"y":368},{"gid":21,"height":64,"id":41,"name":"","rotation":0,"type":"","visible":true,"width":64,"x":976,"y":112},{"gid":21,"height":64,"id":42,"name":"","rotation":0,"type":"","visible":true,"width":64,"x":352,"y":112},{"gid":21,"height":64,"id":43,"name":"","rotation":0,"type":"","visible":true,"width":64,"x":256,"y":880},{"gid":20,"height":64,"id":44,"name":"","rotation":0,"type":"","visible":true,"width":64,"x":392,"y":880},{"gid":20,"height":64,"id":45,"name":"","rotation":0,"type":"","visible":true,"width":64,"x":448,"y":496},{"gid":20,"height":64,"id":46,"name":"","rotation":0,"type":"","visible":true,"width":64,"x":40,"y":352},{"gid":20,"height":64,"id":47,"name":"","rotation":0,"type":"","visible":true,"width":64,"x":232,"y":624},{"gid":22,"height":64,"id":65,"name":"","rotation":0,"type":"","visible":true,"width":64,"x":1136,"y":880}],"opacity":1,"type":"objectgroup","visible":true,"x":0,"y":0},{"draworder":"topdown","name":"Objects","objects":[{"height":32,"id":48,"name":"","properties":{"group":1},"propertytypes":{"group":"int"},"rotation":0,"type":"platform","visible":true,"width":96,"x":96,"y":768},{"height":32,"id":49,"name":"","properties":{"group":2},"propertytypes":{"group":"int"},"rotation":0,"type":"platform","visible":true,"width":96,"x":32,"y":512},{"height":32,"id":52,"name":"","properties":{"dx":3,"group":5},"propertytypes":{"dx":"int","group":"int"},"rotation":0,"type":"platform","visible":true,"width":96,"x":512,"y":256},{"height":64,"id":53,"name":"","properties":{"dx":0,"dy":2,"group":4},"propertytypes":{"dx":"int","dy":"int","group":"int"},"rotation":0,"type":"platform","visible":true,"width":32,"x":1088,"y":576},{"gid":23,"height":64,"id":54,"name":"","properties":{"group":4},"propertytypes":{"group":"int"},"rotation":0,"type":"","visible":true,"width":64,"x":512,"y":928},{"gid":23,"height":64,"id":55,"name":"","properties":{"group":2},"propertytypes":{"group":"int"},"rotation":0,"type":"","visible":true,"width":64,"x":40,"y":416},{"gid":23,"height":64,"id":56,"name":"","properties":{"group":5},"propertytypes":{"group":"int"},"rotation":0,"type":"","visible":true,"width":64,"x":576,"y":544},{"gid":23,"height":64,"id":57,"name":"","properties":{"group":1},"propertytypes":{"group":"int"},"rotation":0,"type":"","visible":true,"width":64,"x":1136,"y":800},{"gid":25,"height":64,"id":58,"name":"","properties":{"onis":1},"propertytypes":{"onis":"int"},"rotation":0,"type":"","visible":true,"width":64,"x":640,"y":928},{"gid":39,"height":96,"id":59,"name":"","rotation":0,"type":"","visible":true,"width":64,"x":1056,"y":896},{"gid":40,"height":96,"id":60,"name":"","rotation":0,"type":"","visible":true,"width":64,"x":1056,"y":128},{"gid":27,"height":64,"id":61,"name":"","rotation":0,"type":"","visible":true,"width":64,"x":976,"y":640},{"gid":36,"height":64,"id":63,"name":"","rotation":0,"type":"","visible":true,"width":64,"x":416,"y":256},{"height":0,"id":64,"name":"","polyline":[{"x":0,"y":-8},{"x":0,"y":-104},{"x":464,"y":-104},{"x":464,"y":216}],"rotation":0,"type":"pulley","visible":true,"width":0,"x":336,"y":280}],"opacity":1,"type":"objectgroup","visible":true,"x":0,"y":0}],"nextobjectid":67,"orientation":"orthogonal","renderorder":"right-down","tiledversion":"1.1.3","tileheight":32,"tilesets":[{"firstgid":1,"source":"../../../assets/tilemaps/tilesets/Ground.json"},{"firstgid":16,"source":"../../../assets/tilemaps/tilesets/Chars.json"},{"firstgid":23,"source":"../../../assets/tilemaps/tilesets/Objects.json"},{"firstgid":39,"source":"../../../assets/tilemaps/tilesets/LargeObjects.json"}],"tilewidth":32,"type":"map","version":1,"width":39}