{
"index":4,
"id":"forest2",
"label":"forest temple",
"color":"#5B4610",
"type":"tree",
"levels":[
{"id":1,"x":0.5,"y":0.9,"filename":"tutorials/levels/forest_01.json","time":40,"mobileTime":70,"required":0,"initial":true,"_id":1},
{"id":2,"x":0.55,"y":0.8,"filename":"forest/levels/forest_02.json","time":40,"mobileTime":60,"required":0,"_id":2},
{"id":3,"x":0.5,"y":0.7,"filename":"forest/levels/forest_03.json","time":25,"mobileTime":45,"required":0,"type":"speed","_id":3},
{"id":4,"x":0.5,"y":0.55,"filename":"forest/levels/forest_04.json","time":35,"mobileTime":45,"required":0,"_id":4},
{"id":5,"x":0.35,"y":0.7,"filename":"forest/levels/forest_05.json","time":40,"mobileTime":200,"required":0,"_id":5},
{"id":6,"x":0.25,"y":0.65,"filename":"forest/levels/forest_06.json","time":20,"mobileTime":60,"required":0,"type":"speed","_id":6},
{"id":7,"x":0.15,"y":0.75,"filename":"forest/levels/forest_07.json","time":60,"mobileTime":120,"type":"puzzle","required":0,"_id":7},
{"id":30,"x":0.65,"y":0.7,"filename":"forest/levels/forest_30.json","time":40,"mobileTime":65,"required":0,"_id":8},
{"id":31,"x":0.75,"y":0.65,"filename":"forest/levels/forest_31.json","time":60,"mobileTime":80,"required":0,"_id":9},
{"id":32,"x":0.85,"y":0.75,"filename":"forest/levels/forest_32.json","time":60,"mobileTime":120,"type":"puzzle","required":0,"_id":10},
{"id":8,"x":0.35,"y":0.5,"filename":"forest/levels/forest_08.json","time":40,"mobileTime":80,"required":0,"_id":11},
{"id":9,"x":0.25,"y":0.5,"filename":"forest/levels/forest_09.json","time":40,"mobileTime":50,"required":0,"_id":12},
{"id":10,"x":0.15,"y":0.55,"filename":"forest/levels/forest_10.json","time":45,"mobileTime":60,"required":0,"_id":13},
{"id":11,"x":0.05,"y":0.6,"filename":"forest/levels/forest_11.json","time":80,"mobileTime":100,"type":"puzzle","required":0,"_id":14},
{"id":12,"x":0.1667,"y":0.3767,"filename":"forest/levels/forest_12.json","time":25,"mobileTime":45,"type":"speed","required":0,"_id":15},
{"id":13,"x":0.04222,"y":0.3144,"filename":"forest/levels/forest_13.json","time":60,"mobileTime":90,"required":0,"type":"puzzle","_id":16},
{"id":14,"x":0.5,"y":0.4,"filename":"forest/levels/forest_14.json","time":30,"mobileTime":50,"type":"speed","required":0,"_id":18},
{"id":15,"x":0.35,"y":0.35,"filename":"forest/levels/forest_15.json","time":100,"mobileTime":150,"required":0,"_id":19},
{"id":16,"x":0.25,"y":0.25,"filename":"forest/levels/forest_16.json","time":70,"mobileTime":105,"required":0,"type":"speed","_id":20},
{"id":17,"x":0.1,"y":0.2,"filename":"forest/levels/forest_17.json","time":90,"mobileTime":180,"required":0,"type":"puzzle","_id":21},
{"id":18,"x":0.45,"y":0.25,"filename":"forest/levels/forest_18.json","time":70,"mobileTime":90,"required":0,"_id":22},
{"id":19,"x":0.55,"y":0.2,"filename":"forest/levels/forest_19.json","time":65,"mobileTime":100,"required":0,"_id":23},
{"id":20,"x":0.45,"y":0.1,"filename":"forest/levels/forest_20.json","time":105,"mobileTime":210,"required":0,"type":"puzzle","_id":24},
{"id":21,"x":0.6,"y":0.35,"filename":"forest/levels/forest_21.json","time":30,"mobileTime":55,"required":0,"_id":25},
{"id":22,"x":0.7,"y":0.25,"filename":"forest/levels/forest_22.json","time":95,"mobileTime":110,"required":0,"_id":26},
{"id":23,"x":0.85,"y":0.2,"filename":"forest/levels/forest_23.json","time":90,"mobileTime":180,"type":"puzzle","required":0,"_id":27},
{"id":24,"x":0.6,"y":0.5,"filename":"forest/levels/forest_24.json","time":75,"mobileTime":120,"required":0,"_id":28},
{"id":25,"x":0.7,"y":0.55,"filename":"forest/levels/forest_25.json","time":45,"mobileTime":65,"required":0,"_id":29},
{"id":26,"x":0.8,"y":0.4,"filename":"forest/levels/forest_26.json","time":18,"mobileTime":36,"type":"speed","required":0,"_id":30},
{"id":27,"x":0.9,"y":0.35,"filename":"forest/levels/forest_27.json","time":45,"mobileTime":90,"type":"puzzle","required":0,"_id":31},
{"id":28,"x":0.85,"y":0.55,"filename":"forest/levels/forest_28.json","time":58,"mobileTime":70,"required":0,"_id":32},
{"id":29,"x":0.95,"y":0.6,"filename":"forest/levels/forest_29.json","time":70,"mobileTime":140,"type":"puzzle","required":0,"_id":33}
],
"edges":[
{"id":"12","source":1,"target":2},
{"id":"23","source":2,"target":3},
{"id":"34","source":3,"target":4},
{"id":"45","source":4,"target":5},
{"id":"56","source":5,"target":6},
{"id":"67","source":6,"target":7},
{"id":"48","source":4,"target":8},
{"id":"89","source":8,"target":9},
{"id":"910","source":9,"target":10},
{"id":"411","source":4,"target":11},
{"id":"1112","source":11,"target":12},
{"id":"1215","source":12,"target":15},
{"id":"1516","source":15,"target":16},
{"id":"1213","source":12,"target":13},
{"id":"1314","source":13,"target":14},
{"id":"418","source":4,"target":18},
{"id":"1819","source":18,"target":19},
{"id":"1920","source":19,"target":20},
{"id":"2021","source":20,"target":21},
{"id":"1822","source":18,"target":22},
{"id":"2223","source":22,"target":23},
{"id":"2324","source":23,"target":24},
{"id":"1825","source":18,"target":25},
{"id":"2526","source":25,"target":26},
{"id":"2627","source":26,"target":27},
{"id":"428","source":4,"target":28},
{"id":"2829","source":28,"target":29},
{"id":"2930","source":29,"target":30},
{"id":"3031","source":30,"target":31},
{"id":"2932","source":29,"target":32},
{"id":"3233","source":32,"target":33}
]
}