<!-- StarSkull experimental label for the true value -->
<!-- Modified to show percentage instead -->
<!-- Optimized to use without VUI+ -->
<text name="ConditionLabel">
	<string>
		<copy src="parent" trait="user5" />
		<mul> 100 </mul>
	</string>
	<x> 
		<copy src="sibling(ConditionMeter)" trait="x"/>
	</x>
	<y>
		<copy src="sibling(ConditionMeter)" trait="y"/>
		<add> 2 </add>
	</y>
	<font> <copy src="parent" trait="font" /> </font>
	<justify> &left; </justify>
	<visible> <copy src="parent" trait="visible"/> </visible>
	<brightness> 0 </brightness>
	<zoom> 80 </zoom>
	<depth> 20 </depth>
</text>

<!-- Additional label for percentage sign bacause string contactenation doesn't seem to be possible outside of code -->
<text name="ConditionLabelPercent">
	<string> % </string>
	<x> 
		<copy src="sibling(ConditionLabel)" trait="x"/>
		<add> <copy src="sibling(ConditionLabel)" trait="width"/> </add>
	</x>
	<y> <copy src="sibling(ConditionLabel)" trait="y"/> </y>
	<font> <copy src="sibling(ConditionLabel)" trait="font"/> </font>
	<justify> <copy src="sibling(ConditionLabel)" trait="justify"/> </justify>
	<visible> <copy src="sibling(ConditionLabel)" trait="visible"/> </visible>
	<brightness> <copy src="sibling(ConditionLabel)" trait="brightness"/> </brightness>
	<zoom> <copy src="sibling(ConditionLabel)" trait="zoom"/> </zoom>
	<depth> <copy src="sibling(ConditionLabel)" trait="depth"/> </depth>
</text>