{
"index":-4,
"id":"crystal2",
"label":"crystal temple",
"color":"#2A2A2A",
"type":"tree",
"levels":[
{"id":1,"_id":1,"x":0.5,"y":0.95,"filename":"tutorials/levels/light_01.json","time":30,"mobileTime":50,"required":0,"initial":true},
{"id":2,"_id":2,"x":0.6,"y":0.95,"filename":"tutorials/levels/ice_02.json","time":45,"mobileTime":65,"required":0,"initial":true},
{"id":0,"_id":3,"x":0.4011,"y":0.95,"filename":"tutorials/levels/forest_01.json","time":40,"mobileTime":70,"required":0,"initial":true},
{"id":38,"_id":4,"x":0.5,"y":0.05,"filename":"crystal/levels/crystal_38.json","type":"puzzle","time":90,"mobileTime":105,"required":0},
{"id":34,"_id":5,"x":0.2,"y":0.05,"filename":"crystal/levels/crystal_34.json","type":"puzzle","time":180,"mobileTime":210,"required":0},
{"id":13,"_id":6,"x":0.05,"y":0.55,"filename":"crystal/levels/crystal_13.json","type":"puzzle","time":90,"mobileTime":100,"required":0},
{"id":36,"_id":7,"x":0.8,"y":0.05,"filename":"crystal/levels/crystal_36.json","type":"puzzle","time":100,"mobileTime":120,"required":0},
{"id":18,"_id":8,"x":0.95,"y":0.55,"filename":"crystal/levels/crystal_18.json","type":"puzzle","time":120,"mobileTime":130,"required":0},
{"id":3,"_id":9,"x":0.5,"y":0.85,"filename":"tutorials/levels/crystal_03.json","time":35,"mobileTime":60,"required":0,"initial":true},
{"id":9,"_id":10,"x":0.75,"y":0.7011,"filename":"crystal/levels/crystal_09.json","type":"puzzle","time":90,"mobileTime":180,"required":0},
{"id":7,"_id":11,"x":0.2489,"y":0.7022,"filename":"crystal/levels/crystal_07.json","type":"puzzle","time":60,"mobileTime":85,"required":0},
{"id":24,"_id":12,"x":0.12,"y":0.3,"filename":"crystal/levels/crystal_24.json","type":"puzzle","time":100,"mobileTime":100,"required":0},
{"id":27,"_id":13,"x":0.88,"y":0.3,"filename":"crystal/levels/crystal_27.json","type":"puzzle","time":90,"mobileTime":115,"required":0},
{"id":4,"_id":14,"x":0.5,"y":0.7022,"filename":"crystal/levels/crystal_04.json","time":45,"mobileTime":60,"required":0},
{"id":14,"_id":15,"x":0.1967,"y":0.4978,"filename":"crystal/levels/crystal_14.json","time":70,"mobileTime":100,"required":0},
{"id":19,"_id":16,"x":0.8,"y":0.5,"filename":"crystal/levels/crystal_19.json","type":"speed","time":35,"mobileTime":60,"required":0},
{"id":35,"_id":17,"x":0.75,"y":0.2,"filename":"crystal/levels/crystal_35.json","type":"speed","time":40,"mobileTime":70,"required":0},
{"id":33,"_id":18,"x":0.2478,"y":0.1956,"filename":"crystal/levels/crystal_33.json","time":85,"mobileTime":90,"required":0},
{"id":37,"_id":20,"x":0.4978,"y":0.1478,"filename":"crystal/levels/crystal_37.json","time":70,"mobileTime":75,"required":0},
{"id":17,"_id":21,"x":0.4978,"y":0.3989,"filename":"crystal/levels/crystal_17.json","type":"speed","time":45,"mobileTime":70,"required":0},
{"id":29,"_id":22,"x":0.5756,"y":0.3189,"filename":"crystal/levels/crystal_29.json","time":90,"mobileTime":95,"required":0},
{"id":28,"_id":23,"x":0.43,"y":0.32,"filename":"crystal/levels/crystal_28.json","time":45,"mobileTime":50,"required":0},
{"id":16,"_id":24,"x":0.3956,"y":0.4456,"filename":"crystal/levels/crystal_16.json","time":45,"mobileTime":60,"required":0},
{"id":21,"_id":25,"x":0.6011,"y":0.4444,"filename":"crystal/levels/crystal_21.json","time":40,"mobileTime":50,"required":0},
{"id":6,"_id":26,"x":0.5,"y":0.5,"filename":"crystal/levels/crystal_06.json","time":45,"mobileTime":70,"required":0},
{"id":31,"_id":27,"x":0.5011,"y":0.2489,"filename":"crystal/levels/crystal_31.json","time":100,"mobileTime":105,"required":0},
{"id":32,"_id":28,"x":0.6533,"y":0.25,"filename":"crystal/levels/crystal_32.json","time":70,"mobileTime":80,"required":0},
{"id":30,"_id":29,"x":0.3478,"y":0.2444,"filename":"crystal/levels/crystal_30.json","type":"speed","time":45,"mobileTime":70,"required":0},
{"id":12,"_id":30,"x":0.6,"y":0.5478,"filename":"crystal/levels/crystal_12.json","time":60,"mobileTime":90,"required":0},
{"id":11,"_id":31,"x":0.4,"y":0.55,"filename":"crystal/levels/crystal_11.json","time":70,"mobileTime":95,"required":0},
{"id":5,"_id":32,"x":0.5,"y":0.6,"filename":"crystal/levels/crystal_05.json","type":"speed","time":20,"mobileTime":45,"required":0},
{"id":25,"_id":35,"x":0.68,"y":0.35,"filename":"crystal/levels/crystal_25.json","time":60,"mobileTime":75,"required":0},
{"id":22,"_id":36,"x":0.32,"y":0.3522,"filename":"crystal/levels/crystal_22.json","time":90,"mobileTime":105,"required":0},
{"id":15,"_id":37,"x":0.2967,"y":0.4567,"filename":"crystal/levels/crystal_15.json","time":70,"mobileTime":75,"required":0},
{"id":20,"_id":38,"x":0.6978,"y":0.4522,"filename":"crystal/levels/crystal_20.json","time":55,"mobileTime":55,"required":0},
{"id":23,"_id":39,"x":0.2156,"y":0.3467,"filename":"crystal/levels/crystal_23.json","time":140,"mobileTime":140,"required":0},
{"id":26,"_id":40,"x":0.7756,"y":0.3544,"filename":"crystal/levels/crystal_26.json","time":80,"mobileTime":100,"required":0},
{"id":10,"_id":41,"x":0.65,"y":0.6033,"filename":"crystal/levels/crystal_10.json","time":60,"mobileTime":85,"required":0},
{"id":8,"_id":42,"x":0.3522,"y":0.6033,"filename":"crystal/levels/crystal_08.json","time":60,"mobileTime":87,"required":0}
],
"edges":[
{"id":"temp","source":9,"target":10,"_id":"910"},{"id":"temp","source":10,"target":8,"_id":"108"},
{"id":"temp","source":8,"target":13,"_id":"813"},{"id":"temp","source":13,"target":7,"_id":"137"},
{"id":"temp","source":7,"target":4,"_id":"74"},{"id":"temp","source":4,"target":5,"_id":"45"},
{"id":"temp","source":5,"target":12,"_id":"512"},{"id":"temp","source":12,"target":6,"_id":"126"},
{"id":"temp","source":6,"target":11,"_id":"611"},{"id":"temp","source":11,"target":9,"_id":"119"},
{"id":"temp","source":10,"target":16,"_id":"1016"},{"id":"temp","source":16,"target":13,"_id":"1613"},
{"id":"temp","source":13,"target":17,"_id":"1317"},{"id":"temp","source":17,"target":4,"_id":"174"},
{"id":"temp","source":4,"target":18,"_id":"418"},{"id":"temp","source":18,"target":12,"_id":"1812"},
{"id":"temp","source":12,"target":15,"_id":"1215"},{"id":"temp","source":15,"target":11,"_id":"1511"},
{"id":"temp","source":11,"target":10,"_id":"1110"},{"id":"temp","source":14,"target":32,"_id":"1432"},
{"id":"temp","source":32,"target":26,"_id":"3226"},{"id":"temp","source":26,"target":21,"_id":"2621"},
{"id":"temp","source":21,"target":25,"_id":"2125"},{"id":"temp","source":21,"target":22,"_id":"2122"},
{"id":"temp","source":21,"target":23,"_id":"2123"},{"id":"temp","source":21,"target":24,"_id":"2124"},
{"id":"temp","source":23,"target":27,"_id":"2327"},{"id":"temp","source":27,"target":22,"_id":"2722"},
{"id":"temp","source":26,"target":31,"_id":"2631"},{"id":"temp","source":31,"target":24,"_id":"3124"},
{"id":"temp","source":26,"target":30,"_id":"2630"},{"id":"temp","source":30,"target":25,"_id":"3025"},
{"id":"temp","source":22,"target":35,"_id":"2235"},{"id":"temp","source":35,"target":25,"_id":"3525"},
{"id":"temp","source":23,"target":36,"_id":"2336"},{"id":"temp","source":36,"target":24,"_id":"3624"},
{"id":"temp","source":32,"target":41,"_id":"3241"},{"id":"temp","source":41,"target":38,"_id":"4138"},
{"id":"temp","source":38,"target":40,"_id":"3840"},{"id":"temp","source":40,"target":28,"_id":"4028"},
{"id":"temp","source":28,"target":20,"_id":"2820"},{"id":"temp","source":20,"target":29,"_id":"2029"},
{"id":"temp","source":29,"target":39,"_id":"2939"},{"id":"temp","source":39,"target":37,"_id":"3937"},
{"id":"temp","source":37,"target":42,"_id":"3742"},{"id":"temp","source":42,"target":32,"_id":"4232"},
{"id":"temp","source":6,"target":15,"_id":"615"},{"id":"temp","source":15,"target":37,"_id":"1537"},
{"id":"temp","source":37,"target":24,"_id":"3724"},{"id":"temp","source":25,"target":38,"_id":"2538"},
{"id":"temp","source":38,"target":16,"_id":"3816"},{"id":"temp","source":16,"target":8,"_id":"168"},
{"id":"temp","source":22,"target":28,"_id":"2228"},{"id":"temp","source":28,"target":17,"_id":"2817"},
{"id":"temp","source":17,"target":7,"_id":"177"},{"id":"temp","source":5,"target":18,"_id":"518"},
{"id":"temp","source":18,"target":29,"_id":"1829"},{"id":"temp","source":29,"target":23,"_id":"2923"},
{"id":"temp","source":9,"target":14,"_id":"2923"},{"id":"temp","source":11,"target":42,"_id":"2923"},
{"id":"temp","source":41,"target":10,"_id":"2923"},{"id":"temp","source":12,"target":39,"_id":"2923"},
{"id":"temp","source":4,"target":20,"_id":"2923"},{"id":"temp","source":40,"target":13,"_id":"2923"}
]
}