{"height":29,"infinite":false,"layers":[{"data":[1,1,1,1,1,1,1,1,1,1,1,1,1,1,1,1,1,1,1,1,1,1,1,1,1,1,1,1,1,1,1,1,1,1,1,1,1,1,1,1,0,0,0,0,0,0,0,0,0,0,0,0,0,0,0,0,0,0,4,1,5,0,0,0,0,0,0,0,0,0,0,0,0,0,0,0,0,1,1,0,0,0,0,0,0,0,0,0,0,0,0,0,0,0,0,0,0,0,1,0,0,0,0,0,0,0,0,0,0,0,0,0,0,0,0,0,1,1,0,0,0,0,0,0,0,0,0,0,0,0,0,2,1,3,0,0,0,1,0,0,0,0,0,0,0,2,1,3,0,0,0,2,3,0,0,1,1,0,0,0,0,0,0,0,0,0,0,0,0,2,5,0,0,0,0,0,1,0,0,0,2,1,1,1,1,1,1,1,1,1,1,5,0,0,1,1,1,1,1,3,0,0,0,0,0,0,0,2,1,0,0,0,0,0,2,5,0,0,0,1,5,0,0,0,0,0,0,0,0,0,0,0,0,1,1,0,0,0,4,3,0,0,0,0,0,2,1,1,0,0,4,1,1,5,0,0,0,2,5,0,0,0,0,0,0,0,0,0,0,0,0,0,1,1,0,0,0,0,4,3,0,0,0,2,5,0,4,3,0,0,0,0,0,0,2,1,1,0,0,0,2,1,1,1,3,0,2,1,1,3,0,1,1,0,0,0,0,0,4,8,8,8,5,0,0,0,4,3,0,0,0,0,2,5,4,1,0,0,0,0,0,0,0,4,1,1,5,0,4,1,1,1,0,0,0,0,0,0,0,0,0,0,0,0,0,0,4,1,1,1,1,5,0,0,4,3,0,0,0,0,0,0,0,0,4,3,0,0,4,1,1,1,1,1,0,0,0,0,0,0,0,0,0,0,0,0,0,0,0,0,0,0,0,0,4,1,1,1,1,1,3,0,0,0,1,0,0,0,1,1,0,0,1,0,0,0,0,0,0,0,0,0,0,0,0,0,0,0,0,0,0,0,0,0,0,0,0,0,0,0,0,0,0,1,0,0,0,1,1,0,0,4,3,0,0,0,0,0,0,0,0,0,0,0,0,0,0,0,0,0,0,0,0,0,0,0,0,0,0,0,0,2,5,0,0,0,1,1,0,0,0,1,3,0,0,0,2,8,8,8,8,3,0,0,0,2,8,8,8,8,3,0,0,2,3,0,0,2,1,1,1,3,0,0,0,1,1,1,1,1,1,1,1,1,1,1,1,1,1,1,1,1,1,1,1,1,1,1,1,1,1,1,1,1,1,1,1,1,1,1,1,1,1,1,1,1,0,0,0,0,0,0,0,0,0,0,0,0,0,0,0,0,0,0,4,1,5,0,0,0,0,0,0,0,0,0,0,0,0,0,0,0,0,1,1,0,0,0,0,0,0,0,0,0,0,0,0,0,0,0,0,0,0,0,1,0,0,0,0,0,0,0,0,0,0,0,0,0,0,0,0,0,1,1,0,0,0,0,0,0,0,0,0,0,0,0,0,2,1,3,0,0,0,1,0,0,0,0,0,0,0,2,1,3,0,0,0,2,3,0,0,1,1,0,0,0,0,0,0,0,0,0,0,0,0,2,5,0,0,0,0,0,1,0,0,0,2,1,1,1,1,1,1,1,1,1,1,5,0,0,1,1,1,1,1,3,0,0,0,0,0,0,0,2,1,0,0,0,0,0,2,5,0,0,0,1,5,0,0,0,0,0,0,0,0,0,0,0,0,1,1,0,0,0,4,3,0,0,0,0,0,2,1,1,0,0,4,1,1,5,0,0,0,2,5,0,0,0,0,0,0,0,0,0,0,0,0,0,1,1,0,0,0,0,4,3,0,0,0,2,5,0,4,3,0,0,0,0,0,0,2,1,1,0,0,0,2,1,1,1,3,0,2,1,1,3,0,1,1,0,0,0,0,0,4,8,8,8,5,0,0,0,4,3,0,0,0,0,2,5,4,1,0,0,0,0,0,0,0,4,1,1,5,0,4,1,1,1,0,0,0,0,0,0,0,0,0,0,0,0,0,0,4,1,1,1,1,5,0,0,4,3,0,0,0,0,0,0,0,0,4,3,0,0,4,1,1,1,1,1,0,0,0,0,0,0,0,0,0,0,0,0,0,0,0,0,0,0,0,0,4,1,1,1,1,1,3,0,0,0,1,0,0,0,1,1,0,0,1,0,0,0,0,0,0,0,0,0,0,0,0,0,0,0,0,0,0,0,0,0,0,0,0,0,0,0,0,0,0,1,0,0,0,1,1,0,0,4,3,0,0,0,0,0,0,0,0,0,0,0,0,0,0,0,0,0,0,0,0,0,0,0,0,0,0,0,0,2,5,0,0,0,1,1,0,0,0,1,3,0,0,0,2,8,8,8,8,3,0,0,0,2,8,8,8,8,3,0,0,2,3,0,0,2,1,1,1,3,0,0,0,1,1,1,1,1,1,1,1,1,1,1,1,1,1,1,1,1,1,1,1,1,1,1,1,1,1,1,1,1,1,1,1,1,1,1,1,1,1,1,1],"height":29,"name":"Ground","opacity":1,"type":"tilelayer","visible":true,"width":39,"x":0,"y":0},{"draworder":"topdown","name":"Chars","objects":[{"gid":16,"height":64,"id":1,"name":"","rotation":0,"type":"","visible":true,"width":64,"x":40,"y":160},{"gid":17,"height":64,"id":2,"name":"","rotation":0,"type":"","visible":true,"width":64,"x":48,"y":608},{"gid":18,"height":64,"id":3,"name":"","rotation":0,"type":"","visible":true,"width":64,"x":48,"y":320},{"gid":19,"height":64,"id":4,"name":"","rotation":0,"type":"","visible":true,"width":64,"x":48,"y":768},{"gid":21,"height":64,"id":5,"name":"","rotation":0,"type":"","visible":true,"width":64,"x":208,"y":864},{"gid":21,"height":64,"id":6,"name":"","rotation":0,"type":"","visible":true,"width":64,"x":352,"y":800},{"gid":21,"height":64,"id":8,"name":"","rotation":0,"type":"","visible":true,"width":64,"x":496,"y":864},{"gid":21,"height":64,"id":9,"name":"","rotation":0,"type":"","visible":true,"width":64,"x":768,"y":864},{"gid":21,"height":64,"id":10,"name":"","rotation":0,"type":"","visible":true,"width":64,"x":1008,"y":544},{"gid":21,"height":64,"id":11,"name":"","rotation":0,"type":"","visible":true,"width":64,"x":704,"y":576},{"gid":21,"height":64,"id":12,"name":"","rotation":0,"type":"","visible":true,"width":64,"x":560,"y":592},{"gid":21,"height":64,"id":13,"name":"","rotation":0,"type":"","visible":true,"width":64,"x":352,"y":592},{"gid":21,"height":64,"id":14,"name":"","rotation":0,"type":"","visible":true,"width":64,"x":208,"y":656},{"gid":20,"height":64,"id":15,"name":"","rotation":0,"type":"","visible":true,"width":64,"x":208,"y":208},{"gid":20,"height":64,"id":16,"name":"","rotation":0,"type":"","visible":true,"width":64,"x":352,"y":144},{"gid":20,"height":64,"id":17,"name":"","rotation":0,"type":"","visible":true,"width":64,"x":560,"y":144},{"gid":20,"height":64,"id":18,"name":"","rotation":0,"type":"","visible":true,"width":64,"x":704,"y":128},{"gid":20,"height":64,"id":19,"name":"","rotation":0,"type":"","visible":true,"width":64,"x":1008,"y":96},{"gid":20,"height":64,"id":20,"name":"","rotation":0,"type":"","visible":true,"width":64,"x":768,"y":416},{"gid":20,"height":64,"id":21,"name":"","rotation":0,"type":"","visible":true,"width":64,"x":496,"y":416},{"gid":20,"height":64,"id":22,"name":"","rotation":0,"type":"","visible":true,"width":64,"x":352,"y":352},{"gid":20,"height":64,"id":23,"name":"","rotation":0,"type":"","visible":true,"width":64,"x":208,"y":416}],"opacity":1,"type":"objectgroup","visible":true,"x":0,"y":0},{"draworder":"topdown","name":"Objects","objects":[],"opacity":1,"type":"objectgroup","visible":true,"x":0,"y":0}],"nextobjectid":24,"orientation":"orthogonal","renderorder":"right-down","tiledversion":"1.1.3","tileheight":32,"tilesets":[{"firstgid":1,"source":"../../../assets/tilemaps/tilesets/Ground.json"},{"firstgid":16,"source":"../../../assets/tilemaps/tilesets/Chars.json"},{"firstgid":23,"source":"../../../assets/tilemaps/tilesets/LargeObjects.json"}],"tilewidth":32,"type":"map","version":1,"width":39}