{"height":29,"infinite":false,"layers":[{"data":[1,1,1,1,1,1,1,1,1,1,1,1,1,1,1,1,1,1,1,1,1,1,1,1,1,1,1,1,1,1,1,1,1,1,1,1,1,1,1,1,0,0,0,0,0,0,0,0,0,0,0,0,0,0,0,0,1,0,0,0,0,0,0,0,0,0,0,0,0,0,1,0,0,0,0,0,0,1,1,0,0,0,0,0,0,0,0,0,0,0,0,0,0,0,0,1,0,0,0,0,0,0,0,0,0,0,0,0,0,1,0,0,0,0,0,0,1,1,0,0,0,0,0,0,0,0,0,0,0,0,0,0,0,0,1,0,0,0,0,0,0,2,3,0,0,0,0,0,4,0,0,0,0,0,0,1,1,0,0,0,0,0,0,0,0,0,0,0,0,0,0,0,0,1,1,1,1,1,1,1,1,1,1,1,3,0,0,0,0,0,2,1,1,1,1,1,0,0,0,0,0,0,0,0,0,0,0,0,0,0,0,0,4,0,0,1,1,1,0,1,1,0,1,1,0,0,0,0,0,0,0,0,0,1,1,0,0,0,0,0,0,0,0,0,0,0,0,0,0,0,0,0,0,0,1,5,0,0,0,0,0,0,0,0,0,0,0,0,0,0,0,0,1,1,0,0,0,0,0,0,0,0,0,0,0,0,0,0,0,0,0,0,0,1,0,0,0,0,0,0,0,0,0,2,1,1,1,0,0,0,0,1,1,0,0,0,0,0,0,0,0,0,0,0,0,0,0,0,0,0,0,0,1,0,0,0,0,0,0,0,0,0,0,0,0,1,0,0,0,0,1,1,0,0,0,0,0,0,0,0,0,0,0,0,0,0,0,0,0,0,0,1,0,0,0,0,0,0,0,0,0,0,0,0,1,0,0,0,0,1,1,0,0,0,0,0,0,0,0,0,0,0,0,0,0,0,0,0,0,0,1,0,0,0,0,0,0,0,0,0,0,0,0,1,1,1,1,1,1,1,0,0,0,0,0,0,0,0,0,0,0,0,0,0,0,0,0,0,0,4,1,1,1,1,1,1,1,1,1,1,1,1,1,1,1,1,1,1,1,0,0,0,0,0,0,0,0,0,0,0,0,0,0,0,0,0,0,0,0,0,0,0,0,0,0,0,0,0,0,0,0,0,0,0,0,0,1,1,0,0,0,0,0,0,0,0,0,0,0,0,0,0,0,0,0,0,0,0,0,0,0,0,0,0,0,0,0,0,0,0,0,0,0,0,0,1,1,1,1,1,1,1,1,1,1,1,1,1,1,1,1,1,1,3,0,0,0,0,0,0,0,0,0,0,0,0,0,0,0,0,0,0,0,0,1,1,0,0,0,0,0,0,0,0,0,0,0,0,0,0,0,0,1,0,0,0,0,0,0,0,0,0,0,0,0,0,0,0,0,0,0,0,0,1,1,0,0,0,0,0,0,0,0,0,0,0,0,0,0,0,0,1,0,0,0,0,0,0,0,0,0,0,0,0,0,0,0,0,0,0,0,0,1,1,0,0,0,0,0,0,0,0,0,0,0,0,0,1,0,0,1,0,0,0,0,0,0,0,0,0,0,0,0,0,0,0,0,0,0,0,0,1,1,1,0,0,0,1,1,1,1,1,1,1,1,1,1,0,0,1,0,0,0,0,0,0,0,0,0,0,0,0,0,0,0,0,0,0,0,0,1,1,0,0,0,0,0,0,0,0,0,0,0,0,0,1,0,0,1,0,0,0,0,0,0,0,0,0,0,0,0,0,0,0,0,0,0,0,0,1,1,0,0,0,0,0,0,0,0,0,0,0,0,0,1,0,0,1,0,0,0,0,0,0,0,0,0,0,0,0,0,0,0,0,0,0,0,0,1,1,1,1,1,1,1,1,1,1,1,1,0,0,0,1,0,0,1,0,0,0,0,0,0,0,0,0,0,0,0,0,0,0,0,0,0,0,0,1,1,0,0,0,0,0,0,0,0,0,0,0,0,0,1,0,0,1,0,0,0,0,0,0,0,0,0,0,0,0,0,0,0,0,0,0,0,0,1,1,0,0,0,0,0,0,0,0,0,0,0,0,0,1,0,0,1,0,0,3,0,0,0,0,0,0,0,0,0,0,0,0,0,0,0,0,0,1,1,1,0,0,0,1,1,1,1,1,1,1,1,1,1,0,0,1,1,1,1,0,0,0,0,0,0,0,0,0,0,0,0,0,0,0,0,0,1,1,0,0,0,0,0,0,0,0,0,0,0,0,0,1,0,0,0,0,0,4,3,0,0,0,0,0,0,0,0,0,0,0,0,0,0,0,0,1,1,0,0,0,0,0,0,0,0,0,0,0,0,0,1,0,0,0,0,0,0,0,0,0,0,0,0,0,0,0,0,0,0,0,0,0,0,0,1,1,1,1,1,1,1,1,3,0,0,0,0,0,0,1,3,0,0,0,0,0,0,0,0,0,0,0,2,0,0,3,0,0,0,0,0,0,0,1,1,1,1,1,1,1,1,1,1,1,1,1,1,1,1,1,1,1,1,1,1,1,1,1,1,1,1,1,1,1,1,1,1,1,1,1,1,1,1],"height":29,"name":"Ground","opacity":1,"type":"tilelayer","visible":true,"width":39,"x":0,"y":0},{"draworder":"topdown","name":"Chars","objects":[{"gid":32,"height":64,"id":13,"name":"","rotation":0,"type":"","visible":true,"width":64,"x":752,"y":352},{"gid":34,"height":64,"id":14,"name":"","rotation":0,"type":"","visible":true,"width":64,"x":608,"y":128},{"gid":35,"height":64,"id":16,"name":"","rotation":0,"type":"","visible":true,"width":64,"x":560,"y":896},{"gid":33,"height":64,"id":17,"name":"","rotation":0,"type":"","visible":true,"width":64,"x":65,"y":863},{"gid":37,"height":64,"id":18,"name":"","rotation":0,"type":"","visible":true,"width":64,"x":224,"y":560},{"gid":37,"height":64,"id":19,"name":"","rotation":0,"type":"","visible":true,"width":64,"x":704,"y":704},{"gid":37,"height":64,"id":20,"name":"","rotation":0,"type":"","visible":true,"width":64,"x":1056,"y":864},{"gid":36,"height":64,"id":21,"name":"","rotation":0,"type":"","visible":true,"width":64,"x":913,"y":112},{"gid":36,"height":64,"id":22,"name":"","rotation":0,"type":"","visible":true,"width":64,"x":1040,"y":112},{"gid":36,"height":64,"id":23,"name":"","rotation":0,"type":"","visible":true,"width":64,"x":1152,"y":272}],"opacity":1,"type":"objectgroup","visible":true,"x":0,"y":0},{"draworder":"topdown","name":"Objects","objects":[{"gid":18,"height":64,"id":1,"name":"","properties":{"group":1},"propertytypes":{"group":"int"},"rotation":0,"type":"","visible":true,"width":64,"x":1120,"y":160},{"gid":18,"height":64,"id":2,"name":"","rotation":0,"type":"","visible":true,"width":64,"x":1120,"y":352},{"height":102,"id":4,"name":"","properties":{"dx":0,"dy":-3,"group":1},"propertytypes":{"dx":"int","dy":"int","group":"int"},"rotation":0,"type":"platform","visible":true,"width":32,"x":736,"y":28},{"height":96,"id":6,"name":"","properties":{"dx":0,"dy":-3},"propertytypes":{"dx":"int","dy":"int"},"rotation":0,"type":"platform","visible":true,"width":32,"x":832,"y":32},{"height":96,"id":7,"name":"","properties":{"dx":-4,"group":62},"propertytypes":{"dx":"int","group":"int"},"rotation":0,"type":"platform","visible":true,"width":32,"x":1088,"y":160},{"height":32,"id":8,"name":"","properties":{"dx":0,"dy":4,"group":61},"propertytypes":{"dx":"int","dy":"int","group":"int"},"rotation":0,"type":"platform","visible":true,"width":96,"x":1024,"y":128},{"height":32,"id":10,"name":"","properties":{"dx":-3,"group":41},"propertytypes":{"dx":"int","group":"int"},"rotation":0,"type":"platform","visible":true,"width":96,"x":64,"y":576},{"height":32,"id":11,"name":"","properties":{"dx":3,"group":42},"propertytypes":{"dx":"int","group":"int"},"rotation":0,"type":"platform","visible":true,"width":96,"x":352,"y":672},{"height":32,"id":12,"name":"","properties":{"dx":-3,"group":43},"propertytypes":{"dx":"int","group":"int"},"rotation":0,"type":"platform","visible":true,"width":96,"x":64,"y":768},{"gid":21,"height":64,"id":32,"name":"","properties":{"color":"blue","initialState":1},"propertytypes":{"color":"string","initialState":"int"},"rotation":-90,"type":"","visible":true,"width":64,"x":640,"y":800},{"gid":21,"height":64,"id":33,"name":"","properties":{"initialState":1},"propertytypes":{"initialState":"int"},"rotation":90,"type":"","visible":true,"width":64,"x":576,"y":128},{"gid":27,"height":64,"id":35,"name":"","properties":{"group":2},"propertytypes":{"group":"int"},"rotation":0,"type":"","visible":true,"width":64,"x":576,"y":448},{"height":0,"id":36,"name":"","polyline":[{"x":0,"y":0},{"x":318,"y":0}],"properties":{"group":2},"propertytypes":{"group":"int"},"rotation":0,"type":"slider","visible":true,"width":0,"x":704,"y":328},{"gid":23,"height":64,"id":37,"name":"","properties":{"group":43},"propertytypes":{"group":"int"},"rotation":0,"type":"","visible":true,"width":64,"x":896,"y":928},{"gid":23,"height":64,"id":39,"name":"","properties":{"group":41},"propertytypes":{"group":"int"},"rotation":-90,"type":"","visible":true,"width":64,"x":1248,"y":480},{"gid":23,"height":64,"id":40,"name":"","properties":{"group":42},"propertytypes":{"group":"int"},"rotation":-90,"type":"","visible":true,"width":64,"x":1248,"y":800},{"gid":23,"height":64,"id":41,"name":"","properties":{"color":"blue","group":62},"propertytypes":{"color":"string","group":"int"},"rotation":179.677292928747,"type":"","visible":true,"width":64,"x":448,"y":0},{"gid":23,"height":64,"id":42,"name":"","properties":{"color":"blue","group":61},"propertytypes":{"color":"string","group":"int"},"rotation":88.8643447200972,"type":"","visible":true,"width":64,"x":0,"y":192}],"opacity":1,"type":"objectgroup","visible":true,"x":0,"y":0}],"nextobjectid":43,"orientation":"orthogonal","renderorder":"right-down","tiledversion":"1.1.3","tileheight":32,"tilesets":[{"firstgid":1,"source":"../../../assets/tilemaps/tilesets/Ground.json"},{"firstgid":16,"source":"../../../assets/tilemaps/tilesets/Objects.json"},{"firstgid":32,"source":"../../../assets/tilemaps/tilesets/Chars.json"}],"tilewidth":32,"type":"map","version":1,"width":39}