{"height":29,"infinite":false,"layers":[{"data":[1,1,1,1,1,1,1,1,1,1,1,1,1,1,1,1,1,1,1,1,1,1,1,1,1,1,1,1,1,1,1,1,1,1,1,1,1,1,1,1,5,0,0,0,0,0,0,0,0,0,0,0,0,0,0,0,0,0,0,0,0,4,1,1,1,1,1,1,1,5,0,0,0,4,3,0,0,1,1,0,0,0,0,0,0,0,0,0,0,0,0,0,0,0,0,0,0,0,0,0,0,0,0,0,0,0,0,0,0,0,0,0,0,4,3,0,1,1,0,0,0,0,0,0,0,0,0,0,0,0,0,0,0,0,0,0,0,0,0,0,0,0,0,0,0,0,0,0,0,0,0,0,0,4,3,1,1,3,0,0,0,0,0,0,0,0,0,0,0,0,0,0,0,0,0,0,0,0,0,0,0,0,0,0,0,0,0,0,0,0,0,0,0,4,1,1,1,1,1,1,3,0,0,0,0,0,0,2,1,1,1,1,3,0,0,0,0,0,0,0,0,0,0,0,0,0,0,0,1,3,0,0,0,1,1,0,0,0,0,4,3,0,0,0,0,2,5,0,0,0,0,4,3,0,0,0,0,0,0,0,0,0,0,0,0,0,2,1,1,3,0,0,1,1,0,0,0,0,0,4,8,8,8,8,5,0,0,0,0,0,0,4,3,0,0,0,0,0,0,0,0,0,0,0,0,1,1,1,1,0,0,1,1,3,0,0,0,0,0,4,1,1,5,0,0,0,0,0,0,0,0,4,3,0,0,0,0,0,0,0,0,0,0,2,5,0,0,0,0,0,1,1,1,0,0,0,0,0,0,0,0,0,0,0,0,0,0,0,0,0,0,4,8,8,8,8,8,8,8,8,8,8,5,0,0,0,0,0,0,1,1,5,0,0,0,0,3,0,0,0,0,0,0,0,2,1,1,3,0,0,0,4,1,1,1,1,1,1,1,1,5,0,0,0,0,0,0,2,1,1,0,0,0,0,0,4,3,0,0,0,0,0,0,1,5,4,1,0,0,0,0,0,0,0,0,0,0,0,0,0,0,0,0,2,1,1,1,1,1,0,0,0,0,0,0,1,3,0,0,0,0,0,1,0,0,1,0,0,0,0,0,0,0,0,0,0,0,0,0,0,0,0,1,0,0,0,1,1,3,0,0,0,0,2,5,4,3,0,2,8,8,1,0,0,1,8,8,3,0,0,0,0,0,0,0,0,0,0,0,0,2,1,0,0,0,1,1,1,1,1,1,1,1,1,1,1,1,1,1,1,1,1,1,1,1,1,1,1,1,1,1,1,1,1,1,1,1,1,1,1,1,0,0,0,1,1,5,0,0,0,0,0,0,0,0,0,0,0,0,0,0,0,0,0,0,0,4,4,1,1,1,1,1,1,1,5,0,0,0,4,3,0,0,1,1,0,0,0,0,0,0,0,0,0,0,0,0,0,0,0,0,0,0,0,0,0,0,0,0,0,0,0,0,0,0,0,0,0,0,4,3,0,1,1,0,0,0,0,0,0,0,0,0,0,0,0,0,0,0,0,0,0,0,0,0,0,0,0,0,0,0,0,0,0,0,0,0,0,0,4,3,1,1,3,0,0,0,0,0,0,0,0,0,0,0,0,0,0,0,0,0,0,0,0,0,0,0,0,0,0,0,0,0,0,0,0,0,0,0,4,1,1,1,1,1,1,3,0,0,0,0,0,0,2,1,1,1,1,3,0,0,0,0,0,0,0,0,0,0,0,0,0,0,0,1,3,0,0,0,1,1,0,0,0,0,4,3,0,0,0,0,2,5,0,0,0,0,4,3,0,0,0,0,0,0,0,0,0,0,0,0,0,2,1,1,3,0,0,1,1,0,0,0,0,0,4,8,8,8,8,5,0,0,0,0,0,0,4,3,0,0,0,0,0,0,0,0,0,0,0,0,1,1,1,1,0,0,1,1,3,0,0,0,0,0,4,1,1,5,0,0,0,0,0,0,0,0,4,3,0,0,0,0,0,0,0,0,0,0,2,5,0,0,0,0,0,1,1,1,0,0,0,0,0,0,0,0,0,0,0,0,0,0,0,0,0,0,4,8,8,8,8,8,8,8,8,8,8,5,0,0,0,0,0,0,1,1,5,0,0,0,0,3,0,0,0,0,0,0,0,2,1,1,3,0,0,0,4,1,1,1,1,1,1,1,1,5,0,0,0,0,0,0,2,1,1,0,0,0,0,0,4,3,0,0,0,0,0,0,1,5,4,1,0,0,0,0,0,0,0,0,0,0,0,0,0,0,0,0,2,1,1,1,1,1,0,0,0,0,0,0,1,3,0,0,0,0,0,1,0,0,1,0,0,0,0,0,0,0,0,0,0,0,0,0,0,0,0,1,0,0,0,1,1,3,0,0,0,0,2,5,4,3,0,2,8,8,1,0,0,1,8,8,3,0,0,0,0,0,0,0,0,0,0,0,0,2,1,0,0,0,1,1,1,1,1,1,1,1,1,1,1,1,1,1,1,1,1,1,1,1,1,1,1,1,1,1,1,1,1,1,1,1,1,1,1,1,1,1,1,1],"height":29,"name":"Ground","opacity":1,"type":"tilelayer","visible":true,"width":39,"x":0,"y":0},{"draworder":"topdown","name":"Chars","objects":[{"gid":18,"height":64,"id":1,"name":"","rotation":0,"type":"","visible":true,"width":64,"x":96,"y":448},{"gid":19,"height":64,"id":2,"name":"","rotation":0,"type":"","visible":true,"width":64,"x":96,"y":896},{"gid":21,"height":64,"id":3,"name":"","rotation":0,"type":"","visible":true,"width":64,"x":368,"y":832},{"gid":21,"height":64,"id":4,"name":"","rotation":0,"type":"","visible":true,"width":64,"x":592,"y":832},{"gid":21,"height":64,"id":5,"name":"","rotation":0,"type":"","visible":true,"width":64,"x":1008,"y":864},{"gid":21,"height":64,"id":6,"name":"","rotation":0,"type":"","visible":true,"width":64,"x":896,"y":672},{"gid":21,"height":64,"id":7,"name":"","rotation":0,"type":"","visible":true,"width":64,"x":688,"y":672},{"gid":21,"height":64,"id":8,"name":"","rotation":0,"type":"","visible":true,"width":64,"x":480,"y":592},{"gid":21,"height":64,"id":9,"name":"","rotation":0,"type":"","visible":true,"width":64,"x":208,"y":632},{"gid":16,"height":64,"id":11,"name":"","rotation":0,"type":"","visible":true,"width":64,"x":64,"y":160},{"gid":20,"height":64,"id":12,"name":"","rotation":0,"type":"","visible":true,"width":64,"x":208,"y":184},{"gid":20,"height":64,"id":13,"name":"","rotation":0,"type":"","visible":true,"width":64,"x":480,"y":144},{"gid":20,"height":64,"id":14,"name":"","rotation":0,"type":"","visible":true,"width":64,"x":688,"y":224},{"gid":20,"height":64,"id":15,"name":"","rotation":0,"type":"","visible":true,"width":64,"x":896,"y":224},{"gid":20,"height":64,"id":16,"name":"","rotation":0,"type":"","visible":true,"width":64,"x":1008,"y":416},{"gid":20,"height":64,"id":17,"name":"","rotation":0,"type":"","visible":true,"width":64,"x":592,"y":384},{"gid":20,"height":64,"id":18,"name":"","rotation":0,"type":"","visible":true,"width":64,"x":368,"y":384},{"gid":17,"height":64,"id":25,"name":"","rotation":0,"type":"","visible":true,"width":64,"x":64,"y":608}],"opacity":1,"type":"objectgroup","visible":true,"x":0,"y":0},{"draworder":"topdown","name":"Objects","objects":[{"height":0,"id":22,"name":"","polyline":[{"x":0,"y":0},{"x":0,"y":160}],"properties":{"barWidth":6.4},"propertytypes":{"barWidth":"float"},"rotation":0,"type":"hanging","visible":true,"width":0,"x":848,"y":80},{"height":0,"id":23,"name":"","polyline":[{"x":0,"y":0},{"x":0,"y":160}],"properties":{"barWidth":6.4},"propertytypes":{"barWidth":"float"},"rotation":0,"type":"hanging","visible":true,"width":0,"x":848,"y":528}],"opacity":1,"type":"objectgroup","visible":true,"x":0,"y":0}],"nextobjectid":27,"orientation":"orthogonal","renderorder":"right-down","tiledversion":"1.1.3","tileheight":32,"tilesets":[{"firstgid":1,"source":"../../../assets/tilemaps/tilesets/Ground.json"},{"firstgid":16,"source":"../../../assets/tilemaps/tilesets/Chars.json"}],"tilewidth":32,"type":"map","version":1,"width":39}