{"height":29,"infinite":false,"layers":[{"data":[1,1,1,1,1,1,1,1,1,1,1,1,1,1,1,1,1,1,1,1,1,1,1,1,1,1,1,1,1,1,1,1,1,1,1,1,1,1,1,1,0,0,0,0,0,0,0,0,0,0,0,0,0,0,0,0,0,0,1,0,0,0,0,0,0,0,0,0,0,0,0,0,0,0,0,0,0,1,1,0,0,0,0,0,0,0,0,0,0,0,0,0,0,0,0,0,0,1,0,0,0,0,0,0,0,0,0,0,0,0,0,0,0,0,0,0,1,1,0,0,0,0,0,0,0,0,0,0,0,0,0,0,0,0,0,2,1,3,0,0,0,0,0,0,0,0,0,0,0,0,0,0,0,0,0,1,1,1,1,1,3,0,0,0,0,0,0,0,0,0,0,0,0,2,1,1,1,3,0,0,0,0,0,0,0,0,0,0,0,0,2,1,1,1,1,1,1,1,1,1,3,0,0,0,0,0,0,0,0,0,0,0,4,5,0,4,5,0,0,0,0,0,0,0,0,0,0,0,2,1,1,1,1,1,1,1,1,1,1,1,3,0,0,0,0,0,0,0,0,0,0,0,0,0,0,0,0,0,0,0,0,0,0,0,0,0,2,1,1,1,1,1,1,1,5,0,0,0,4,1,3,0,0,0,0,0,0,0,0,0,0,0,0,0,0,0,0,0,0,0,0,0,0,0,2,1,5,0,0,0,4,1,1,0,0,0,0,0,4,1,3,0,0,0,0,0,0,0,0,0,0,0,0,0,0,0,0,0,0,0,0,0,2,1,5,0,0,0,0,0,1,1,0,0,0,0,0,0,4,1,1,8,8,8,8,8,8,1,3,0,0,0,2,1,8,8,8,8,8,8,1,1,5,0,0,0,0,0,0,1,1,0,0,0,0,0,0,0,0,0,0,0,0,0,0,0,0,0,0,0,0,0,0,0,0,0,0,0,0,0,0,0,0,0,0,0,0,0,1,1,0,0,0,0,0,0,0,0,0,0,0,0,0,0,0,0,0,0,0,0,0,0,0,0,0,0,0,0,0,0,0,0,0,0,0,0,0,1,1,0,0,2,1,3,0,0,0,0,0,0,0,0,0,0,0,0,2,1,3,0,0,0,0,0,0,0,0,0,0,0,0,2,1,3,0,0,1,1,0,0,4,1,1,3,0,0,0,2,1,1,3,0,0,0,2,1,1,1,3,0,0,0,2,1,1,3,0,0,0,2,1,1,5,0,0,1,1,0,0,0,4,1,1,1,1,1,1,1,1,1,1,1,1,5,0,0,0,4,1,1,1,1,1,1,1,1,1,1,1,1,5,0,0,0,1,1,0,0,0,0,0,0,0,0,0,0,0,0,0,0,0,0,0,0,0,0,0,0,0,0,0,0,0,0,0,0,0,0,0,0,0,0,0,1,1,3,0,0,0,0,0,0,0,0,0,0,0,0,0,0,0,0,0,0,0,0,0,0,0,0,0,0,0,0,0,0,0,0,0,0,0,2,1,1,1,3,0,0,0,0,0,0,0,0,2,1,1,1,1,1,1,1,1,1,1,1,1,1,1,1,3,0,0,0,0,0,0,0,0,2,1,1,1,1,1,3,0,0,0,0,0,0,2,1,1,1,5,0,0,0,0,0,0,0,0,0,4,1,1,1,3,0,0,0,0,0,0,2,1,1,1,1,1,1,1,1,1,1,0,0,2,1,1,1,5,0,0,0,0,0,0,0,0,0,0,0,4,1,1,1,3,0,0,1,1,1,1,1,1,1,1,1,1,1,1,1,1,0,0,1,1,1,5,0,0,0,0,0,0,0,0,0,0,0,0,0,4,1,1,1,0,0,1,1,1,1,1,1,1,1,5,0,0,0,0,0,0,0,1,1,1,1,1,1,1,1,3,0,0,0,2,1,1,1,1,1,1,1,1,0,0,0,0,0,0,0,4,1,1,0,0,0,0,0,0,0,0,1,1,1,1,1,1,1,1,1,3,0,2,1,1,1,1,1,1,1,1,1,0,0,0,0,0,0,0,0,1,1,0,0,0,0,0,0,0,2,5,0,0,0,0,0,0,0,4,1,1,1,5,0,0,0,0,0,0,0,4,3,0,0,0,0,0,0,0,1,1,0,0,0,2,1,1,1,5,0,0,0,0,0,0,0,0,0,4,1,5,0,0,0,0,0,0,0,0,0,4,1,1,1,3,0,0,0,1,1,0,0,0,0,0,0,0,0,0,0,0,0,0,0,0,0,0,0,1,0,0,0,0,0,0,0,0,0,0,0,0,0,0,0,0,0,0,1,1,3,0,0,0,0,0,0,0,0,0,0,0,0,0,0,0,0,0,1,0,0,0,0,0,0,0,0,0,0,0,0,0,0,0,0,0,2,1,1,1,1,3,0,0,0,0,0,2,1,1,1,1,3,0,0,0,0,1,0,0,0,0,2,1,1,1,1,3,0,0,0,0,0,2,1,1,1,1,1,1,1,1,1,1,1,1,1,1,1,1,1,1,1,1,1,1,1,1,1,1,1,1,1,1,1,1,1,1,1,1,1,1,1,1,1,1],"height":29,"name":"Ground","opacity":1,"type":"tilelayer","visible":true,"width":39,"x":0,"y":0},{"draworder":"topdown","name":"Chars","objects":[{"gid":16,"height":64,"id":1,"name":"","rotation":0,"type":"","visible":true,"width":64,"x":1136,"y":128},{"gid":17,"height":64,"id":2,"name":"","rotation":0,"type":"","visible":true,"width":64,"x":48,"y":128},{"gid":21,"height":64,"id":3,"name":"","rotation":0,"type":"","visible":true,"width":64,"x":192,"y":176},{"gid":21,"height":64,"id":4,"name":"","rotation":0,"type":"","visible":true,"width":64,"x":272,"y":256},{"gid":20,"height":64,"id":5,"name":"","rotation":0,"type":"","visible":true,"width":64,"x":992,"y":176},{"gid":20,"height":64,"id":6,"name":"","rotation":0,"type":"","visible":true,"width":64,"x":912,"y":256},{"gid":20,"height":64,"id":7,"name":"","rotation":0,"type":"","visible":true,"width":64,"x":48,"y":384},{"gid":20,"height":64,"id":8,"name":"","rotation":0,"type":"","visible":true,"width":64,"x":240,"y":432},{"gid":20,"height":64,"id":9,"name":"","rotation":0,"type":"","visible":true,"width":64,"x":480,"y":432},{"gid":20,"height":64,"id":10,"name":"","rotation":0,"type":"","visible":true,"width":64,"x":632,"y":528},{"gid":20,"height":64,"id":11,"name":"","rotation":0,"type":"","visible":true,"width":64,"x":952,"y":632},{"gid":20,"height":64,"id":12,"name":"","rotation":0,"type":"","visible":true,"width":64,"x":1104,"y":784},{"gid":20,"height":64,"id":13,"name":"","rotation":0,"type":"","visible":true,"width":64,"x":992,"y":880},{"gid":20,"height":64,"id":14,"name":"","rotation":0,"type":"","visible":true,"width":64,"x":832,"y":848},{"gid":21,"height":64,"id":15,"name":"","rotation":0,"type":"","visible":true,"width":64,"x":352,"y":848},{"gid":21,"height":64,"id":16,"name":"","rotation":0,"type":"","visible":true,"width":64,"x":192,"y":880},{"gid":21,"height":64,"id":17,"name":"","rotation":0,"type":"","visible":true,"width":64,"x":80,"y":784},{"gid":21,"height":64,"id":18,"name":"","rotation":0,"type":"","visible":true,"width":64,"x":232,"y":632},{"gid":21,"height":64,"id":19,"name":"","rotation":0,"type":"","visible":true,"width":64,"x":552,"y":528},{"gid":21,"height":64,"id":20,"name":"","rotation":0,"type":"","visible":true,"width":64,"x":704,"y":432},{"gid":21,"height":64,"id":21,"name":"","rotation":0,"type":"","visible":true,"width":64,"x":944,"y":432},{"gid":21,"height":64,"id":22,"name":"","rotation":0,"type":"","visible":true,"width":64,"x":1136,"y":384},{"gid":19,"height":64,"id":23,"name":"","rotation":0,"type":"","visible":true,"width":64,"x":512,"y":896},{"gid":18,"height":64,"id":24,"name":"","rotation":0,"type":"","visible":true,"width":64,"x":672,"y":896},{"gid":20,"height":64,"id":25,"name":"","rotation":0,"type":"","visible":true,"width":64,"x":144,"y":592},{"gid":21,"height":64,"id":26,"name":"","rotation":0,"type":"","visible":true,"width":64,"x":1040,"y":592}],"opacity":1,"type":"objectgroup","visible":true,"x":0,"y":0},{"draworder":"topdown","name":"Objects","objects":[],"opacity":1,"type":"objectgroup","visible":true,"x":0,"y":0}],"nextobjectid":27,"orientation":"orthogonal","renderorder":"right-down","tiledversion":"1.1.3","tileheight":32,"tilesets":[{"firstgid":1,"source":"../../../assets/tilemaps/tilesets/Ground.json"},{"firstgid":16,"source":"../../../assets/tilemaps/tilesets/Chars.json"}],"tilewidth":32,"type":"map","version":1,"width":39}