{"height":29,"infinite":false,"layers":[{"data":[1,1,1,1,1,1,1,1,1,1,1,1,1,1,1,1,1,1,1,1,1,1,1,1,1,1,1,1,1,1,1,1,1,1,1,1,1,1,1,1,5,0,0,0,0,0,0,0,0,0,0,0,0,4,1,5,0,4,1,0,0,0,0,0,0,0,0,0,0,0,0,0,0,0,0,0,4,1,1,0,0,0,0,0,0,0,0,0,0,0,0,0,0,1,0,0,0,1,0,0,0,0,0,0,0,0,0,0,0,0,0,0,0,0,0,0,1,1,0,0,0,0,0,0,0,0,0,0,0,0,0,0,1,0,0,0,1,0,0,1,1,1,1,1,1,6,6,6,6,6,3,0,0,0,0,1,1,0,0,0,0,0,0,0,0,0,0,0,0,0,2,1,3,0,2,5,0,0,0,4,1,1,1,1,1,1,1,1,1,1,3,0,0,0,1,1,1,0,0,0,2,1,1,1,1,1,1,1,1,1,1,1,1,1,0,0,0,0,0,0,0,0,0,0,0,0,0,0,0,0,0,0,0,1,1,0,0,0,0,0,0,0,0,0,0,0,0,0,0,4,1,1,1,0,0,0,0,0,0,0,0,0,0,0,0,0,0,0,0,0,0,0,1,1,0,0,0,0,0,0,0,0,0,0,0,0,0,0,0,4,1,1,3,0,0,0,0,0,0,0,0,0,2,3,0,0,0,0,0,0,2,1,1,0,0,0,0,0,0,0,0,0,0,0,0,0,0,0,0,4,1,1,1,1,1,1,3,0,0,0,0,4,1,3,0,0,2,1,1,1,1,1,1,1,1,1,0,0,0,0,0,0,0,0,0,0,0,0,0,0,0,0,0,0,0,0,0,0,0,0,0,1,1,0,0,0,0,0,4,1,1,1,1,1,5,0,0,0,0,0,0,0,0,0,0,0,0,0,0,0,0,0,0,0,0,0,0,0,0,0,1,1,0,0,0,0,0,0,1,1,1,1,5,0,0,0,0,0,0,0,0,0,0,0,0,0,0,0,0,0,0,0,0,0,0,0,0,0,2,1,1,0,0,0,0,0,0,1,1,1,5,0,0,0,0,0,0,0,0,0,0,0,0,0,0,0,0,0,0,1,1,1,1,1,1,1,1,1,1,1,1,1,3,0,0,0,1,1,5,0,0,0,0,0,0,0,0,0,0,0,0,0,0,0,0,0,0,0,0,0,0,0,0,1,0,0,0,0,0,0,0,0,0,0,0,1,1,0,0,0,0,0,0,0,0,0,0,0,0,0,0,0,0,0,0,0,0,0,0,0,0,0,1,0,0,0,0,0,0,0,0,0,0,0,1,1,0,0,0,0,0,0,0,0,0,0,0,0,0,0,0,0,0,0,0,0,0,0,0,0,0,1,0,0,0,0,0,0,0,0,0,0,0,1,1,0,0,0,0,0,0,0,0,0,0,0,0,0,0,0,0,0,0,0,0,2,0,0,0,0,0,0,0,0,0,0,0,0,2,1,1,1,1,1,1,1,1,1,1,1,1,1,1,1,1,1,1,1,1,1,1,1,1,1,1,3,0,0,0,0,0,0,0,0,0,0,0,0,0,0,4,1,1,5,0,0,0,0,0,0,0,0,0,0,0,0,0,0,0,0,0,0,0,0,0,0,0,0,0,0,0,0,0,0,0,0,0,0,0,0,1,1,0,0,0,0,0,0,0,0,0,0,0,0,0,0,0,0,0,0,0,0,0,0,0,0,0,0,0,0,0,0,0,0,0,0,0,0,0,1,1,0,0,0,0,0,0,0,0,0,0,0,0,0,0,0,0,0,0,0,0,0,0,0,0,0,0,0,0,0,0,0,0,0,0,0,0,0,1,1,0,0,0,0,0,0,0,0,0,0,0,0,0,0,0,0,0,0,0,0,0,0,0,0,0,0,0,0,0,0,0,0,0,0,0,0,0,1,1,0,0,0,0,0,0,0,0,0,0,0,0,0,0,0,0,0,0,0,0,0,0,0,0,0,0,0,0,0,0,0,0,0,0,0,0,0,1,1,0,0,0,0,0,0,0,0,0,0,0,0,0,0,0,2,1,1,1,1,1,1,1,1,1,1,1,1,1,1,1,1,1,3,0,0,0,1,1,0,0,0,0,0,0,0,0,0,0,0,0,0,0,0,1,1,1,1,1,1,1,1,1,1,1,0,0,0,0,0,0,0,4,3,0,0,1,1,1,1,1,1,1,1,1,1,0,0,0,0,0,0,0,1,1,1,1,1,1,1,1,1,1,1,0,0,0,0,0,0,0,0,0,0,0,1,1,1,1,1,1,1,1,1,1,0,0,0,0,0,0,0,1,1,1,1,1,1,1,1,1,1,1,0,0,0,0,0,0,0,0,0,0,0,1,1,1,1,1,1,1,1,1,1,8,8,8,8,8,8,8,1,1,1,1,1,1,1,1,1,1,1,0,0,0,0,0,0,0,0,0,0,2,1,1,1,1,1,1,1,1,1,1,1,1,1,1,1,1,1,1,1,1,1,1,1,1,1,1,1,1,1,1,1,1,1,1,1,1,1,1,1,1],"height":29,"name":"Ground","opacity":1,"type":"tilelayer","visible":true,"width":39,"x":0,"y":0},{"draworder":"topdown","name":"Chars","objects":[{"gid":36,"height":64,"id":29,"name":"","rotation":0,"type":"","visible":true,"width":64,"x":112,"y":800},{"gid":35,"height":64,"id":30,"name":"","rotation":0,"type":"","visible":true,"width":64,"x":48,"y":800},{"gid":37,"height":64,"id":31,"name":"","rotation":0,"type":"","visible":true,"width":64,"x":240,"y":160},{"gid":38,"height":64,"id":32,"name":"","rotation":0,"type":"","visible":true,"width":64,"x":352,"y":160},{"gid":40,"height":64,"id":34,"name":"","rotation":0,"type":"","visible":true,"width":64,"x":944,"y":96},{"gid":40,"height":64,"id":35,"name":"","rotation":0,"type":"","visible":true,"width":64,"x":840,"y":328},{"gid":40,"height":64,"id":36,"name":"","rotation":0,"type":"","visible":true,"width":64,"x":720,"y":512},{"gid":40,"height":64,"id":37,"name":"","rotation":0,"type":"","visible":true,"width":64,"x":1120,"y":728},{"gid":39,"height":64,"id":38,"name":"","rotation":0,"type":"","visible":true,"width":64,"x":976,"y":864},{"gid":39,"height":64,"id":39,"name":"","rotation":0,"type":"","visible":true,"width":64,"x":608,"y":224},{"gid":39,"height":64,"id":40,"name":"","rotation":0,"type":"","visible":true,"width":64,"x":1120,"y":384},{"gid":39,"height":64,"id":41,"name":"","rotation":0,"type":"","visible":true,"width":64,"x":96,"y":528}],"opacity":1,"type":"objectgroup","visible":true,"x":0,"y":0},{"draworder":"topdown","name":"Objects","objects":[{"gid":18,"height":96,"id":8,"name":"","properties":{"group":5,"initialState":1,"length":13},"propertytypes":{"group":"int","initialState":"int","length":"float"},"rotation":0,"type":"","visible":true,"width":64,"x":160,"y":728},{"gid":23,"height":64,"id":18,"name":"","rotation":0,"type":"","visible":true,"width":64,"x":768,"y":96},{"gid":19,"height":64,"id":19,"name":"","properties":{"group":1},"propertytypes":{"group":"int"},"rotation":0,"type":"","visible":true,"width":64,"x":832,"y":128},{"gid":19,"height":64,"id":20,"name":"","rotation":0,"type":"","visible":true,"width":64,"x":864,"y":416},{"gid":21,"height":64,"id":21,"name":"","properties":{"group":4},"propertytypes":{"group":"int"},"rotation":0,"type":"","visible":true,"width":64,"x":896,"y":928},{"gid":23,"height":64,"id":22,"name":"","rotation":0,"type":"","visible":true,"width":64,"x":704,"y":384},{"height":32,"id":23,"name":"","rotation":0,"type":"platform","visible":true,"width":96,"x":1120,"y":768},{"height":32,"id":25,"name":"","properties":{"dx":-2,"group":1},"propertytypes":{"dx":"int","group":"int"},"rotation":0,"type":"platform","visible":true,"width":96,"x":640,"y":96},{"height":32,"id":26,"name":"","properties":{"dx":0,"dy":4,"group":4},"propertytypes":{"dx":"int","dy":"int","group":"int"},"rotation":0,"type":"platform","visible":true,"width":128,"x":64,"y":160},{"height":96,"id":27,"name":"","rotation":0,"type":"platform","visible":true,"width":32,"x":160,"y":192},{"height":0,"id":46,"name":"","polygon":[{"x":-16,"y":0},{"x":192,"y":-72},{"x":192,"y":0},{"x":186,"y":0}],"rotation":0,"type":"roman","visible":true,"width":0,"x":624,"y":736},{"height":0,"id":48,"name":"","polygon":[{"x":0,"y":0},{"x":0,"y":-80},{"x":200,"y":0}],"rotation":0,"type":"roman","visible":true,"width":0,"x":400,"y":544}],"opacity":1,"type":"objectgroup","visible":true,"x":0,"y":0}],"nextobjectid":49,"orientation":"orthogonal","renderorder":"right-down","tiledversion":"1.1.3","tileheight":32,"tilesets":[{"firstgid":1,"source":"../../../assets/tilemaps/tilesets/Ground.json"},{"firstgid":16,"source":"../../../assets/tilemaps/tilesets/LargeObjects.json"},{"firstgid":19,"source":"../../../assets/tilemaps/tilesets/Objects.json"},{"firstgid":35,"source":"../../../assets/tilemaps/tilesets/Chars.json"}],"tilewidth":32,"type":"map","version":1,"width":39}