{"height":29,"infinite":false,"layers":[{"data":[1,1,1,1,1,1,1,1,1,1,1,1,1,1,1,1,1,1,1,1,1,1,1,1,1,1,1,1,1,1,1,1,1,1,1,1,1,1,1,1,1,5,0,0,0,0,0,0,0,0,0,0,0,0,0,0,0,0,0,0,0,4,5,0,0,0,0,0,0,0,0,0,0,0,0,4,1,1,1,1,0,0,0,0,0,0,0,0,0,0,0,0,0,0,0,0,0,0,0,0,0,0,0,0,0,0,0,0,0,0,0,0,0,0,0,4,1,1,1,0,0,0,0,0,0,0,0,0,0,0,0,0,0,0,0,0,0,0,0,0,0,2,1,1,1,1,1,3,0,0,0,0,0,0,0,1,1,1,0,0,0,0,0,0,0,0,0,0,0,0,0,0,1,1,1,1,1,1,1,1,1,5,0,0,0,0,0,0,0,0,0,0,0,0,1,1,1,0,0,0,0,0,2,1,1,1,1,1,3,0,0,0,0,0,0,0,0,0,0,0,0,0,0,0,0,0,0,0,0,0,0,0,0,1,1,1,0,2,1,1,1,5,0,0,0,0,0,0,0,0,0,0,0,0,0,0,0,0,0,0,2,1,1,1,1,1,3,0,0,0,0,0,1,1,1,0,0,0,0,0,0,0,0,0,0,0,0,0,0,0,2,1,1,1,1,1,1,1,1,1,0,2,5,0,0,0,0,0,0,0,0,1,1,1,0,0,0,0,0,0,0,0,0,0,0,0,0,0,0,1,1,0,0,3221225475,3221225473,3221225474,0,0,1,2,5,0,0,0,0,0,0,0,0,0,1,1,1,0,0,0,0,0,2,1,1,1,1,0,0,0,0,0,0,1,3,0,0,0,0,0,2,1,5,0,0,0,0,0,2,1,1,1,1,1,1,1,0,2,1,1,1,1,1,1,1,1,0,0,0,0,0,0,1,5,0,0,0,0,0,4,1,0,0,0,0,0,2,5,0,0,0,0,1,1,1,0,1,1,1,1,1,1,1,1,1,0,0,0,0,0,0,1,0,0,2,1,3,0,0,1,0,0,0,0,2,1,0,0,0,0,0,1,1,1,0,1,0,0,0,0,0,0,0,1,0,0,0,0,0,0,1,1,1,1,1,1,1,1,5,0,0,0,2,1,1,0,0,0,0,0,1,1,1,0,1,0,0,0,0,0,0,0,1,1,1,3,0,0,0,1,1,5,0,0,0,0,0,0,0,0,0,0,0,0,0,0,0,0,0,1,1,1,0,4,0,0,0,1,0,0,0,1,5,0,4,1,1,1,1,1,0,0,0,0,0,0,0,0,0,0,0,0,0,0,0,0,0,0,1,1,1,3,0,0,0,0,1,0,0,0,1,0,0,0,0,0,0,1,1,0,0,0,0,0,0,2,1,1,6,6,6,6,6,6,6,0,0,1,1,5,4,3,0,0,0,1,0,0,0,1,0,0,0,0,0,0,4,5,0,0,0,0,0,2,5,0,4,1,1,1,1,1,1,5,0,0,1,1,0,0,1,0,0,0,1,0,0,0,1,0,0,0,0,0,0,0,0,0,0,0,0,0,0,0,0,0,0,0,0,0,4,1,0,0,2,1,1,0,0,1,0,0,0,1,0,0,0,1,0,0,0,0,0,0,0,0,0,0,0,0,0,0,0,0,0,0,0,0,0,0,1,0,0,0,1,1,0,0,1,0,0,0,1,0,0,0,1,0,0,0,0,0,0,0,0,0,0,0,0,0,0,0,0,0,0,0,0,0,0,1,0,0,0,1,1,0,0,1,0,0,0,1,0,0,0,1,1,1,3,0,0,0,6,6,6,6,6,6,1,1,0,0,0,2,0,0,0,2,1,3,0,0,1,1,1,1,1,0,0,0,1,0,0,0,0,0,0,4,0,0,0,0,0,0,0,0,0,0,1,1,1,1,1,0,0,2,1,1,0,0,0,1,1,5,0,4,1,1,1,1,0,0,0,0,0,0,0,0,0,0,0,0,0,0,0,0,0,1,0,0,0,0,0,0,1,1,1,0,0,0,1,1,0,0,0,0,0,0,4,0,0,0,0,0,0,0,0,0,0,0,0,0,0,0,0,0,1,0,0,0,0,0,0,1,5,0,0,0,2,1,1,0,0,0,0,0,0,0,0,0,0,0,1,1,1,1,1,1,1,1,1,0,0,0,0,1,0,0,0,0,0,0,1,0,0,0,0,1,1,1,0,0,0,0,0,0,0,0,0,0,0,0,0,0,0,0,0,0,0,0,0,0,0,0,1,0,0,0,0,0,0,1,0,0,0,0,1,1,1,3,0,0,0,0,0,0,0,0,0,0,0,0,0,0,0,0,0,0,0,0,0,0,0,1,0,0,0,0,0,0,1,0,0,0,2,1,1,1,1,1,1,1,1,1,1,0,0,0,1,1,1,1,1,1,3,0,0,0,1,3,0,2,1,0,0,0,0,0,0,1,3,0,0,1,1,1,1,1,1,1,1,1,1,1,1,1,1,1,1,1,1,1,1,1,1,1,1,1,1,1,1,1,1,1,1,1,1,1,1,1,1,1,1,1,1],"height":29,"name":"Ground","opacity":1,"type":"tilelayer","visible":true,"width":39,"x":0,"y":0},{"draworder":"topdown","name":"Chars","objects":[{"gid":16,"height":64,"id":1,"name":"","rotation":0,"type":"","visible":true,"width":64,"x":864,"y":480},{"gid":17,"height":64,"id":2,"name":"","rotation":0,"type":"","visible":true,"width":64,"x":512,"y":768},{"gid":18,"height":64,"id":3,"name":"","rotation":0,"type":"","visible":true,"width":64,"x":848,"y":896},{"gid":19,"height":64,"id":4,"name":"","rotation":0,"type":"","visible":true,"width":64,"x":944,"y":896},{"gid":22,"height":64,"id":18,"name":"","rotation":0,"type":"","visible":true,"width":64,"x":1072,"y":832}],"opacity":1,"type":"objectgroup","visible":true,"x":0,"y":0},{"draworder":"topdown","name":"Objects","objects":[{"gid":34,"height":64,"id":5,"name":"","rotation":0,"type":"","visible":true,"width":64,"x":864,"y":96},{"gid":34,"height":64,"id":6,"name":"","rotation":0,"type":"","visible":true,"width":64,"x":864,"y":192},{"gid":34,"height":64,"id":7,"name":"","rotation":0,"type":"","visible":true,"width":64,"x":128,"y":864},{"gid":24,"height":64,"id":8,"name":"","properties":{"group":2},"propertytypes":{"group":"int"},"rotation":0,"type":"","visible":true,"width":64,"x":720,"y":928},{"gid":24,"height":64,"id":9,"name":"","properties":{"group":1},"propertytypes":{"group":"int"},"rotation":0,"type":"","visible":true,"width":64,"x":144,"y":736},{"gid":24,"height":64,"id":10,"name":"","rotation":0,"type":"","visible":true,"width":64,"x":1120,"y":320},{"height":32,"id":11,"name":"","properties":{"dx":-3},"propertytypes":{"dx":"int"},"rotation":0,"type":"platform","visible":true,"width":96,"x":416,"y":128},{"height":32,"id":12,"name":"","properties":{"dx":0,"dy":3},"propertytypes":{"dx":"int","dy":"int"},"rotation":0,"type":"platform","visible":true,"width":160,"x":384,"y":352},{"height":32,"id":13,"name":"","properties":{"dx":3,"group":1},"propertytypes":{"dx":"int","group":"int"},"rotation":0,"type":"platform","visible":true,"width":96,"x":960,"y":672},{"height":32,"id":14,"name":"","properties":{"dx":3,"group":2},"propertytypes":{"dx":"int","group":"int"},"rotation":0,"type":"platform","visible":true,"width":96,"x":1120,"y":736},{"height":0,"id":19,"name":"","polyline":[{"x":0,"y":-40},{"x":0,"y":-216},{"x":128,"y":-216},{"x":128,"y":256}],"rotation":0,"type":"pulley","visible":true,"width":0,"x":176,"y":616}],"opacity":1,"type":"objectgroup","visible":true,"x":0,"y":0}],"nextobjectid":20,"orientation":"orthogonal","renderorder":"right-down","tiledversion":"1.1.3","tileheight":32,"tilesets":[{"firstgid":1,"source":"../../../assets/tilemaps/tilesets/Ground.json"},{"firstgid":16,"source":"../../../assets/tilemaps/tilesets/Chars.json"},{"firstgid":24,"source":"../../../assets/tilemaps/tilesets/Objects.json"}],"tilewidth":32,"type":"map","version":1,"width":39}