{"height":29,"infinite":false,"layers":[{"data":[1,1,1,1,1,1,1,1,1,1,1,1,1,1,1,1,1,1,1,1,1,1,1,1,1,1,1,1,1,1,1,1,1,1,1,1,1,1,1,1,1,1,1,5,0,0,0,0,0,0,1,0,0,0,0,0,0,0,0,0,0,0,0,0,0,0,0,0,0,0,0,0,0,0,4,1,1,1,1,1,1,5,0,0,0,0,0,0,0,1,0,0,0,0,0,0,0,0,0,0,0,0,0,0,0,0,0,0,0,0,0,0,0,0,4,1,1,1,0,0,0,0,0,0,0,0,0,0,1,0,0,0,0,0,0,0,0,0,0,0,0,0,0,0,0,0,0,0,0,0,0,0,0,0,4,1,1,0,0,0,0,0,0,0,0,0,0,1,1,1,1,1,1,1,1,1,1,1,1,1,1,3,0,0,0,0,0,0,0,0,0,0,0,0,1,1,1,1,3,0,0,0,0,0,0,0,1,0,0,0,0,0,0,1,0,0,0,0,0,0,0,0,0,0,0,0,0,0,0,0,0,0,0,1,1,1,1,1,1,1,5,0,0,0,0,1,0,0,0,0,0,0,1,0,0,0,0,0,0,0,0,0,0,0,0,0,0,0,0,0,0,0,1,1,1,1,1,1,5,0,0,0,0,0,1,0,0,0,0,0,0,1,0,0,0,0,0,0,0,0,0,0,0,0,0,0,0,0,0,0,0,1,1,1,1,1,5,0,0,0,0,0,0,1,0,0,0,0,0,0,4,1,1,1,1,1,1,1,1,1,1,1,1,1,1,0,0,0,0,0,1,1,1,1,5,0,0,0,0,0,0,0,1,0,0,0,0,0,0,0,0,0,0,0,0,0,0,0,0,0,1,0,0,0,0,0,0,0,0,1,1,1,5,0,0,0,0,0,0,0,0,1,0,0,0,0,0,0,0,0,0,0,0,0,0,0,0,0,0,1,0,0,0,0,0,2,1,1,1,1,5,0,0,0,0,0,0,0,0,0,1,0,0,0,0,0,0,0,0,0,0,0,0,0,0,0,0,0,1,0,0,0,0,0,0,0,0,1,1,0,0,0,0,0,0,0,0,0,0,1,1,1,1,1,1,1,1,1,3,0,0,0,0,0,0,0,0,1,0,0,0,0,0,0,0,0,1,1,0,0,0,0,0,0,0,0,0,2,1,1,5,0,0,0,0,0,0,4,3,0,0,0,0,0,0,0,1,1,1,1,1,1,3,0,0,1,1,0,0,0,0,0,0,0,0,2,1,1,5,0,0,0,0,0,0,0,0,4,3,0,0,0,0,0,2,5,0,0,0,0,0,1,0,0,1,1,0,0,0,0,0,0,0,0,0,0,0,0,0,0,0,0,0,0,0,0,0,0,0,0,0,2,1,1,0,0,0,0,0,0,0,0,0,1,1,0,0,0,0,0,0,0,0,0,0,0,0,0,0,0,0,0,0,0,0,0,0,0,0,0,0,4,1,3,0,0,0,0,0,0,0,0,1,1,0,0,0,0,0,0,0,0,0,0,0,0,0,0,0,0,0,0,0,0,0,0,0,0,0,0,0,0,4,1,1,1,0,0,0,0,1,1,1,0,0,0,0,0,0,0,0,0,0,0,0,0,0,0,0,0,0,0,0,0,0,0,0,0,0,0,0,0,4,1,1,0,0,0,2,1,1,1,0,0,0,0,0,0,0,0,0,0,0,0,0,0,0,0,0,0,0,0,0,0,0,2,1,1,3,0,0,0,0,4,3,0,0,0,0,1,1,0,0,0,0,0,0,0,0,0,0,0,0,0,0,0,0,0,0,0,0,0,0,0,0,0,0,4,3,0,0,0,0,0,0,0,0,0,1,1,3,0,0,0,0,0,0,0,0,0,0,0,0,0,0,0,0,0,1,1,1,3,0,0,0,0,0,4,3,0,0,0,0,0,0,0,0,1,1,1,1,1,1,1,1,1,1,3,0,0,0,0,0,0,0,0,0,0,0,0,4,3,0,0,0,0,0,4,1,1,1,1,1,1,1,1,1,1,1,1,1,1,1,0,0,0,4,3,0,0,0,0,0,0,0,0,0,0,0,0,4,3,0,0,0,0,0,1,0,0,0,0,0,0,0,1,1,1,1,1,1,5,0,0,0,0,4,3,0,0,0,0,0,0,0,0,0,0,0,0,4,3,0,0,0,0,1,0,0,0,0,0,0,2,1,1,1,1,5,0,0,0,0,0,0,0,0,0,0,0,0,0,0,0,0,0,0,0,0,0,4,3,0,0,0,1,0,0,0,0,0,2,1,1,1,0,0,0,0,0,0,0,0,0,0,0,0,0,0,0,0,0,0,0,0,0,0,0,0,0,0,0,0,0,1,0,0,0,0,2,1,1,1,1,0,0,0,0,0,0,0,0,0,0,0,0,0,0,0,0,0,0,0,0,0,0,0,0,0,0,0,0,0,1,0,0,0,2,1,1,1,1,1,1,1,1,1,1,1,1,1,1,1,1,1,1,1,1,1,1,1,1,1,1,1,1,1,1,1,1,1,1,1,1,1,1,1,1,1,1,1],"height":29,"name":"Ground","opacity":1,"type":"tilelayer","visible":true,"width":39,"x":0,"y":0},{"draworder":"topdown","name":"Chars","objects":[{"gid":16,"height":64,"id":1,"name":"","rotation":0,"type":"","visible":true,"width":64,"x":184,"y":894},{"gid":17,"height":64,"id":2,"name":"","rotation":0,"type":"","visible":true,"width":64,"x":576,"y":896},{"gid":18,"height":64,"id":3,"name":"","rotation":0,"type":"","visible":true,"width":64,"x":416,"y":384},{"gid":19,"height":64,"id":5,"name":"","rotation":0,"type":"","visible":true,"width":64,"x":528,"y":384},{"gid":22,"height":64,"id":18,"name":"","rotation":0,"type":"","visible":true,"width":64,"x":944,"y":528}],"opacity":1,"type":"objectgroup","visible":true,"x":0,"y":0},{"draworder":"topdown","name":"Objects","objects":[{"gid":30,"height":64,"id":6,"name":"","properties":{"group":41},"propertytypes":{"group":"int"},"rotation":90,"type":"","visible":true,"width":64,"x":3,"y":835},{"gid":30,"height":64,"id":7,"name":"","properties":{"group":4},"propertytypes":{"group":"int"},"rotation":-90,"type":"","visible":true,"width":64,"x":992,"y":896},{"gid":35,"height":64,"id":8,"name":"","rotation":0,"type":"","visible":true,"width":64,"x":192,"y":704},{"gid":35,"height":64,"id":9,"name":"","rotation":0,"type":"","visible":true,"width":64,"x":408,"y":896},{"gid":35,"height":64,"id":10,"name":"","rotation":90,"type":"","visible":true,"width":64,"x":320,"y":832},{"gid":28,"height":64,"id":11,"name":"","properties":{"initialState":1},"propertytypes":{"initialState":"int"},"rotation":0,"type":"","visible":true,"width":64,"x":0,"y":160},{"gid":34,"height":64,"id":12,"name":"","properties":{"group":2},"propertytypes":{"group":"int"},"rotation":-16.6760850681113,"type":"","visible":true,"width":64,"x":266.528587236085,"y":167.836897895313},{"gid":34,"height":64,"id":13,"name":"","properties":{"group":5},"propertytypes":{"group":"int"},"rotation":0,"type":"","visible":true,"width":64,"x":496,"y":512},{"height":0,"id":14,"name":"","polyline":[{"x":0,"y":0},{"x":312,"y":0}],"properties":{"group":2},"propertytypes":{"group":"int"},"rotation":0,"type":"slider","visible":true,"width":0,"x":448,"y":104},{"height":0,"id":15,"name":"","polyline":[{"x":0,"y":0},{"x":320,"y":0}],"properties":{"group":5},"propertytypes":{"group":"int"},"rotation":0,"type":"slider","visible":true,"width":0,"x":672,"y":232},{"height":96,"id":16,"name":"","properties":{"dx":0,"dy":3,"group":4},"propertytypes":{"dx":"int","dy":"int","group":"int"},"rotation":0,"type":"platform","visible":true,"width":32,"x":608,"y":288},{"height":96,"id":17,"name":"","properties":{"dx":0,"dy":3,"group":41},"propertytypes":{"dx":"int","dy":"int","group":"int"},"rotation":0,"type":"platform","visible":true,"width":32,"x":1024,"y":448}],"opacity":1,"type":"objectgroup","visible":true,"x":0,"y":0}],"nextobjectid":19,"orientation":"orthogonal","renderorder":"right-down","tiledversion":"1.1.3","tileheight":32,"tilesets":[{"firstgid":1,"source":"../../../assets/tilemaps/tilesets/Ground.json"},{"firstgid":16,"source":"../../../assets/tilemaps/tilesets/Chars.json"},{"firstgid":23,"source":"../../../assets/tilemaps/tilesets/Objects.json"}],"tilewidth":32,"type":"map","version":1,"width":39}