{"height":29,"infinite":false,"layers":[{"data":[1,1,1,1,1,1,1,1,1,1,1,1,1,1,1,1,1,1,1,1,1,1,1,1,1,1,1,1,1,1,1,1,1,1,1,1,1,1,1,1,0,0,0,0,0,0,4,1,1,1,1,1,1,1,1,5,0,4,1,5,0,4,1,1,1,1,1,1,1,1,5,0,0,0,0,0,0,1,1,0,0,0,0,0,0,0,0,0,0,0,0,0,0,0,0,0,0,0,0,0,0,0,0,0,0,0,0,0,0,0,0,0,0,0,0,0,1,1,0,0,0,0,0,0,0,0,0,0,0,0,0,0,0,0,0,0,0,0,0,0,0,0,0,0,0,0,0,0,0,0,0,0,0,0,0,1,1,1,1,3,0,0,0,0,0,0,0,0,0,0,0,0,0,0,0,0,0,0,0,0,0,0,0,0,0,0,0,0,0,0,0,2,1,1,1,1,5,0,4,3,0,0,0,0,0,0,0,0,0,0,0,0,0,0,0,0,0,0,0,0,0,0,0,0,0,0,0,0,0,2,5,0,4,1,1,0,0,0,4,3,0,0,0,0,0,0,0,0,0,0,0,0,0,0,0,0,0,0,0,0,0,0,0,0,0,0,0,2,5,0,0,0,1,1,0,0,0,0,4,3,0,0,0,0,0,0,0,0,0,0,0,0,0,0,0,0,0,0,0,0,0,0,0,0,0,2,5,0,0,0,0,1,1,0,0,0,0,0,4,0,0,0,0,0,0,0,0,0,0,0,0,0,0,0,0,0,0,0,0,0,0,0,0,0,5,0,0,0,0,0,1,1,0,0,0,0,0,0,0,0,0,0,0,0,0,0,0,0,0,0,0,0,0,0,0,0,0,0,0,0,0,0,0,0,0,0,0,0,0,1,1,0,0,0,0,0,0,0,0,7,7,7,7,1,1,1,1,0,0,0,0,0,1,1,1,1,6,6,6,6,0,0,0,0,0,0,0,0,1,1,0,0,0,0,0,0,0,0,1,1,1,1,1,1,1,1,0,0,0,0,0,1,1,1,1,1,1,1,1,0,0,0,0,0,0,0,0,1,1,0,0,4,7,7,7,7,7,1,1,1,5,0,4,1,1,0,0,0,0,0,1,1,5,0,4,1,1,1,6,6,6,6,6,5,0,0,1,1,0,0,0,4,1,1,1,1,1,1,5,0,0,0,4,1,8,8,8,8,8,1,5,0,0,0,4,1,1,1,1,1,1,5,0,0,0,1,1,3,0,0,0,4,1,1,1,1,5,0,0,0,0,0,0,0,0,0,0,0,0,0,0,0,0,0,4,1,1,1,1,5,0,0,0,2,1,1,4,3,0,0,0,4,1,1,5,0,0,0,0,0,0,0,0,0,0,0,0,0,0,0,0,0,0,0,4,1,1,5,0,0,0,2,5,1,1,0,4,3,0,0,0,4,1,0,0,0,0,0,0,0,0,0,0,0,0,0,0,0,0,0,0,0,0,0,1,5,0,0,0,2,5,0,1,1,0,0,4,3,0,0,0,1,0,0,0,0,0,0,0,0,0,4,1,5,0,0,0,0,0,0,0,0,0,1,0,0,0,2,5,0,0,1,1,0,0,2,5,0,0,0,1,1,1,1,3,0,0,0,0,0,0,1,0,0,0,0,0,0,2,1,1,1,1,0,0,0,4,3,0,0,1,1,0,2,5,0,0,0,2,5,0,0,0,4,5,0,0,0,0,0,1,0,0,0,0,0,4,5,0,0,0,4,3,0,0,0,4,3,0,1,1,2,5,0,0,0,2,5,0,0,0,0,0,0,0,0,0,0,0,1,0,0,0,0,0,0,0,0,0,0,0,4,3,0,0,0,4,3,1,1,5,0,0,0,0,1,0,0,0,0,0,0,0,0,0,0,0,0,1,0,0,0,0,0,0,0,0,0,0,0,0,1,0,0,0,0,4,1,1,3,0,0,0,0,1,0,0,0,0,0,0,0,0,0,4,1,1,1,1,1,5,0,0,0,0,0,0,0,0,0,1,0,0,0,0,2,1,1,1,3,0,0,0,4,0,0,0,0,0,0,0,0,0,0,0,0,0,0,0,0,0,0,0,0,0,0,0,0,0,5,0,0,0,2,1,1,1,1,1,0,0,0,0,0,0,0,0,0,0,0,0,0,0,0,0,0,0,0,0,0,0,0,0,0,0,0,0,0,0,0,0,0,1,1,1,1,1,1,0,0,0,0,0,0,0,0,4,1,5,0,0,0,0,0,0,0,0,0,0,0,4,1,5,0,0,0,0,0,0,0,0,1,1,1,1,1,1,0,0,0,0,0,0,0,0,0,0,0,0,0,0,0,0,0,0,0,0,0,0,0,0,0,0,0,0,0,0,0,0,0,1,1,1,1,1,1,1,1,1,1,1,1,8,8,8,8,8,8,8,8,8,8,8,8,8,8,8,8,8,8,8,8,8,1,1,1,1,1,1,1,1,1,1,1,1,1,1,1,1,1,1,1,1,1,1,1,1,1,1,1,1,1,1,1,1,1,1,1,1,1,1,1,1,1,1,1,1,1,1,1,1],"height":29,"name":"Ground","opacity":1,"type":"tilelayer","visible":true,"width":39,"x":0,"y":0},{"draworder":"topdown","name":"Chars","objects":[{"gid":20,"height":64,"id":1,"name":"","rotation":0,"type":"","visible":true,"width":64,"x":96,"y":512},{"gid":20,"height":64,"id":2,"name":"","rotation":0,"type":"","visible":true,"width":64,"x":176,"y":608},{"gid":20,"height":64,"id":3,"name":"","rotation":0,"type":"","visible":true,"width":64,"x":352,"y":560},{"gid":20,"height":64,"id":4,"name":"","rotation":0,"type":"","visible":true,"width":64,"x":648,"y":528},{"gid":20,"height":64,"id":5,"name":"","rotation":0,"type":"","visible":true,"width":64,"x":640,"y":688},{"gid":20,"height":64,"id":6,"name":"","rotation":0,"type":"","visible":true,"width":64,"x":816,"y":784},{"gid":20,"height":64,"id":7,"name":"","rotation":0,"type":"","visible":true,"width":64,"x":992,"y":208},{"gid":20,"height":64,"id":8,"name":"","rotation":0,"type":"","visible":true,"width":64,"x":720,"y":304},{"gid":21,"height":64,"id":9,"name":"","rotation":0,"type":"","visible":true,"width":64,"x":192,"y":208},{"gid":21,"height":64,"id":10,"name":"","rotation":0,"type":"","visible":true,"width":64,"x":464,"y":304},{"gid":21,"height":64,"id":11,"name":"","rotation":0,"type":"","visible":true,"width":64,"x":536,"y":528},{"gid":21,"height":64,"id":12,"name":"","rotation":0,"type":"","visible":true,"width":64,"x":544,"y":688},{"gid":21,"height":64,"id":13,"name":"","rotation":0,"type":"","visible":true,"width":64,"x":832,"y":560},{"gid":21,"height":64,"id":14,"name":"","rotation":0,"type":"","visible":true,"width":64,"x":1008,"y":608},{"gid":21,"height":64,"id":15,"name":"","rotation":0,"type":"","visible":true,"width":64,"x":1088,"y":512},{"gid":21,"height":64,"id":16,"name":"","rotation":0,"type":"","visible":true,"width":64,"x":368,"y":784},{"gid":19,"height":64,"id":17,"name":"","rotation":0,"type":"","visible":true,"width":64,"x":128,"y":864},{"gid":18,"height":64,"id":18,"name":"","rotation":0,"type":"","visible":true,"width":64,"x":1056,"y":864},{"gid":16,"height":64,"id":19,"name":"","rotation":0,"type":"","visible":true,"width":64,"x":1152,"y":128},{"gid":17,"height":64,"id":20,"name":"","rotation":0,"type":"","visible":true,"width":64,"x":32,"y":128}],"opacity":1,"type":"objectgroup","visible":true,"x":0,"y":0},{"draworder":"topdown","name":"Objects","objects":[],"opacity":1,"type":"objectgroup","visible":true,"x":0,"y":0}],"nextobjectid":21,"orientation":"orthogonal","renderorder":"right-down","tiledversion":"1.1.3","tileheight":32,"tilesets":[{"firstgid":1,"source":"../../../assets/tilemaps/tilesets/Ground.json"},{"firstgid":16,"source":"../../../assets/tilemaps/tilesets/Chars.json"}],"tilewidth":32,"type":"map","version":1,"width":39}