{"height":29,"infinite":false,"layers":[{"data":[1,1,1,1,1,1,1,1,1,1,1,1,1,1,1,1,1,1,1,1,1,1,1,1,1,1,1,1,1,1,1,1,1,1,1,1,1,1,1,1,0,0,0,0,0,0,0,0,0,0,0,0,0,0,0,0,0,0,0,0,0,0,0,0,0,0,0,0,0,0,0,0,0,0,0,0,0,1,1,0,0,0,0,0,0,0,0,0,0,0,0,0,0,0,0,0,0,0,0,0,0,0,0,0,0,0,0,0,0,0,0,0,0,0,0,0,1,1,0,0,0,0,0,0,0,0,0,0,0,0,0,0,0,0,0,0,0,0,0,0,0,0,1,3,0,0,0,0,0,0,0,0,0,0,0,1,1,0,0,0,0,0,0,0,0,0,0,0,1,3,0,0,0,0,0,2,1,3,0,0,0,0,4,1,0,0,0,0,0,0,0,0,0,0,1,1,0,0,0,2,1,1,1,3,0,0,0,0,4,3,0,0,0,0,0,0,4,1,1,1,3,0,4,0,0,2,1,1,3,0,0,0,0,1,1,0,0,0,0,0,0,0,4,1,1,1,3,0,4,1,1,1,1,1,3,0,0,0,0,1,3,0,3,0,4,1,1,1,1,1,3,0,1,1,0,0,0,0,0,0,0,0,1,1,1,1,3,0,0,0,0,4,1,1,1,1,5,0,1,1,0,1,3,0,0,0,0,4,1,1,0,1,1,3,0,0,2,0,0,0,0,0,0,0,4,1,1,1,1,3,0,1,0,1,5,0,0,1,1,0,1,4,1,1,1,3,0,1,1,0,1,1,0,0,0,1,0,0,0,0,0,0,0,0,1,5,0,4,1,0,4,1,5,0,0,2,1,1,0,1,0,0,0,0,1,0,1,1,0,1,1,0,0,0,1,0,0,0,0,0,0,0,0,1,0,0,0,4,3,0,4,0,0,2,5,0,1,0,4,3,0,0,2,5,0,1,1,0,1,1,0,0,2,1,1,3,0,0,0,0,0,0,1,0,0,0,0,1,3,0,0,2,1,0,0,4,3,0,4,1,1,5,0,2,1,5,0,1,1,0,0,0,1,1,1,1,1,1,1,1,1,1,0,0,0,2,1,5,0,0,4,1,0,0,0,1,3,0,0,0,0,2,1,5,0,0,1,1,0,0,0,4,1,1,5,0,0,0,0,0,1,0,0,2,1,5,0,0,0,0,4,1,1,1,1,1,3,0,0,2,1,5,0,0,2,1,1,3,0,0,0,0,0,0,0,0,0,0,0,1,0,2,1,5,0,0,2,3,0,0,0,4,1,1,1,5,0,0,4,5,0,0,2,5,1,1,1,0,0,0,0,0,0,0,0,0,0,0,1,0,1,5,0,0,2,5,4,3,0,0,0,0,4,1,0,0,0,0,0,0,2,5,0,1,1,1,0,0,0,0,0,0,0,0,0,0,0,1,0,1,0,2,1,1,0,0,1,0,0,3,0,0,1,0,2,3,0,0,2,5,0,0,1,1,1,7,7,7,7,7,7,1,1,1,1,1,1,0,1,0,1,0,0,0,2,5,0,0,1,0,0,5,0,1,5,0,0,1,0,0,0,1,1,0,0,0,0,0,0,0,0,0,0,0,0,1,0,1,0,4,0,0,0,1,0,0,0,1,1,5,0,2,5,0,0,0,0,0,0,0,1,1,0,0,0,0,0,1,0,0,0,0,1,0,1,1,1,3,0,0,0,0,0,0,0,0,1,5,0,2,5,0,0,0,0,0,0,0,0,1,1,0,0,0,0,0,1,0,0,0,0,1,0,1,0,0,0,0,0,0,0,0,0,0,0,0,0,0,0,0,0,0,0,2,0,0,0,0,1,1,0,0,0,0,0,1,0,0,0,0,1,1,5,0,0,0,0,0,0,0,1,0,0,0,0,1,1,1,1,1,1,1,1,0,0,0,0,1,1,0,0,0,0,0,0,0,0,0,0,0,0,0,2,1,1,1,0,0,0,1,3,0,0,1,5,0,0,0,0,0,0,0,0,0,0,0,1,1,0,0,0,0,0,0,0,0,0,0,0,0,2,5,0,0,1,0,0,0,1,1,1,1,1,0,0,0,0,0,0,0,0,0,0,0,0,1,1,0,0,2,1,1,1,0,0,0,0,1,1,5,0,0,0,1,0,0,2,5,0,0,0,0,0,0,0,0,0,0,0,0,0,0,0,0,1,1,1,1,1,0,0,0,0,0,0,0,1,5,0,0,0,0,4,1,1,5,0,0,0,0,0,0,0,0,0,0,0,0,0,0,0,0,0,1,1,0,0,1,0,0,0,2,1,1,1,5,0,0,0,0,0,0,0,0,0,0,0,0,0,0,0,0,0,0,0,0,0,0,0,0,0,0,1,1,0,0,1,0,0,2,1,0,0,0,0,0,0,0,0,0,0,0,0,0,0,0,0,0,0,0,0,0,0,0,0,0,0,0,0,0,0,1,1,1,1,1,1,1,1,1,1,1,1,1,1,1,1,1,1,1,1,1,1,1,1,1,1,1,1,1,1,1,1,1,1,1,1,1,1,1,1],"height":29,"name":"Ground","opacity":1,"type":"tilelayer","visible":true,"width":39,"x":0,"y":0},{"draworder":"topdown","name":"Chars","objects":[{"gid":16,"height":64,"id":1,"name":"","rotation":0,"type":"","visible":true,"width":64,"x":168,"y":160},{"gid":17,"height":64,"id":2,"name":"","rotation":0,"type":"","visible":true,"width":64,"x":368,"y":128},{"gid":18,"height":64,"id":3,"name":"","rotation":0,"type":"","visible":true,"width":64,"x":816,"y":896},{"gid":19,"height":64,"id":4,"name":"","rotation":0,"type":"","visible":true,"width":64,"x":976,"y":896},{"gid":22,"height":64,"id":24,"name":"","rotation":0,"type":"","visible":true,"width":64,"x":320,"y":352}],"opacity":1,"type":"objectgroup","visible":true,"x":0,"y":0},{"draworder":"topdown","name":"Objects","objects":[{"gid":33,"height":64,"id":5,"name":"","rotation":0,"type":"","visible":true,"width":64,"x":288,"y":192},{"gid":33,"height":64,"id":6,"name":"","rotation":0,"type":"","visible":true,"width":64,"x":512,"y":192},{"gid":33,"height":64,"id":7,"name":"","rotation":0,"type":"","visible":true,"width":64,"x":704,"y":160},{"gid":33,"height":64,"id":8,"name":"","rotation":0,"type":"","visible":true,"width":64,"x":864,"y":128},{"gid":33,"height":64,"id":9,"name":"","rotation":0,"type":"","visible":true,"width":64,"x":1088,"y":192},{"gid":23,"height":64,"id":10,"name":"","rotation":0,"type":"","visible":true,"width":64,"x":32,"y":832},{"gid":23,"height":64,"id":11,"name":"","properties":{"group":5},"propertytypes":{"group":"int"},"rotation":0,"type":"","visible":true,"width":64,"x":128,"y":928},{"gid":23,"height":64,"id":12,"name":"","properties":{"group":4},"propertytypes":{"group":"int"},"rotation":0,"type":"","visible":true,"width":64,"x":832,"y":608},{"gid":23,"height":64,"id":13,"name":"","properties":{"group":1},"propertytypes":{"group":"int"},"rotation":0,"type":"","visible":true,"width":64,"x":576,"y":832},{"gid":23,"height":64,"id":14,"name":"","properties":{"group":3},"propertytypes":{"group":"int"},"rotation":0,"type":"","visible":true,"width":64,"x":736,"y":768},{"gid":25,"height":64,"id":15,"name":"","properties":{"group":2},"propertytypes":{"group":"int"},"rotation":0,"type":"","visible":true,"width":64,"x":320,"y":576},{"height":32,"id":16,"name":"","properties":{"dx":0,"dy":-5,"group":5},"propertytypes":{"dx":"int","dy":"int","group":"int"},"rotation":0,"type":"platform","visible":true,"width":128,"x":224,"y":608},{"height":32,"id":17,"name":"","properties":{"dx":0,"dy":-4,"group":1},"propertytypes":{"dx":"int","dy":"int","group":"int"},"rotation":0,"type":"platform","visible":true,"width":96,"x":576,"y":544},{"height":32,"id":18,"name":"","properties":{"dx":-3,"group":0},"propertytypes":{"dx":"int","group":"int"},"rotation":0,"type":"platform","visible":true,"width":96,"x":608,"y":512},{"height":32,"id":19,"name":"","properties":{"dx":5,"group":2},"propertytypes":{"dx":"int","group":"int"},"rotation":0,"type":"platform","visible":true,"width":128,"x":704,"y":256},{"height":32,"id":20,"name":"","properties":{"dx":-4,"group":2},"propertytypes":{"dx":"int","group":"int"},"rotation":0,"type":"platform","visible":true,"width":128,"x":864,"y":320},{"height":96,"id":21,"name":"","properties":{"dx":-3,"group":4},"propertytypes":{"dx":"int","group":"int"},"rotation":0,"type":"platform","visible":true,"width":32,"x":128,"y":192},{"height":96,"id":22,"name":"","properties":{"dx":0,"dy":-2,"group":1},"propertytypes":{"dx":"int","dy":"int","group":"int"},"rotation":0,"type":"platform","visible":true,"width":32,"x":1088,"y":576},{"height":32,"id":23,"name":"","properties":{"dx":3,"dy":0,"group":3},"propertytypes":{"dx":"int","dy":"int","group":"int"},"rotation":0,"type":"platform","visible":true,"width":128,"x":800,"y":672}],"opacity":1,"type":"objectgroup","visible":true,"x":0,"y":0}],"nextobjectid":25,"orientation":"orthogonal","renderorder":"right-down","tiledversion":"1.1.3","tileheight":32,"tilesets":[{"firstgid":1,"source":"../../../assets/tilemaps/tilesets/Ground.json"},{"firstgid":16,"source":"../../../assets/tilemaps/tilesets/Chars.json"},{"firstgid":23,"source":"../../../assets/tilemaps/tilesets/Objects.json"}],"tilewidth":32,"type":"map","version":1,"width":39}