{"height":29,"infinite":false,"layers":[{"data":[1,1,1,1,1,1,1,1,1,1,1,1,1,1,1,1,1,1,1,1,1,1,1,1,1,1,1,1,1,1,1,1,1,1,1,1,1,1,1,1,0,0,0,0,0,0,0,0,0,0,0,0,0,0,0,0,0,0,0,0,0,1,0,0,0,0,0,0,0,0,0,0,0,0,0,0,0,1,1,0,0,0,0,0,0,0,0,0,0,0,0,0,0,0,0,0,0,0,0,0,1,0,0,0,0,0,0,0,0,0,0,0,0,0,0,0,1,1,0,0,0,0,0,0,0,0,0,0,0,0,0,0,0,0,0,0,0,0,0,1,0,0,0,0,0,0,0,0,0,0,0,0,0,0,0,1,1,0,0,0,0,0,0,0,0,0,0,0,0,0,0,0,0,0,0,0,0,0,1,0,0,0,0,0,0,0,2,1,1,1,1,1,1,1,1,1,0,0,0,0,0,0,0,0,0,0,0,0,0,0,0,0,0,0,0,0,0,1,0,0,0,0,1,1,1,5,0,0,0,0,0,0,0,1,1,0,0,0,0,0,0,0,0,0,0,0,0,0,0,0,0,0,0,0,0,0,1,0,0,0,2,1,1,5,0,0,0,0,0,0,0,0,1,1,0,0,0,0,0,0,0,0,0,0,0,0,0,0,0,0,0,0,0,0,0,1,3,0,0,0,0,0,0,0,0,2,1,1,0,0,0,1,1,0,0,0,0,0,0,0,0,0,0,0,0,0,0,0,0,0,0,0,0,0,1,1,3,0,0,0,0,0,0,2,1,5,0,0,0,0,1,1,0,0,0,0,0,0,0,0,0,0,0,0,0,0,0,0,0,0,0,0,0,1,1,1,3,0,0,0,0,2,1,1,0,0,0,0,0,1,1,0,0,0,0,0,0,0,0,0,0,0,0,0,0,0,0,0,0,0,0,0,1,1,1,1,1,1,1,1,1,1,1,3,0,0,0,0,1,1,0,0,0,0,0,0,0,0,0,0,0,0,0,0,0,0,0,0,0,0,0,1,5,0,0,0,0,0,0,0,0,4,1,1,0,0,0,1,1,0,0,0,0,0,0,0,0,0,0,0,0,0,0,0,0,0,0,0,0,0,1,0,0,0,0,0,0,0,0,0,0,0,0,0,0,0,1,1,0,0,0,0,0,0,0,0,0,0,0,0,0,0,0,0,0,0,0,0,0,1,0,0,0,1,3,0,0,0,0,0,0,0,0,0,0,1,1,0,0,0,0,0,0,0,0,0,0,0,0,0,0,0,0,0,0,0,0,0,1,0,0,0,0,4,1,1,1,1,3,0,0,0,0,0,1,1,0,0,0,0,0,0,0,0,0,0,0,0,0,0,0,0,0,0,0,0,0,1,3,0,0,0,0,0,0,0,0,4,1,3,0,0,0,1,1,0,0,0,0,0,0,0,0,0,0,0,0,0,0,0,0,0,0,0,0,0,1,1,3,0,0,0,0,0,0,0,0,0,4,1,1,1,1,1,0,0,0,0,0,0,0,0,0,0,0,0,0,0,0,0,0,0,0,0,0,1,1,1,1,3,0,0,0,0,0,0,0,0,0,0,0,1,1,0,0,0,0,0,0,0,0,0,0,0,0,0,0,0,0,0,0,0,0,0,1,1,5,0,4,3,0,0,0,0,0,0,0,0,0,0,1,1,0,0,0,0,0,0,0,0,0,0,0,0,0,0,0,0,0,0,0,0,0,1,5,0,0,0,4,3,0,0,0,0,0,0,0,0,0,1,1,0,0,0,0,0,0,0,0,0,0,0,0,0,0,0,0,0,0,0,0,0,1,0,0,0,0,0,1,0,0,0,0,1,1,1,3,0,1,1,1,1,1,1,1,3,0,0,0,0,0,0,0,0,0,0,0,2,1,1,1,5,0,0,2,0,0,1,8,8,8,8,1,1,5,0,0,1,1,1,1,1,1,0,1,1,1,1,1,1,1,1,1,1,1,1,1,1,0,1,0,0,2,1,0,0,4,1,1,1,1,1,5,0,0,0,1,1,0,0,0,1,0,1,0,0,0,0,0,0,0,0,0,0,0,0,1,0,1,0,0,1,1,3,0,0,0,4,1,5,0,0,0,0,2,1,1,0,0,0,1,0,1,0,0,0,0,0,0,0,0,0,0,0,0,1,0,1,0,0,1,1,1,0,0,0,0,1,0,0,0,0,0,1,1,1,0,0,0,0,0,0,0,0,0,0,0,0,0,0,0,0,0,0,0,0,0,0,2,1,1,1,0,0,0,2,1,3,0,0,0,0,1,1,1,0,0,0,0,0,0,0,0,0,0,0,0,0,0,0,0,0,0,0,0,0,0,1,1,1,1,3,0,0,0,0,0,0,0,0,2,1,1,1,0,0,0,2,0,3,0,0,0,0,0,0,0,0,0,0,0,0,2,0,3,0,1,1,1,1,1,0,0,0,0,0,0,0,2,1,1,1,1,1,1,1,1,1,1,1,1,1,1,1,1,1,1,1,1,1,1,1,1,1,1,1,1,1,1,1,1,1,1,1,1,1,1,1,1,1,1],"height":29,"name":"Ground","opacity":1,"type":"tilelayer","visible":true,"width":39,"x":0,"y":0},{"draworder":"topdown","name":"Chars","objects":[{"gid":16,"height":64,"id":1,"name":"","rotation":0,"type":"","visible":true,"width":64,"x":240,"y":896},{"gid":17,"height":64,"id":2,"name":"","rotation":0,"type":"","visible":true,"width":64,"x":896,"y":896},{"gid":18,"height":64,"id":3,"name":"","rotation":0,"type":"","visible":true,"width":64,"x":1120,"y":128},{"gid":19,"height":64,"id":4,"name":"","rotation":0,"type":"","visible":true,"width":64,"x":48,"y":896},{"gid":20,"height":64,"id":5,"name":"","rotation":0,"type":"","visible":true,"width":64,"x":352,"y":856},{"gid":20,"height":64,"id":6,"name":"","rotation":0,"type":"","visible":true,"width":64,"x":1072,"y":864},{"gid":20,"height":64,"id":7,"name":"","rotation":0,"type":"","visible":true,"width":64,"x":1136,"y":464},{"gid":20,"height":64,"id":8,"name":"","rotation":0,"type":"","visible":true,"width":64,"x":832,"y":128},{"gid":21,"height":64,"id":9,"name":"","rotation":0,"type":"","visible":true,"width":64,"x":752,"y":224},{"gid":21,"height":64,"id":10,"name":"","rotation":0,"type":"","visible":true,"width":64,"x":1136,"y":336},{"gid":21,"height":64,"id":11,"name":"","rotation":0,"type":"","visible":true,"width":64,"x":736,"y":704},{"gid":21,"height":64,"id":12,"name":"","rotation":0,"type":"","visible":true,"width":64,"x":448,"y":856}],"opacity":1,"type":"objectgroup","visible":true,"x":0,"y":0},{"draworder":"topdown","name":"Objects","objects":[{"height":96,"id":15,"name":"","properties":{"dx":0,"dy":3},"propertytypes":{"dx":"int","dy":"int"},"rotation":0,"type":"platform","visible":true,"width":32,"x":640,"y":800},{"height":96,"id":16,"name":"","properties":{"dx":0,"dy":3},"propertytypes":{"dx":"int","dy":"int"},"rotation":0,"type":"platform","visible":true,"width":32,"x":160,"y":800},{"height":96,"id":17,"name":"","properties":{"dx":0,"dy":3,"group":6},"propertytypes":{"dx":"int","dy":"int","group":"int"},"rotation":0,"type":"platform","visible":true,"width":32,"x":800,"y":448},{"height":32,"id":18,"name":"","properties":{"dx":0,"dy":4,"group":61},"propertytypes":{"dx":"int","dy":"int","group":"int"},"rotation":0,"type":"platform","visible":true,"width":96,"x":1120,"y":480},{"height":32,"id":20,"name":"","properties":{"dx":0,"dy":-4,"group":4},"propertytypes":{"dx":"int","dy":"int","group":"int"},"rotation":0,"type":"platform","visible":true,"width":96,"x":1120,"y":224},{"gid":25,"height":64,"id":21,"name":"","rotation":0,"type":"","visible":true,"width":64,"x":880,"y":192},{"height":0,"id":22,"name":"","polyline":[{"x":0,"y":0},{"x":320,"y":0}],"properties":{"group":2},"propertytypes":{"group":"int"},"rotation":0,"type":"slider","visible":true,"width":0,"x":264,"y":872},{"gid":34,"height":64,"id":23,"name":"","properties":{"group":2},"propertytypes":{"group":"int"},"rotation":313.567541321965,"type":"","visible":true,"width":64,"x":386.280645571385,"y":590.432881724907},{"gid":29,"height":64,"id":32,"name":"","properties":{"group":8},"propertytypes":{"group":"int"},"rotation":-29.3,"type":"","visible":true,"width":64,"x":628,"y":171},{"gid":29,"height":64,"id":33,"name":"","properties":{"group":8},"propertytypes":{"group":"int"},"rotation":-61,"type":"","visible":true,"width":64,"x":141.08,"y":170.91},{"gid":28,"height":64,"id":34,"name":"","properties":{"group":10,"initialState":1},"propertytypes":{"group":"int","initialState":"int"},"rotation":-90,"type":"","visible":true,"width":64,"x":672,"y":704},{"gid":28,"height":64,"id":35,"name":"","properties":{"color":"blue","group":11,"initialState":1},"propertytypes":{"color":"string","group":"int","initialState":"int"},"rotation":-90,"type":"","visible":true,"width":64,"x":161,"y":704},{"gid":30,"height":64,"id":36,"name":"","properties":{"color":"blue","group":6},"propertytypes":{"color":"string","group":"int"},"rotation":-90,"type":"","visible":true,"width":64,"x":736,"y":384},{"gid":30,"height":64,"id":37,"name":"","properties":{"color":"yellow","group":4},"propertytypes":{"color":"string","group":"int"},"rotation":90,"type":"","visible":true,"width":64,"x":0,"y":384},{"gid":30,"height":64,"id":38,"name":"","properties":{"color":"blue","group":61},"propertytypes":{"color":"string","group":"int"},"rotation":180,"type":"","visible":true,"width":64,"x":512,"y":0}],"opacity":1,"type":"objectgroup","visible":true,"x":0,"y":0}],"nextobjectid":39,"orientation":"orthogonal","renderorder":"right-down","tiledversion":"1.1.3","tileheight":32,"tilesets":[{"firstgid":1,"source":"../../../assets/tilemaps/tilesets/Ground.json"},{"firstgid":16,"source":"../../../assets/tilemaps/tilesets/Chars.json"},{"firstgid":23,"source":"../../../assets/tilemaps/tilesets/Objects.json"}],"tilewidth":32,"type":"map","version":1,"width":39}