{"height":29,"infinite":false,"layers":[{"data":[1,1,1,1,1,1,1,1,1,1,1,1,1,1,1,1,1,1,1,1,1,1,1,1,1,1,1,1,1,1,1,1,1,1,1,1,1,1,1,1,0,0,0,0,0,0,0,0,0,0,0,0,0,1,1,0,0,0,0,0,0,0,0,0,0,0,0,1,1,1,1,5,0,0,0,0,0,1,1,0,0,0,0,0,0,0,0,0,0,0,0,0,1,1,0,3,0,0,0,0,0,0,0,0,2,0,1,1,1,5,0,0,0,0,0,0,1,1,0,0,0,1,0,0,0,0,0,1,0,0,0,1,1,0,1,1,1,1,1,1,1,1,1,1,0,1,1,5,0,0,0,0,0,0,0,1,1,0,0,0,1,0,0,0,0,0,1,0,0,0,1,0,0,0,0,0,0,0,0,0,0,1,0,0,0,1,0,0,0,0,2,1,1,1,1,1,0,0,0,1,0,0,0,0,0,1,0,0,0,1,0,0,0,0,0,0,0,0,0,0,1,0,0,0,1,0,0,0,0,1,0,0,0,1,1,0,0,0,1,0,0,0,0,0,1,0,0,0,1,0,0,0,2,0,0,0,0,0,0,1,0,0,0,1,0,0,0,0,1,0,0,0,1,1,0,0,0,1,0,0,0,0,0,1,0,0,0,1,0,0,0,1,0,0,0,0,0,0,1,0,0,0,1,0,0,0,0,1,0,0,0,1,1,0,0,0,1,0,0,0,0,0,1,0,0,0,1,0,0,0,1,0,0,0,0,0,0,1,0,0,0,1,0,0,0,0,1,0,0,0,1,1,0,0,0,1,0,0,0,0,0,1,0,0,0,1,0,0,0,1,0,0,0,0,0,0,1,0,0,0,1,0,0,0,0,0,0,0,0,1,1,0,0,0,0,0,0,0,0,0,1,0,0,0,1,0,0,0,1,0,0,0,0,0,0,1,0,0,0,1,0,0,0,1,1,0,0,0,1,1,0,0,0,0,0,0,0,0,0,1,0,0,0,1,0,0,0,1,0,0,0,0,0,0,1,0,0,0,1,0,0,0,1,1,0,0,0,1,1,0,0,0,0,0,0,0,0,0,1,0,0,0,1,0,0,0,4,1,1,1,1,1,1,1,0,0,0,1,0,0,0,1,1,0,0,0,1,1,0,0,0,0,0,0,0,0,0,1,0,0,0,5,0,0,0,0,0,0,0,0,0,0,1,0,0,0,1,0,0,0,1,1,0,0,0,1,1,0,0,0,0,0,0,0,0,0,1,0,0,0,0,0,0,0,0,0,0,0,0,0,0,1,0,0,0,1,0,0,0,1,1,0,0,0,1,1,0,0,0,0,0,0,0,0,0,1,0,0,0,0,0,0,0,0,0,0,0,0,0,0,1,0,0,0,1,0,0,0,1,1,0,0,0,1,1,0,0,0,0,0,0,0,0,0,1,0,0,0,0,0,0,0,3,0,0,0,0,0,0,1,0,0,0,1,0,0,0,1,1,0,0,0,1,1,0,0,0,0,0,0,0,0,0,1,0,0,0,1,0,0,0,1,0,0,0,0,0,0,1,0,0,0,1,0,0,0,1,1,0,0,0,1,1,0,0,0,0,0,0,0,0,0,1,0,0,0,1,1,1,1,1,1,1,1,1,1,1,1,1,1,1,1,0,0,0,1,1,0,0,0,1,1,0,0,0,0,0,0,0,0,0,1,0,0,0,1,1,1,1,1,1,1,1,1,1,1,1,1,1,1,1,0,0,0,1,1,0,0,0,1,1,0,0,0,0,0,0,0,0,0,1,0,0,0,1,1,1,1,1,1,1,1,1,1,1,1,1,1,1,1,0,0,0,1,1,0,0,0,1,1,1,1,1,1,0,0,0,0,0,1,0,0,0,1,1,1,1,1,1,1,1,1,1,1,1,1,1,1,5,0,0,0,1,1,0,0,0,1,1,0,0,0,0,0,0,0,0,0,1,0,0,0,1,0,0,0,0,0,0,0,0,1,0,0,0,0,0,0,0,0,0,1,1,0,0,0,1,1,0,0,0,0,0,0,0,0,0,5,0,0,0,1,0,0,0,0,0,0,0,0,1,0,0,0,0,0,0,0,0,0,1,1,1,1,1,1,1,0,0,0,0,0,0,0,0,0,0,0,0,0,1,0,0,0,0,0,0,0,0,1,0,0,0,0,0,0,0,0,0,1,5,0,0,4,1,1,1,1,1,3,0,0,0,0,0,0,0,0,0,1,1,1,1,1,1,0,0,0,0,0,0,0,0,0,2,0,0,0,1,0,0,0,0,1,1,1,1,1,1,3,0,0,0,0,0,0,0,0,1,1,1,1,1,1,0,0,0,0,0,0,0,0,2,1,1,1,1,1,0,0,0,0,1,1,1,1,1,1,1,3,0,0,0,2,0,0,0,1,1,1,1,1,1,3,0,0,0,0,0,0,0,1,1,1,1,1,1,3,0,0,2,1,1,1,1,1,1,1,1,1,1,1,1,1,1,1,1,1,1,1,1,1,1,1,1,1,1,1,1,1,1,1,1,1,1,1,1,1,1,1,1],"height":29,"name":"Ground","opacity":1,"type":"tilelayer","visible":true,"width":39,"x":0,"y":0},{"draworder":"topdown","name":"Chars","objects":[{"gid":16,"height":64,"id":1,"name":"","rotation":0,"type":"","visible":true,"width":64,"x":240,"y":896},{"gid":17,"height":64,"id":3,"name":"","rotation":0,"type":"","visible":true,"width":64,"x":480,"y":800},{"gid":19,"height":64,"id":4,"name":"","rotation":0,"type":"","visible":true,"width":64,"x":1136,"y":128},{"gid":18,"height":64,"id":5,"name":"","rotation":0,"type":"","visible":true,"width":64,"x":688,"y":384},{"gid":21,"height":64,"id":6,"name":"","rotation":0,"type":"","visible":true,"width":64,"x":976,"y":200},{"gid":21,"height":64,"id":7,"name":"","rotation":0,"type":"","visible":true,"width":64,"x":976,"y":608},{"gid":21,"height":64,"id":8,"name":"","rotation":0,"type":"","visible":true,"width":64,"x":864,"y":800},{"gid":20,"height":64,"id":9,"name":"","rotation":0,"type":"","visible":true,"width":64,"x":688,"y":264},{"gid":20,"height":64,"id":10,"name":"","rotation":0,"type":"","visible":true,"width":64,"x":640,"y":512},{"gid":20,"height":64,"id":11,"name":"","rotation":0,"type":"","visible":true,"width":64,"x":368,"y":544}],"opacity":1,"type":"objectgroup","visible":true,"x":0,"y":0},{"draworder":"topdown","name":"Objects","objects":[{"gid":25,"height":64,"id":12,"name":"","properties":{"group":5},"propertytypes":{"group":"int"},"rotation":0,"type":"","visible":true,"width":64,"x":40,"y":832},{"gid":25,"height":64,"id":13,"name":"","properties":{"group":2},"propertytypes":{"group":"int"},"rotation":0,"type":"","visible":true,"width":64,"x":672,"y":608},{"gid":23,"height":64,"id":14,"name":"","rotation":0,"type":"","visible":true,"width":64,"x":848,"y":608},{"height":0,"id":18,"name":"","polyline":[{"x":0,"y":48},{"x":0,"y":-120},{"x":320,"y":-120},{"x":320,"y":720}],"rotation":0,"type":"pulley","visible":true,"width":0,"x":80,"y":168},{"height":32,"id":19,"name":"","properties":{"dx":1},"propertytypes":{"dx":"int"},"rotation":0,"type":"platform","visible":true,"width":96,"x":1056,"y":416},{"height":32,"id":21,"name":"","properties":{"dx":-3,"group":2},"propertytypes":{"dx":"int","group":"int"},"rotation":0,"type":"platform","visible":true,"width":96,"x":832,"y":256},{"height":32,"id":22,"name":"","properties":{"dx":-3,"group":5},"propertytypes":{"dx":"int","group":"int"},"rotation":0,"type":"platform","visible":true,"width":96,"x":32,"y":224},{"gid":27,"height":64,"id":23,"name":"","rotation":0,"type":"","visible":true,"width":64,"x":48,"y":192},{"gid":27,"height":64,"id":24,"name":"","rotation":0,"type":"","visible":true,"width":64,"x":848,"y":224},{"gid":27,"height":64,"id":25,"name":"","rotation":0,"type":"","visible":true,"width":64,"x":1136,"y":384},{"height":96,"id":26,"name":"","properties":{"dx":-3,"group":2},"propertytypes":{"dx":"int","group":"int"},"rotation":0,"type":"platform","visible":true,"width":32,"x":608,"y":704},{"height":0,"id":28,"name":"","polyline":[{"x":0,"y":-8},{"x":0,"y":-528},{"x":352,"y":-528},{"x":352,"y":-328}],"rotation":0,"type":"pulley","visible":true,"width":0,"x":528,"y":576},{"height":0,"id":29,"name":"","polyline":[{"x":0,"y":0},{"x":0,"y":-520},{"x":160,"y":-520},{"x":160,"y":-416}],"rotation":0,"type":"pulley","visible":true,"width":0,"x":1008,"y":824}],"opacity":1,"type":"objectgroup","visible":true,"x":0,"y":0}],"nextobjectid":30,"orientation":"orthogonal","renderorder":"right-down","tiledversion":"1.1.3","tileheight":32,"tilesets":[{"firstgid":1,"source":"../../../assets/tilemaps/tilesets/Ground.json"},{"firstgid":16,"source":"../../../assets/tilemaps/tilesets/Chars.json"},{"firstgid":23,"source":"../../../assets/tilemaps/tilesets/Objects.json"}],"tilewidth":32,"type":"map","version":1,"width":39}