{"height":29,"infinite":false,"layers":[{"data":[1,1,1,1,1,1,1,1,1,1,1,1,1,1,1,1,1,1,1,1,1,1,1,1,1,1,1,1,1,1,1,1,1,1,1,1,1,1,1,1,5,0,0,0,0,0,0,4,1,1,1,1,1,1,1,1,1,1,0,0,0,0,0,0,0,0,0,0,0,0,0,0,0,0,0,0,0,1,1,0,0,0,0,0,0,0,0,0,0,0,0,4,1,1,1,1,1,0,0,0,0,0,0,0,0,0,0,0,0,0,0,0,0,0,0,0,1,1,0,0,0,0,0,0,0,0,0,0,0,0,0,4,1,1,1,1,0,0,0,0,0,0,0,0,0,0,0,0,0,0,0,0,0,0,0,1,1,0,0,0,0,0,0,0,0,0,0,0,0,0,0,4,1,1,1,0,0,0,0,0,0,0,0,0,0,0,0,0,0,0,0,0,0,0,1,1,0,0,0,0,0,0,0,0,0,0,0,0,0,0,0,4,1,1,0,0,0,0,0,0,0,0,0,0,0,0,0,0,0,0,0,0,0,1,1,0,0,0,0,0,0,0,0,0,0,0,0,0,0,0,0,1,1,0,0,0,0,0,0,0,0,0,0,0,0,0,0,1,1,5,0,0,1,1,0,0,0,0,0,0,0,0,0,0,0,0,0,0,0,0,1,1,0,0,0,0,0,0,1,3,0,0,0,0,0,0,1,0,0,0,0,1,1,3,0,0,0,0,0,0,0,0,0,0,0,0,0,0,0,4,1,0,0,0,0,0,0,0,0,0,8,8,8,8,8,5,0,0,0,0,1,1,1,1,1,1,1,5,0,0,0,0,0,0,0,0,0,0,0,1,0,0,0,0,0,8,8,8,8,1,5,0,0,1,0,0,0,0,0,1,1,1,1,1,1,1,0,0,0,0,0,0,0,0,0,0,0,0,1,0,0,8,8,8,1,1,1,5,0,0,0,0,1,0,0,0,0,0,1,1,1,1,1,1,1,8,8,8,8,8,8,8,0,0,8,8,8,1,0,0,1,1,5,0,0,0,0,0,0,0,0,1,0,0,0,0,0,1,1,1,1,5,0,0,0,0,0,0,0,0,0,0,0,1,1,1,5,0,0,0,0,0,0,0,0,0,0,0,0,0,1,0,0,0,0,0,1,1,1,5,0,0,0,0,0,0,0,0,0,0,0,2,1,1,5,0,0,0,0,0,0,0,0,0,0,0,0,0,0,1,0,0,0,0,0,1,1,5,0,0,0,0,0,0,0,0,0,0,0,2,1,1,1,0,0,0,0,0,2,1,3,0,0,0,0,0,0,0,1,0,0,0,0,0,1,1,0,0,0,0,0,0,0,0,0,0,0,2,1,1,1,1,3,0,0,0,2,1,1,1,0,0,0,0,0,0,0,1,0,0,0,0,0,1,1,0,0,0,0,0,0,0,0,0,0,2,1,1,1,1,1,1,1,1,1,1,1,1,1,1,1,1,1,1,1,1,1,0,0,0,0,0,1,1,0,0,0,0,0,0,0,0,0,2,1,1,1,5,0,0,0,0,0,0,0,0,4,1,1,1,1,1,1,1,1,1,0,0,0,0,0,1,1,0,0,0,0,0,0,0,0,2,1,1,1,5,0,0,0,0,0,0,0,0,0,0,0,0,0,0,4,1,1,1,1,5,0,0,0,0,1,1,0,0,8,8,8,8,8,8,1,1,1,5,0,0,0,0,0,0,0,0,0,0,0,0,0,0,0,0,0,0,4,1,0,0,0,0,0,1,1,0,0,1,1,1,1,1,1,1,1,5,0,0,0,0,0,0,0,0,0,0,0,0,0,0,0,0,0,0,0,0,1,0,0,0,0,0,1,1,0,0,1,1,1,5,0,0,0,0,0,0,0,0,0,0,0,0,0,0,0,0,0,0,0,0,0,0,0,0,0,1,0,0,0,0,0,1,1,0,0,1,1,5,0,0,0,0,0,0,0,0,0,0,0,0,0,0,0,0,0,0,0,0,0,0,0,0,0,0,1,0,0,0,0,0,1,1,0,0,1,0,0,0,0,0,0,0,0,0,0,0,0,0,0,0,0,0,0,0,0,0,0,0,0,0,0,0,0,4,0,0,0,0,0,1,1,0,0,5,0,0,0,0,0,0,0,0,0,0,0,0,0,0,0,0,0,0,0,0,0,0,0,0,0,0,0,0,0,0,0,0,0,0,1,1,0,0,0,0,0,0,0,2,1,3,0,0,0,2,0,0,0,2,0,0,0,2,0,0,0,2,0,0,0,2,0,0,0,2,1,1,1,1,1,0,0,0,0,0,0,0,1,1,1,0,0,0,1,0,0,0,1,0,0,0,1,0,0,0,1,0,0,0,1,0,0,2,1,1,1,1,1,1,3,0,0,0,0,0,2,1,1,1,3,0,0,1,8,8,8,1,8,8,8,1,8,8,8,1,8,8,8,1,0,2,1,1,1,1,1,1,1,1,1,1,1,1,1,1,1,1,1,1,1,1,1,1,1,1,1,1,1,1,1,1,1,1,1,1,1,1,1,1,1,1,1,1,1,1,1],"height":29,"name":"Ground","opacity":1,"type":"tilelayer","visible":true,"width":39,"x":0,"y":0},{"draworder":"topdown","name":"Chars","objects":[{"gid":16,"height":64,"id":1,"name":"","rotation":0,"type":"","visible":true,"width":64,"x":96,"y":288},{"gid":17,"height":64,"id":2,"name":"","rotation":0,"type":"","visible":true,"width":64,"x":160,"y":288},{"gid":18,"height":64,"id":3,"name":"","rotation":0,"type":"","visible":true,"width":64,"x":832,"y":512},{"gid":19,"height":64,"id":4,"name":"","rotation":0,"type":"","visible":true,"width":64,"x":928,"y":512},{"gid":21,"height":64,"id":5,"name":"","rotation":0,"type":"","visible":true,"width":64,"x":432,"y":360},{"gid":21,"height":64,"id":6,"name":"","rotation":0,"type":"","visible":true,"width":64,"x":256,"y":528},{"gid":21,"height":64,"id":7,"name":"","rotation":0,"type":"","visible":true,"width":64,"x":555,"y":807},{"gid":21,"height":64,"id":8,"name":"","rotation":0,"type":"","visible":true,"width":64,"x":809,"y":803},{"gid":21,"height":64,"id":9,"name":"","rotation":0,"type":"","visible":true,"width":64,"x":1072,"y":176},{"gid":21,"height":64,"id":10,"name":"","rotation":0,"type":"","visible":true,"width":64,"x":1136,"y":768},{"gid":20,"height":64,"id":11,"name":"","rotation":0,"type":"","visible":true,"width":64,"x":1136,"y":656},{"gid":20,"height":64,"id":12,"name":"","rotation":0,"type":"","visible":true,"width":64,"x":938,"y":805},{"gid":20,"height":64,"id":13,"name":"","rotation":0,"type":"","visible":true,"width":64,"x":682,"y":806},{"gid":20,"height":64,"id":14,"name":"","rotation":0,"type":"","visible":true,"width":64,"x":784,"y":208},{"gid":20,"height":64,"id":15,"name":"","rotation":0,"type":"","visible":true,"width":64,"x":368,"y":288},{"gid":20,"height":64,"id":16,"name":"","rotation":0,"type":"","visible":true,"width":64,"x":96,"y":560}],"opacity":1,"type":"objectgroup","visible":true,"x":0,"y":0},{"draworder":"topdown","name":"Objects","objects":[{"gid":26,"height":96,"id":20,"name":"","properties":{"group":3,"initialState":1},"propertytypes":{"group":"int","initialState":"int"},"rotation":-90,"type":"","visible":true,"width":64,"x":1216,"y":416},{"gid":26,"height":96,"id":21,"name":"","properties":{"group":31,"initialState":1},"propertytypes":{"group":"int","initialState":"int"},"rotation":-90,"type":"","visible":true,"width":64,"x":1151,"y":608},{"gid":26,"height":96,"id":22,"name":"","properties":{"group":32,"initialState":1},"propertytypes":{"group":"int","initialState":"int"},"rotation":-90,"type":"","visible":true,"width":64,"x":1216,"y":848}],"opacity":1,"type":"objectgroup","visible":true,"x":0,"y":0}],"nextobjectid":24,"orientation":"orthogonal","renderorder":"right-down","tiledversion":"1.1.3","tileheight":32,"tilesets":[{"firstgid":1,"source":"../../../assets/tilemaps/tilesets/Ground.json"},{"firstgid":16,"source":"../../../assets/tilemaps/tilesets/Chars.json"},{"firstgid":24,"source":"../../../assets/tilemaps/tilesets/LargeObjects.json"},{"firstgid":27,"source":"../../../assets/tilemaps/tilesets/Objects.json"}],"tilewidth":32,"type":"map","version":1,"width":39}