{"height":29,"infinite":false,"layers":[{"data":[1,1,1,1,1,1,1,1,1,1,1,1,1,1,1,1,1,1,1,1,1,1,1,1,1,1,1,1,1,1,1,1,1,1,1,1,1,1,1,1,0,0,0,0,0,0,0,0,1,0,0,1,0,0,0,0,0,0,0,0,0,0,0,0,0,0,0,0,0,0,1,0,0,1,0,0,0,1,1,0,0,0,0,0,0,0,0,1,0,0,1,0,0,0,0,0,0,0,0,0,0,0,0,0,0,0,0,0,0,1,0,0,1,0,0,0,1,1,0,0,0,0,0,0,0,0,1,0,0,1,0,0,0,0,0,0,0,0,0,0,0,0,0,0,0,0,0,0,1,0,0,1,0,0,0,1,1,0,0,0,0,0,0,0,0,1,0,0,1,0,0,0,0,0,0,0,0,0,0,0,0,0,0,0,0,0,0,1,0,0,1,0,0,0,1,1,1,1,1,1,1,3,0,0,5,0,0,4,0,0,0,0,0,0,0,0,0,0,0,0,0,0,0,0,0,0,5,0,0,4,0,0,0,1,1,5,0,0,0,0,0,0,0,0,0,0,0,0,0,0,0,0,0,0,0,0,0,0,0,0,0,0,0,0,0,0,0,0,0,0,0,0,1,1,0,0,0,0,0,0,0,0,0,0,0,0,0,0,0,4,1,5,0,0,0,0,0,4,1,5,0,0,0,0,0,0,0,0,0,0,0,1,1,0,0,0,0,0,0,0,0,0,0,0,0,0,0,0,0,1,0,0,0,0,0,0,0,1,0,0,0,0,0,0,0,0,0,0,0,0,1,1,0,0,0,0,0,2,1,1,1,0,0,1,7,7,7,7,1,8,8,8,8,8,8,8,1,6,6,6,6,1,1,0,0,3,0,0,0,1,1,0,0,2,1,1,1,5,0,0,0,0,1,1,1,1,1,1,1,1,1,1,1,1,1,1,1,1,1,1,1,1,0,0,4,3,0,0,1,1,0,0,1,0,0,0,0,0,0,0,0,0,4,1,1,0,0,0,0,0,0,0,0,0,0,0,0,0,0,0,1,0,0,0,1,0,0,1,1,0,2,1,0,0,0,0,0,0,0,0,0,0,4,1,0,0,0,0,0,0,0,0,0,0,0,0,0,0,0,4,0,0,0,1,0,0,1,1,0,0,0,0,0,0,0,0,0,0,0,0,0,0,1,3,0,0,0,0,0,0,0,0,0,0,0,0,0,0,0,0,0,0,1,0,0,1,1,0,0,0,0,0,0,0,0,0,0,0,0,0,0,1,1,1,1,1,1,3,0,0,0,0,0,0,0,0,0,0,0,0,0,1,0,0,1,1,0,0,0,0,0,0,0,0,0,0,0,0,0,0,1,5,0,0,0,0,1,0,0,0,0,0,0,0,0,0,0,0,0,0,4,0,0,1,1,1,3,0,0,0,0,0,0,0,0,0,0,0,2,5,0,0,0,0,0,1,0,0,2,1,1,1,3,0,0,0,0,0,0,0,0,0,1,1,0,4,3,0,0,0,0,0,0,0,0,0,0,0,0,0,0,0,0,0,1,0,0,0,0,0,4,1,1,1,1,0,0,0,0,0,0,1,1,0,0,1,0,0,0,0,0,0,0,0,0,0,0,0,0,0,0,0,0,1,0,0,0,0,0,0,0,0,0,0,0,0,0,0,0,2,1,1,0,0,1,6,6,6,6,5,0,0,0,2,7,7,7,7,1,1,1,1,1,3,0,0,0,0,0,0,0,0,0,0,0,3,0,2,1,1,1,0,0,0,0,0,0,0,0,0,0,0,0,0,0,0,0,0,0,0,0,0,4,1,1,1,3,0,0,0,0,0,0,0,4,1,1,1,1,1,0,0,0,0,0,0,0,0,0,0,0,0,0,0,0,0,0,0,0,0,0,0,1,0,0,0,0,0,0,0,0,0,0,0,0,4,1,1,1,0,0,0,0,0,0,0,0,0,0,0,0,0,0,0,0,0,0,0,0,0,0,1,0,0,0,0,0,0,3,0,0,0,0,0,0,1,1,1,0,0,0,0,0,0,2,1,1,0,0,0,2,1,7,7,7,7,1,1,1,1,1,0,0,1,1,1,1,1,3,0,0,0,0,0,1,1,1,0,0,0,0,0,2,1,1,1,0,0,0,1,0,0,0,0,0,0,0,0,0,0,0,0,0,0,0,0,0,0,0,0,0,0,0,1,1,1,3,0,0,0,2,1,1,1,1,0,0,2,1,0,0,0,0,0,0,0,0,0,0,0,0,0,0,0,0,0,0,0,0,0,0,2,1,1,1,0,0,0,0,0,0,0,0,0,0,0,0,0,0,0,0,0,0,0,0,0,0,0,0,0,0,0,0,0,0,0,0,0,0,0,0,1,1,1,0,0,0,0,0,0,0,0,0,0,0,0,0,0,0,0,0,0,0,0,0,0,0,0,0,0,0,0,0,0,0,0,0,0,0,0,1,1,1,1,1,1,1,1,1,1,1,1,1,1,1,1,1,1,1,1,1,1,1,1,1,1,1,1,1,1,1,1,1,1,1,1,1,1,1,1,1],"height":29,"name":"Ground","opacity":1,"type":"tilelayer","visible":true,"width":39,"x":0,"y":0},{"draworder":"topdown","name":"Chars","objects":[{"gid":16,"height":64,"id":1,"name":"","rotation":0,"type":"","visible":true,"width":64,"x":528,"y":224},{"gid":17,"height":64,"id":2,"name":"","rotation":0,"type":"","visible":true,"width":64,"x":784,"y":224},{"gid":19,"height":64,"id":3,"name":"","rotation":0,"type":"","visible":true,"width":64,"x":112,"y":160},{"gid":18,"height":64,"id":4,"name":"","rotation":0,"type":"","visible":true,"width":64,"x":32,"y":160},{"gid":20,"height":64,"id":5,"name":"","rotation":0,"type":"","visible":true,"width":64,"x":1104,"y":800},{"gid":20,"height":64,"id":6,"name":"","rotation":0,"type":"","visible":true,"width":64,"x":688,"y":864},{"gid":20,"height":64,"id":7,"name":"","rotation":0,"type":"","visible":true,"width":64,"x":752,"y":624},{"gid":20,"height":64,"id":8,"name":"","rotation":0,"type":"","visible":true,"width":64,"x":192,"y":544},{"gid":21,"height":64,"id":34,"name":"","rotation":0,"type":"","visible":true,"width":64,"x":48,"y":312},{"gid":21,"height":64,"id":35,"name":"","rotation":0,"type":"","visible":true,"width":64,"x":48,"y":752},{"gid":21,"height":64,"id":36,"name":"","rotation":0,"type":"","visible":true,"width":64,"x":928,"y":864},{"gid":21,"height":64,"id":37,"name":"","rotation":0,"type":"","visible":true,"width":64,"x":1032,"y":560}],"opacity":1,"type":"objectgroup","visible":true,"x":0,"y":0},{"draworder":"topdown","name":"Objects","objects":[{"gid":35,"height":64,"id":13,"name":"","rotation":-90,"type":"","visible":true,"width":64,"x":961.333333333333,"y":740},{"gid":35,"height":64,"id":14,"name":"","rotation":0,"type":"","visible":true,"width":64,"x":552,"y":896},{"gid":30,"height":64,"id":15,"name":"","properties":{"color":"blue","group":6},"propertytypes":{"color":"string","group":"int"},"rotation":-90,"type":"","visible":true,"width":64,"x":1216,"y":896},{"gid":30,"height":64,"id":16,"name":"","properties":{"group":4},"propertytypes":{"group":"int"},"rotation":90,"type":"","visible":true,"width":64,"x":0,"y":832},{"gid":25,"height":64,"id":19,"name":"","rotation":0,"type":"","visible":true,"width":64,"x":624,"y":768},{"gid":25,"height":64,"id":20,"name":"","properties":{"group":2},"propertytypes":{"group":"int"},"rotation":0,"type":"","visible":true,"width":64,"x":576,"y":640},{"gid":25,"height":64,"id":21,"name":"","properties":{"group":5},"propertytypes":{"group":"int"},"rotation":0,"type":"","visible":true,"width":64,"x":576,"y":480},{"height":32,"id":22,"name":"","properties":{"dx":-4,"group":6},"propertytypes":{"dx":"int","group":"int"},"rotation":0,"type":"platform","visible":true,"width":128,"x":0,"y":384},{"height":32,"id":23,"name":"","properties":{"dx":4,"group":2},"propertytypes":{"dx":"int","group":"int"},"rotation":0,"type":"platform","visible":true,"width":96,"x":992,"y":288},{"height":32,"id":24,"name":"","properties":{"dx":-4,"group":0},"propertytypes":{"dx":"int","group":"int"},"rotation":0,"type":"platform","visible":true,"width":128,"x":736,"y":736},{"height":32,"id":25,"name":"","properties":{"dx":-2,"group":5},"propertytypes":{"dx":"int","group":"int"},"rotation":0,"type":"platform","visible":true,"width":96,"x":320,"y":288},{"height":32,"id":26,"name":"","properties":{"dx":0,"dy":-4,"group":4},"propertytypes":{"dx":"int","dy":"int","group":"int"},"rotation":0,"type":"platform","visible":true,"width":96,"x":192,"y":160},{"gid":28,"height":64,"id":30,"name":"","properties":{"group":11,"initialState":1},"propertytypes":{"group":"int","initialState":"int"},"rotation":90,"type":"","visible":true,"width":64,"x":320,"y":0},{"gid":28,"height":64,"id":33,"name":"","properties":{"color":"blue","group":13,"initialState":1},"propertytypes":{"color":"string","group":"int","initialState":"int"},"rotation":89.6244559540387,"type":"","visible":true,"width":64,"x":1024,"y":0}],"opacity":1,"type":"objectgroup","visible":true,"x":0,"y":0}],"nextobjectid":38,"orientation":"orthogonal","renderorder":"right-down","tiledversion":"1.1.3","tileheight":32,"tilesets":[{"firstgid":1,"source":"../../../assets/tilemaps/tilesets/Ground.json"},{"firstgid":16,"source":"../../../assets/tilemaps/tilesets/Chars.json"},{"firstgid":23,"source":"../../../assets/tilemaps/tilesets/Objects.json"}],"tilewidth":32,"type":"map","version":1,"width":39}