{"height":29,"infinite":false,"layers":[{"data":[1,1,1,1,1,1,1,1,1,1,1,1,1,1,1,1,1,1,1,1,1,1,1,1,1,1,1,1,1,1,1,1,1,1,1,1,1,1,1,1,1,1,1,0,1,1,0,0,0,0,0,0,0,0,0,0,0,0,0,0,0,0,0,0,0,0,0,0,0,0,0,0,0,0,1,0,0,1,1,1,1,5,0,1,5,0,0,0,0,0,0,0,0,0,0,0,0,0,0,0,0,0,0,0,0,0,0,0,0,0,0,0,0,1,0,0,1,1,1,5,0,2,5,0,0,0,0,2,1,1,1,3,0,0,2,1,1,3,0,0,0,0,0,0,0,0,0,0,0,0,0,0,1,0,0,1,1,5,0,2,5,0,0,0,0,2,5,0,0,0,1,0,0,0,0,4,1,3,0,0,0,0,0,0,0,0,0,0,0,0,0,1,0,0,1,1,0,2,5,0,0,0,2,1,5,0,0,0,0,1,0,0,0,0,0,4,1,3,0,0,0,2,1,1,1,1,1,1,1,1,1,0,0,1,1,0,1,0,0,0,2,5,0,0,0,0,0,0,4,1,3,0,0,0,0,0,4,7,7,7,1,0,0,0,0,0,0,0,0,1,0,0,1,1,0,1,0,0,2,5,0,0,0,0,0,0,0,0,0,4,1,1,3,0,0,0,1,1,5,0,0,0,0,0,0,0,0,0,1,0,0,1,1,0,1,0,0,0,0,0,0,0,0,0,0,0,0,0,0,0,0,1,3,0,0,1,5,0,0,0,0,0,0,0,0,0,0,1,0,0,1,1,0,1,0,0,0,0,0,0,0,0,0,0,0,0,0,0,0,0,1,5,0,0,1,0,0,0,0,0,0,0,0,0,0,0,1,0,0,1,1,0,1,6,6,6,6,6,6,1,1,3,0,0,0,0,0,0,0,1,0,0,0,1,0,0,0,2,1,1,1,1,1,1,1,1,0,0,1,1,0,1,0,0,0,0,0,0,0,0,1,0,0,0,0,0,0,0,1,0,0,2,5,0,0,2,5,0,0,0,0,0,0,0,1,0,0,1,1,0,4,1,1,1,1,0,0,0,0,1,0,0,0,0,0,0,0,1,0,0,0,0,0,2,5,0,0,0,0,0,0,0,0,1,0,0,1,1,3,0,0,4,1,1,0,0,0,2,5,0,0,2,1,5,0,0,4,3,0,0,0,2,5,0,0,0,0,0,0,0,0,0,1,0,0,1,1,1,1,3,0,1,1,0,0,2,5,0,0,0,0,0,0,0,0,0,4,1,1,1,5,0,0,0,0,0,0,0,0,0,0,1,0,0,1,1,1,1,5,0,1,1,0,2,5,0,0,0,0,0,0,0,0,0,0,0,0,0,0,0,0,0,0,1,1,1,1,1,1,1,1,0,0,1,1,5,0,0,2,1,1,1,5,0,0,0,2,1,7,7,7,7,1,3,0,0,0,0,0,0,0,0,0,0,0,0,0,0,0,1,0,0,1,1,0,0,2,1,0,0,0,0,0,0,2,5,0,0,0,1,1,1,1,1,0,0,0,1,1,3,0,0,0,0,0,0,0,0,1,0,0,1,1,3,0,4,1,0,0,0,0,0,2,5,0,0,0,0,1,0,0,0,0,0,0,0,0,0,4,3,0,0,0,0,0,0,0,1,0,0,1,1,1,3,0,1,0,0,0,0,2,5,0,0,0,0,0,1,0,0,0,0,0,0,0,0,0,0,0,0,0,0,0,0,0,0,1,0,0,1,1,1,5,0,1,0,0,0,2,5,0,0,0,0,0,0,1,0,0,0,0,0,0,0,0,0,0,0,0,0,0,0,0,0,0,1,0,0,1,1,5,0,2,1,0,0,0,0,0,0,0,0,0,0,0,1,0,0,0,0,0,0,0,0,2,1,1,1,1,1,1,1,1,1,1,0,0,1,1,0,2,1,1,3,0,0,0,0,0,0,0,0,0,0,4,3,0,0,0,0,0,0,0,0,0,0,0,0,0,0,0,0,0,1,0,0,1,1,0,0,4,1,1,1,1,3,0,0,0,0,0,0,0,0,1,0,0,0,0,0,0,0,0,0,0,0,0,0,0,0,0,0,1,0,0,1,1,3,0,0,1,0,0,0,4,1,1,1,1,1,0,0,0,1,1,1,3,0,0,0,0,0,0,0,0,0,0,0,0,0,0,1,0,0,1,1,1,0,0,1,0,0,0,0,4,1,1,1,1,0,0,0,1,0,0,1,0,0,0,0,0,0,0,0,0,0,0,0,0,0,1,0,0,1,1,1,0,0,1,0,0,0,0,0,0,0,0,0,0,0,0,1,0,0,1,0,0,0,0,0,0,0,0,0,0,0,0,0,0,1,0,0,1,1,1,1,1,1,0,0,0,0,0,0,0,0,0,0,2,1,1,0,0,1,1,1,6,6,6,6,3,0,0,0,0,0,0,0,1,0,0,1,1,1,1,1,1,1,1,1,1,1,1,1,1,1,1,1,1,1,1,1,1,1,1,1,1,1,1,1,1,1,1,1,1,1,1,1,1,1,1],"height":29,"name":"Ground","opacity":1,"type":"tilelayer","visible":true,"width":39,"x":0,"y":0},{"draworder":"topdown","name":"Chars","objects":[{"gid":16,"height":64,"id":1,"name":"","rotation":0,"type":"","visible":true,"width":64,"x":296,"y":768},{"gid":17,"height":64,"id":2,"name":"","rotation":0,"type":"","visible":true,"width":64,"x":192,"y":734},{"gid":18,"height":64,"id":3,"name":"","rotation":0,"type":"","visible":true,"width":64,"x":928,"y":896},{"gid":19,"height":64,"id":4,"name":"","rotation":0,"type":"","visible":true,"width":64,"x":1032,"y":896},{"gid":22,"height":64,"id":31,"name":"","rotation":0,"type":"","visible":true,"width":64,"x":184,"y":864}],"opacity":1,"type":"objectgroup","visible":true,"x":0,"y":0},{"draworder":"topdown","name":"Objects","objects":[{"height":32,"id":10,"name":"","properties":{"group":3},"propertytypes":{"group":"int"},"rotation":0,"type":"platform","visible":true,"width":96,"x":80,"y":64},{"height":32,"id":11,"name":"","properties":{"dx":3,"group":3},"propertytypes":{"dx":"int","group":"int"},"rotation":0,"type":"platform","visible":true,"width":96,"x":448,"y":768},{"height":32,"id":12,"name":"","properties":{"dx":3,"group":3},"propertytypes":{"dx":"int","group":"int"},"rotation":0,"type":"platform","visible":true,"width":96,"x":672,"y":544},{"height":32,"id":13,"name":"","properties":{"group":5},"propertytypes":{"group":"int"},"rotation":0,"type":"platform","visible":true,"width":96,"x":1136,"y":160},{"height":32,"id":14,"name":"","properties":{"group":2},"propertytypes":{"group":"int"},"rotation":0,"type":"platform","visible":true,"width":96,"x":1136,"y":320},{"height":32,"id":15,"name":"","properties":{"group":0},"propertytypes":{"group":"int"},"rotation":0,"type":"platform","visible":true,"width":96,"x":1136,"y":480},{"height":32,"id":16,"name":"","properties":{"group":1},"propertytypes":{"group":"int"},"rotation":0,"type":"platform","visible":true,"width":96,"x":1136,"y":672},{"gid":27,"height":64,"id":17,"name":"","rotation":0,"type":"","visible":true,"width":64,"x":1152,"y":144},{"gid":23,"height":64,"id":19,"name":"","properties":{"group":5},"propertytypes":{"group":"int"},"rotation":0,"type":"","visible":true,"width":64,"x":912,"y":192},{"gid":23,"height":64,"id":20,"name":"","properties":{"group":2},"propertytypes":{"group":"int"},"rotation":0,"type":"","visible":true,"width":64,"x":912,"y":352},{"gid":23,"height":64,"id":21,"name":"","rotation":0,"type":"","visible":true,"width":64,"x":912,"y":512},{"gid":23,"height":64,"id":22,"name":"","properties":{"group":1},"propertytypes":{"group":"int"},"rotation":0,"type":"","visible":true,"width":64,"x":912,"y":704},{"height":32,"id":23,"name":"","properties":{"group":4},"propertytypes":{"group":"int"},"rotation":0,"type":"platform","visible":true,"width":96,"x":576,"y":801},{"gid":23,"height":64,"id":24,"name":"","properties":{"group":4},"propertytypes":{"group":"int"},"rotation":0,"type":"","visible":true,"width":64,"x":64,"y":896},{"gid":33,"height":64,"id":25,"name":"","rotation":0,"type":"","visible":true,"width":64,"x":128,"y":64},{"gid":23,"height":64,"id":32,"name":"","properties":{"group":3},"propertytypes":{"group":"int"},"rotation":0,"type":"","visible":true,"width":64,"x":1152,"y":928}],"opacity":1,"type":"objectgroup","visible":true,"x":0,"y":0}],"nextobjectid":34,"orientation":"orthogonal","renderorder":"right-down","tiledversion":"1.1.3","tileheight":32,"tilesets":[{"firstgid":1,"source":"../../../assets/tilemaps/tilesets/Ground.json"},{"firstgid":16,"source":"../../../assets/tilemaps/tilesets/Chars.json"},{"firstgid":23,"source":"../../../assets/tilemaps/tilesets/Objects.json"}],"tilewidth":32,"type":"map","version":1,"width":39}