{"height":29,"infinite":false,"layers":[{"data":[1,1,1,1,1,1,1,1,1,1,1,1,1,1,1,1,1,1,1,1,1,1,1,1,1,1,1,1,1,1,1,1,1,1,1,1,1,1,1,1,0,0,0,0,0,1,0,0,0,0,0,0,0,0,0,0,0,0,0,0,0,0,0,0,0,0,0,0,1,0,0,0,0,0,0,0,0,1,1,0,0,0,0,0,1,0,0,0,0,0,0,0,0,0,0,0,0,0,0,0,0,0,0,0,0,0,0,1,0,0,0,0,0,0,0,0,1,1,0,0,0,0,0,1,0,0,2,1,1,1,1,1,1,1,1,1,1,1,1,1,1,1,1,0,0,0,1,0,0,0,0,0,0,0,0,1,1,0,0,0,0,0,1,0,0,1,1,1,1,1,1,0,0,0,0,0,0,0,0,0,0,0,0,0,0,1,0,0,0,0,0,0,0,0,1,1,0,0,0,0,0,1,0,0,1,0,1,0,0,1,0,0,0,0,0,0,0,0,0,0,0,0,0,0,1,0,0,0,0,0,0,0,0,1,1,0,0,0,0,0,1,0,0,1,0,1,0,0,1,0,0,0,0,0,0,0,0,0,0,0,0,0,0,1,3,0,0,0,0,0,0,0,1,1,0,0,0,0,0,1,0,0,1,0,1,0,0,1,1,1,1,1,1,1,1,1,1,1,1,1,1,1,1,1,1,1,1,1,5,0,0,1,1,0,0,0,0,0,1,0,0,1,0,1,0,0,1,1,1,5,0,0,0,0,0,0,0,0,0,0,0,0,0,0,4,1,5,0,0,0,1,1,0,0,0,0,0,1,0,0,1,0,1,0,0,1,1,1,0,0,0,0,0,0,0,0,0,0,0,0,0,0,0,0,1,0,0,0,2,1,1,0,0,0,0,0,1,0,0,1,0,1,0,0,1,1,1,0,0,0,0,0,0,0,0,0,0,0,0,0,0,0,0,1,0,0,2,1,1,1,0,0,0,0,0,1,0,0,1,0,1,0,0,1,1,1,3,0,0,0,0,0,0,0,0,0,0,0,0,0,0,0,1,0,0,1,1,1,1,1,1,1,1,1,1,0,0,1,1,1,0,0,1,1,1,1,1,1,1,1,1,1,1,1,1,1,1,1,0,0,0,1,0,0,1,5,1,1,0,0,0,0,0,0,0,0,0,0,0,0,0,0,0,0,0,0,0,0,0,0,0,0,0,0,0,0,0,0,0,0,0,0,0,0,0,1,1,0,0,0,0,0,0,0,0,0,0,0,0,0,0,0,0,0,0,0,0,0,0,0,0,0,0,0,0,0,0,0,0,0,0,0,0,0,1,1,0,0,0,2,1,1,1,1,1,1,1,1,1,3,0,0,0,0,3,0,0,0,1,1,1,1,1,1,1,0,0,0,1,1,1,1,3,1,1,0,0,0,0,0,0,0,0,0,0,0,0,1,1,3,0,0,0,1,3,0,0,1,0,0,0,0,0,0,0,0,0,1,1,1,1,1,1,1,0,0,0,0,0,0,0,0,0,0,0,0,1,1,1,1,1,1,1,1,1,1,1,0,0,0,0,0,0,0,0,0,1,0,0,0,0,1,1,0,0,0,0,0,0,0,0,0,0,0,0,0,4,1,1,0,0,0,0,0,0,0,0,0,0,0,0,0,0,0,0,1,0,0,0,0,1,1,0,0,0,0,0,0,0,0,0,0,0,0,0,0,1,1,1,0,0,0,0,0,0,0,0,0,0,0,0,0,0,0,1,0,0,0,0,1,1,3,0,2,1,1,1,1,1,1,1,3,0,0,0,1,1,1,0,0,0,0,0,0,0,0,0,0,0,0,0,0,0,1,0,0,1,1,1,1,1,1,1,1,1,1,1,1,1,1,1,0,0,0,0,0,4,1,0,0,0,0,0,0,0,0,0,0,0,0,0,0,1,0,0,0,0,1,1,0,0,0,0,1,0,1,0,0,0,1,0,0,0,0,0,0,1,3,0,0,0,0,0,0,0,2,1,1,1,1,1,1,3,0,0,0,1,1,0,0,0,0,1,0,1,0,0,0,1,0,0,0,0,0,0,1,1,0,0,0,0,0,0,0,1,0,0,0,0,0,0,4,3,0,0,1,1,1,1,1,0,1,0,1,0,0,0,1,1,1,1,0,0,0,4,1,0,0,0,1,1,1,1,5,0,0,0,0,0,0,0,0,0,0,1,1,0,0,1,0,1,0,1,1,1,1,1,1,1,1,0,0,0,0,0,0,0,0,0,0,0,0,0,0,0,0,0,0,0,0,0,0,0,1,1,0,0,1,1,1,0,1,0,0,0,0,0,1,1,1,0,0,0,0,0,0,0,0,0,0,0,0,0,0,2,1,1,1,1,1,1,1,1,1,0,0,0,0,1,0,1,0,0,0,0,0,1,1,1,0,0,0,0,0,0,0,0,0,0,0,0,0,2,1,1,1,1,1,1,1,1,1,1,1,1,1,1,1,1,1,1,1,1,1,1,1,1,1,1,1,1,1,1,1,1,1,1,1,1,1,1,1,1,1,1,1,1,1,1,1,1],"height":29,"name":"Ground","opacity":1,"type":"tilelayer","visible":true,"width":39,"x":0,"y":0},{"draworder":"topdown","name":"Chars","objects":[{"gid":16,"height":64,"id":1,"name":"","rotation":0,"type":"","visible":true,"width":64,"x":992,"y":224},{"gid":17,"height":64,"id":2,"name":"","rotation":0,"type":"","visible":true,"width":64,"x":864,"y":480},{"gid":18,"height":64,"id":3,"name":"","rotation":0,"type":"","visible":true,"width":64,"x":160,"y":640},{"gid":19,"height":64,"id":4,"name":"","rotation":0,"type":"","visible":true,"width":64,"x":272,"y":640},{"gid":22,"height":64,"id":25,"name":"","rotation":0,"type":"","visible":true,"width":64,"x":1104,"y":624}],"opacity":1,"type":"objectgroup","visible":true,"x":0,"y":0},{"draworder":"topdown","name":"Objects","objects":[{"height":32,"id":5,"name":"","properties":{"dx":-3,"group":42},"propertytypes":{"dx":"int","group":"int"},"rotation":0,"type":"platform","visible":true,"width":96,"x":640,"y":768},{"height":32,"id":7,"name":"","properties":{"dx":0,"dy":-3,"group":3},"propertytypes":{"dx":"int","dy":"int","group":"int"},"rotation":0,"type":"platform","visible":true,"width":96,"x":384,"y":640},{"height":32,"id":8,"name":"","properties":{"dx":-3,"group":0},"propertytypes":{"dx":"int","group":"int"},"rotation":0,"type":"platform","visible":true,"width":96,"x":384,"y":352},{"height":32,"id":9,"name":"","properties":{"dx":3,"group":1},"propertytypes":{"dx":"int","group":"int"},"rotation":0,"type":"platform","visible":true,"width":96,"x":960,"y":384},{"height":32,"id":10,"name":"","properties":{"dx":-3,"group":41},"propertytypes":{"dx":"int","group":"int"},"rotation":0,"type":"platform","visible":true,"width":96,"x":960,"y":480},{"height":32,"id":11,"name":"","properties":{"dx":3,"group":4},"propertytypes":{"dx":"int","group":"int"},"rotation":0,"type":"platform","visible":true,"width":96,"x":1120,"y":224},{"gid":23,"height":64,"id":12,"name":"","properties":{"group":1},"propertytypes":{"group":"int"},"rotation":0,"type":"","visible":true,"width":64,"x":528,"y":576},{"gid":24,"height":64,"id":13,"name":"","properties":{"group":2},"propertytypes":{"group":"int"},"rotation":0,"type":"","visible":true,"width":64,"x":768,"y":800},{"gid":24,"height":64,"id":14,"name":"","properties":{"group":5},"propertytypes":{"group":"int"},"rotation":0,"type":"","visible":true,"width":64,"x":928,"y":736},{"gid":25,"height":64,"id":15,"name":"","properties":{"group":3},"propertytypes":{"group":"int"},"rotation":0,"type":"","visible":true,"width":64,"x":816,"y":928},{"gid":25,"height":64,"id":17,"name":"","rotation":0,"type":"","visible":true,"width":64,"x":704,"y":416},{"gid":30,"height":64,"id":18,"name":"","properties":{"group":4},"propertytypes":{"group":"int"},"rotation":90,"type":"","visible":true,"width":64,"x":0,"y":416},{"gid":30,"height":64,"id":19,"name":"","properties":{"group":42},"propertytypes":{"group":"int"},"rotation":0,"type":"","visible":true,"width":64,"x":864,"y":256},{"gid":30,"height":64,"id":20,"name":"","properties":{"group":41},"propertytypes":{"group":"int"},"rotation":180,"type":"","visible":true,"width":64,"x":448,"y":128},{"gid":28,"height":64,"id":24,"name":"","properties":{"group":10,"initialState":1},"propertytypes":{"group":"int","initialState":"int"},"rotation":180,"type":"","visible":true,"width":64,"x":1248,"y":416},{"gid":35,"height":64,"id":26,"name":"","rotation":0,"type":"","visible":true,"width":64,"x":384,"y":352},{"gid":29,"height":64,"id":27,"name":"","properties":{"bringToBack":true,"group":5},"propertytypes":{"bringToBack":"bool","group":"int"},"rotation":0,"type":"","visible":true,"width":64,"x":224,"y":96},{"gid":29,"height":64,"id":28,"name":"","properties":{"bringToBack":true,"group":2},"propertytypes":{"bringToBack":"bool","group":"int"},"rotation":-90,"type":"","visible":true,"width":64,"x":928,"y":96}],"opacity":1,"type":"objectgroup","visible":true,"x":0,"y":0}],"nextobjectid":30,"orientation":"orthogonal","renderorder":"right-down","tiledversion":"1.1.3","tileheight":32,"tilesets":[{"firstgid":1,"source":"../../../assets/tilemaps/tilesets/Ground.json"},{"firstgid":16,"source":"../../../assets/tilemaps/tilesets/Chars.json"},{"firstgid":23,"source":"../../../assets/tilemaps/tilesets/Objects.json"}],"tilewidth":32,"type":"map","version":1,"width":39}