{"height":29,"infinite":false,"layers":[{"data":[1,1,1,1,1,1,1,1,1,1,1,1,1,1,1,1,1,1,1,1,1,1,1,1,1,1,1,1,1,1,1,1,1,1,1,1,1,1,1,1,5,0,0,4,1,1,5,0,0,4,1,1,5,0,0,0,0,0,0,0,0,0,0,0,0,0,0,1,0,0,0,0,0,0,0,0,0,1,1,0,0,0,0,4,5,0,0,0,0,4,5,0,0,0,0,0,0,0,0,0,0,0,0,0,0,0,1,0,0,0,0,0,0,0,0,0,1,1,0,0,0,0,0,0,0,2,3,0,0,0,0,2,3,0,0,0,0,0,0,0,0,0,0,0,0,1,0,0,0,0,0,0,0,0,0,1,1,3,0,0,0,0,0,2,1,1,3,0,0,2,1,1,3,0,0,0,0,0,0,0,0,0,0,0,1,0,0,0,0,0,0,0,0,0,1,1,1,1,1,1,1,1,1,1,1,1,1,1,1,1,1,1,3,0,0,0,0,0,0,0,0,0,0,1,1,1,1,1,1,1,0,0,0,1,1,0,0,0,0,0,0,0,0,0,0,0,0,0,0,0,0,4,3,0,0,0,0,0,0,0,0,0,1,1,1,1,1,1,1,0,0,0,1,1,0,0,0,0,0,0,0,0,0,0,0,0,0,0,0,0,0,4,3,0,0,0,0,0,0,0,0,1,1,1,1,1,1,1,3,0,0,1,1,0,0,0,0,0,0,0,0,0,0,0,0,0,0,0,0,0,0,4,3,0,0,0,0,0,0,0,0,0,0,0,0,0,0,0,0,0,1,1,0,0,0,0,0,0,0,0,0,0,0,0,0,2,1,3,0,0,0,4,3,0,0,0,0,0,0,0,0,0,0,0,0,0,0,0,0,1,1,0,0,0,0,0,0,0,0,0,0,0,0,2,5,0,4,3,0,0,0,4,3,0,0,0,0,0,0,0,0,0,0,0,0,0,0,2,1,1,0,0,0,0,0,0,0,0,0,4,1,1,5,0,0,0,4,3,0,0,0,4,3,0,0,0,0,0,0,0,0,0,0,0,2,1,1,1,1,0,0,2,0,0,0,0,0,0,0,1,0,0,0,0,0,0,4,3,0,0,0,1,0,0,0,0,0,0,0,0,0,0,0,0,0,0,1,1,0,0,1,0,0,0,0,0,0,0,1,0,0,0,0,0,0,0,4,0,0,0,1,0,0,0,0,0,0,0,0,0,0,0,0,0,0,1,1,0,0,1,0,0,0,0,0,0,0,1,0,0,0,0,0,0,0,0,0,0,0,1,1,1,3,0,0,0,0,0,0,0,0,0,0,0,1,1,0,0,1,0,0,0,0,0,0,0,1,0,0,0,0,0,0,0,0,0,0,0,1,1,1,1,0,0,0,0,0,0,0,0,0,0,0,1,1,0,0,1,0,0,0,0,0,0,2,5,0,0,0,0,0,0,0,2,1,1,1,1,1,1,1,0,0,0,0,0,0,0,0,0,0,0,1,1,0,0,1,0,0,0,0,0,0,5,0,0,0,2,1,1,1,1,1,1,1,1,1,1,1,1,1,1,1,3,0,0,0,0,0,0,0,1,1,0,0,1,1,1,1,3,0,0,0,0,0,0,4,0,0,0,0,0,0,0,0,0,0,0,0,0,0,0,1,0,0,0,0,0,0,0,1,1,0,0,0,0,0,0,1,0,0,0,0,0,0,0,0,0,0,0,0,0,0,0,0,0,0,0,0,0,0,1,0,0,0,0,0,0,0,1,1,0,0,0,0,0,0,1,0,0,0,0,0,0,0,0,0,0,0,0,0,0,0,0,0,0,0,0,0,0,4,1,1,1,3,0,0,0,1,1,0,0,0,0,0,0,1,0,0,0,0,0,0,0,0,0,0,0,0,0,0,0,0,2,1,3,0,0,0,0,0,0,0,1,0,0,0,1,1,1,1,1,1,1,1,5,0,0,0,2,1,1,1,3,0,0,0,0,0,0,0,2,1,1,1,3,0,0,0,0,0,0,5,0,0,0,1,1,0,0,0,0,0,0,0,0,0,0,4,1,1,1,5,0,0,0,0,0,0,0,1,1,1,1,1,3,0,0,0,0,0,0,0,0,0,1,1,0,0,0,0,0,0,0,0,0,0,0,0,0,0,0,0,0,0,0,0,0,0,1,1,1,1,1,1,3,0,0,0,0,0,0,0,0,1,1,0,0,0,0,0,0,0,0,0,0,0,0,0,0,0,0,0,0,0,0,0,2,1,1,1,1,1,1,1,3,0,0,0,0,0,0,0,1,1,0,0,0,0,0,0,0,0,0,0,0,0,0,0,0,0,0,0,1,1,1,1,1,1,1,1,1,1,1,1,3,0,0,0,0,0,0,1,1,3,0,0,0,0,0,0,2,8,8,8,8,8,8,8,8,8,8,1,1,1,1,1,1,1,1,1,1,1,1,1,3,0,0,0,0,0,1,1,1,1,1,1,1,1,1,1,1,1,1,1,1,1,1,1,1,1,1,1,1,1,1,1,1,1,1,1,1,1,1,1,1,1,1,1,1,1],"height":29,"name":"Ground","opacity":1,"type":"tilelayer","visible":true,"width":39,"x":0,"y":0},{"draworder":"topdown","name":"Chars","objects":[{"gid":16,"height":64,"id":1,"name":"","rotation":0,"type":"","visible":true,"width":64,"x":112,"y":160},{"gid":17,"height":64,"id":2,"name":"","rotation":0,"type":"","visible":true,"width":64,"x":64,"y":160},{"gid":18,"height":64,"id":3,"name":"","rotation":0,"type":"","visible":true,"width":64,"x":48,"y":704},{"gid":19,"height":64,"id":4,"name":"","rotation":0,"type":"","visible":true,"width":64,"x":136,"y":704}],"opacity":1,"type":"objectgroup","visible":true,"x":0,"y":0},{"draworder":"topdown","name":"Objects","objects":[{"gid":24,"height":64,"id":5,"name":"","rotation":0,"type":"","visible":true,"width":64,"x":896,"y":576},{"height":32,"id":6,"name":"","properties":{"dx":0,"dy":4},"propertytypes":{"dx":"int","dy":"int"},"rotation":0,"type":"platform","visible":true,"width":96,"x":992,"y":512},{"gid":26,"height":64,"id":8,"name":"","properties":{"group":2,"onis":1,"startPos":-1},"propertytypes":{"group":"int","onis":"int","startPos":"int"},"rotation":0,"type":"","visible":true,"width":64,"x":992,"y":192},{"gid":42,"height":96,"id":9,"name":"","properties":{"group":2,"length":12},"propertytypes":{"group":"int","length":"float"},"rotation":-90,"type":"","visible":true,"width":64,"x":480,"y":752},{"gid":42,"height":96,"id":10,"name":"","properties":{"group":2,"length":7},"propertytypes":{"group":"int","length":"float"},"rotation":-90,"type":"","visible":true,"width":64,"x":736,"y":560}],"opacity":1,"type":"objectgroup","visible":true,"x":0,"y":0}],"nextobjectid":11,"orientation":"orthogonal","renderorder":"right-down","tiledversion":"1.1.3","tileheight":32,"tilesets":[{"firstgid":1,"source":"../../../assets/tilemaps/tilesets/Ground.json"},{"firstgid":16,"source":"../../../assets/tilemaps/tilesets/Chars.json"},{"firstgid":24,"source":"../../../assets/tilemaps/tilesets/Objects.json"},{"firstgid":40,"source":"../../../assets/tilemaps/tilesets/LargeObjects.json"}],"tilewidth":32,"type":"map","version":1,"width":39}