{"height":29,"infinite":false,"layers":[{"data":[1,1,1,1,1,1,1,1,1,1,1,1,1,1,1,1,1,1,1,1,1,1,1,1,1,1,1,1,1,1,1,1,1,1,1,1,1,1,1,1,0,0,0,0,0,0,0,0,0,0,0,0,0,0,0,0,0,0,0,0,0,0,0,0,0,0,0,0,0,0,0,0,0,0,0,4,1,1,1,0,0,0,0,0,0,0,0,0,0,0,0,0,0,0,0,0,0,0,0,0,0,0,0,0,0,0,0,0,0,0,0,0,0,0,0,4,1,1,0,0,0,0,0,0,0,0,0,0,0,0,0,0,0,0,0,0,0,0,2,1,1,1,1,1,1,1,1,1,1,3,0,0,0,0,0,1,1,1,1,1,1,0,0,0,0,0,0,0,0,0,0,0,0,0,0,0,2,5,0,0,0,0,0,0,0,0,0,0,4,3,0,0,0,0,1,1,0,0,0,0,0,0,0,2,1,1,8,8,8,1,1,8,8,8,1,5,0,0,0,0,0,0,0,0,0,0,0,0,1,0,0,0,0,1,1,0,0,0,0,0,0,2,5,0,0,0,0,0,0,0,0,0,0,0,0,0,0,0,0,0,0,0,0,0,0,0,0,4,3,0,0,0,1,1,0,0,0,0,0,2,1,0,0,0,0,0,0,0,0,0,0,0,0,0,0,0,0,0,0,2,1,1,3,0,0,0,0,1,0,0,0,1,1,1,1,1,1,1,1,1,0,0,0,0,0,0,0,0,0,0,0,0,0,0,0,0,0,0,0,0,0,4,3,0,0,0,4,5,0,0,1,1,0,0,0,0,0,0,4,3,0,0,0,0,0,0,0,0,0,0,0,0,0,0,0,0,0,0,0,0,0,4,3,0,0,0,0,0,0,1,1,0,0,0,0,0,0,0,4,3,0,0,0,0,0,0,0,0,0,0,0,0,0,0,0,0,0,0,0,0,0,4,3,0,0,0,0,2,1,1,0,0,0,0,0,0,0,0,1,0,0,0,0,0,0,0,0,0,0,0,0,0,0,0,0,0,0,0,0,0,0,4,3,0,0,2,1,1,1,0,0,0,0,0,0,0,0,4,0,0,0,0,0,0,0,0,0,0,0,0,0,0,0,0,0,0,0,0,0,0,0,4,1,1,1,1,1,1,0,0,0,2,1,3,0,0,0,0,0,0,0,2,1,1,1,3,0,0,0,0,0,0,0,0,0,0,0,0,0,0,0,4,1,1,1,1,1,0,0,2,1,1,1,0,0,0,0,0,0,2,1,5,0,4,1,0,0,0,0,0,0,0,0,0,0,0,0,0,0,0,0,4,0,0,1,1,0,0,0,0,0,1,0,0,0,0,0,2,1,5,0,0,0,1,6,6,6,1,0,0,0,0,0,0,0,0,0,0,0,0,0,0,0,1,1,0,0,0,0,0,1,0,0,0,0,1,1,5,0,0,0,0,1,1,1,1,1,6,6,6,1,0,0,0,0,0,0,0,0,0,0,0,1,1,0,0,0,0,0,1,0,0,0,0,1,1,0,0,0,0,0,1,0,0,4,1,1,1,1,1,0,0,0,0,0,0,0,0,0,0,0,1,1,1,1,3,0,0,1,0,0,0,0,1,1,0,0,0,0,0,1,0,0,0,1,1,1,1,1,1,1,0,0,0,0,0,0,0,0,0,1,1,0,0,0,0,0,1,1,1,1,1,1,1,3,0,0,0,0,1,0,0,0,1,1,1,1,1,1,1,0,0,0,0,0,0,0,0,0,1,1,0,0,0,0,0,1,1,1,1,1,5,0,0,0,0,0,2,1,0,0,0,1,1,1,1,1,1,1,0,0,0,0,0,0,0,0,0,1,1,0,0,0,0,0,1,1,5,0,0,0,0,0,0,0,2,5,1,0,0,2,1,1,1,1,1,1,1,0,0,0,0,0,0,0,0,0,1,1,0,0,4,1,1,1,5,0,0,0,0,0,0,1,1,5,0,1,0,2,5,0,0,0,4,1,1,5,0,0,0,0,0,0,0,0,0,1,1,0,0,0,4,1,1,0,0,0,0,0,0,0,1,1,0,0,1,2,5,0,0,0,0,0,0,0,0,0,0,0,0,0,0,0,0,0,1,1,3,0,0,0,4,5,0,0,0,1,1,0,0,0,0,0,0,1,5,0,0,0,0,0,0,0,0,0,0,0,0,0,0,0,0,0,0,1,1,1,3,0,0,0,0,0,0,0,1,1,0,0,0,0,0,0,0,0,0,0,0,0,0,0,0,0,0,0,0,0,0,0,0,0,0,0,1,1,1,1,3,0,0,0,0,0,0,1,1,1,1,1,1,0,0,0,0,0,0,0,0,0,0,0,0,0,0,0,0,0,0,0,0,0,0,1,1,1,1,1,1,1,3,0,0,0,1,1,1,1,1,1,0,0,0,0,0,0,0,0,1,6,6,6,6,6,6,6,6,6,6,6,6,6,1,1,1,1,1,1,1,1,1,1,1,1,1,1,1,1,1,1,1,1,1,1,1,1,1,1,1,1,1,1,1,1,1,1,1,1,1,1,1,1],"height":29,"name":"Ground","opacity":1,"type":"tilelayer","visible":true,"width":39,"x":0,"y":0},{"draworder":"topdown","name":"Chars","objects":[{"gid":33,"height":64,"id":5,"name":"","rotation":0,"type":"","visible":true,"width":64,"x":256,"y":608},{"gid":32,"height":64,"id":6,"name":"","rotation":0,"type":"","visible":true,"width":64,"x":496,"y":416},{"gid":34,"height":64,"id":7,"name":"","rotation":0,"type":"","visible":true,"width":64,"x":64,"y":256},{"gid":35,"height":64,"id":8,"name":"","rotation":0,"type":"","visible":true,"width":64,"x":64,"y":128}],"opacity":1,"type":"objectgroup","visible":true,"x":0,"y":0},{"draworder":"topdown","name":"Objects","objects":[{"gid":18,"height":64,"id":1,"name":"","properties":{"group":3},"propertytypes":{"group":"int"},"rotation":0,"type":"","visible":true,"width":64,"x":672,"y":928},{"height":32,"id":3,"name":"","properties":{"dx":0,"dy":-2,"group":3},"propertytypes":{"dx":"int","dy":"int","group":"int"},"rotation":0,"type":"platform","visible":true,"width":96,"x":672,"y":256}],"opacity":1,"type":"objectgroup","visible":true,"x":0,"y":0}],"nextobjectid":10,"orientation":"orthogonal","renderorder":"right-down","tiledversion":"1.1.3","tileheight":32,"tilesets":[{"firstgid":1,"source":"../../../assets/tilemaps/tilesets/Ground.json"},{"firstgid":16,"source":"../../../assets/tilemaps/tilesets/Objects.json"},{"firstgid":32,"source":"../../../assets/tilemaps/tilesets/Chars.json"}],"tilewidth":32,"type":"map","version":1,"width":39}