{"height":29,"infinite":false,"layers":[{"data":[1,1,1,1,1,1,1,1,1,1,1,1,1,1,1,1,1,1,1,1,1,1,1,1,1,1,1,1,1,1,1,1,1,1,1,1,1,1,1,1,0,2,5,0,0,0,0,0,0,0,0,0,0,0,0,0,0,0,0,0,0,0,0,0,0,0,0,0,0,0,0,0,0,0,4,3,0,1,1,2,5,0,0,0,0,0,0,0,0,0,0,0,0,0,0,0,0,0,0,0,0,0,0,0,0,0,0,0,0,0,0,0,0,0,4,3,1,1,5,0,0,0,0,0,0,0,0,0,0,0,0,0,0,0,0,0,0,0,0,0,0,0,0,0,0,0,0,0,0,0,0,0,0,0,4,1,1,0,0,0,0,0,0,0,0,2,3,0,0,0,0,0,0,0,0,0,0,0,0,0,0,0,0,0,0,2,3,0,0,0,0,0,0,0,1,1,0,0,0,0,0,0,0,2,1,1,3,0,0,0,0,0,0,0,0,0,0,0,0,0,0,0,0,2,1,1,3,0,0,0,0,0,0,1,1,0,0,0,0,0,0,2,5,4,5,4,3,0,0,0,0,0,0,0,0,2,3,0,0,0,0,2,1,1,1,1,3,0,0,0,0,0,1,1,1,1,1,1,1,1,5,0,0,0,0,4,3,0,0,0,0,0,0,2,1,1,3,2,3,2,5,4,1,1,5,4,3,0,0,0,0,1,1,0,0,0,0,0,0,0,0,0,0,0,0,4,3,0,0,0,0,2,5,0,0,4,1,1,5,0,0,4,5,0,0,4,3,0,0,0,1,1,0,0,0,0,0,0,0,0,0,0,0,0,0,4,3,2,3,2,5,0,0,0,0,4,5,0,0,0,0,0,0,0,0,4,3,0,0,1,1,0,0,0,0,0,0,0,0,0,0,0,0,0,0,4,1,1,5,0,0,0,0,0,0,0,0,0,0,0,0,0,0,0,0,4,0,0,1,1,0,0,0,0,0,0,0,2,3,0,0,0,0,0,0,4,5,0,0,0,0,0,0,0,0,0,0,0,0,0,0,0,0,0,0,0,0,1,1,0,0,0,0,0,0,2,1,1,3,0,0,0,0,0,0,0,0,0,0,0,0,0,0,0,0,0,0,2,3,0,0,0,0,0,0,2,1,1,0,0,0,0,0,2,5,4,5,4,3,0,0,0,0,0,0,0,0,0,0,0,0,2,3,0,0,2,1,1,3,0,0,0,0,2,5,1,1,0,0,0,0,2,5,0,0,0,0,4,3,0,0,0,0,0,0,0,0,0,0,2,1,1,3,2,5,0,0,4,3,0,0,2,5,0,1,1,0,0,0,2,5,0,0,0,0,0,0,4,3,0,0,0,0,0,0,0,0,2,1,1,1,1,5,0,0,0,0,4,3,2,5,0,0,1,1,0,0,2,5,0,0,0,0,0,0,0,0,4,3,0,0,2,3,0,0,2,5,4,1,1,5,0,0,0,0,0,0,4,5,0,0,0,1,1,0,0,5,0,0,0,0,0,0,0,0,0,0,4,3,2,1,1,3,2,5,0,0,4,5,0,0,0,0,0,0,0,0,0,0,0,0,1,1,0,0,0,0,0,0,0,0,0,0,0,0,0,0,4,1,1,1,1,5,0,0,0,0,0,0,0,0,0,0,0,0,0,0,0,0,0,1,1,3,0,0,0,0,0,0,0,2,3,0,0,0,0,0,4,1,1,5,0,0,0,0,0,0,0,0,0,2,3,0,0,0,0,0,0,0,1,1,4,3,0,2,3,2,3,2,1,1,3,0,0,0,0,0,4,5,0,0,0,0,0,0,0,0,0,2,1,1,3,0,0,0,0,0,0,1,1,0,4,1,5,4,1,1,5,0,0,4,3,0,0,0,0,0,0,0,0,0,0,0,0,0,0,2,5,0,0,4,3,2,3,0,0,0,1,1,0,0,0,0,0,4,5,0,0,0,0,4,3,0,0,0,0,0,0,0,0,0,0,0,0,2,5,0,0,0,0,4,1,1,3,0,0,1,1,0,0,0,0,0,0,0,0,0,0,0,0,4,3,0,0,0,0,0,0,2,3,0,0,2,5,0,0,0,0,0,0,4,5,0,0,0,1,1,0,0,0,0,0,0,0,0,0,0,0,0,0,4,3,0,0,0,0,2,1,1,3,2,5,0,0,0,0,0,0,0,0,0,0,0,0,1,1,0,0,0,0,0,0,0,0,0,0,0,0,0,0,4,3,2,3,2,1,1,1,1,1,3,0,0,0,0,0,0,0,0,0,0,0,2,1,1,0,0,0,0,0,0,0,0,0,0,0,0,0,0,0,1,1,1,1,1,1,1,1,1,1,3,0,0,0,0,0,0,0,0,0,2,1,1,1,0,0,0,0,0,0,0,0,0,0,0,0,0,0,2,1,1,1,1,1,1,1,1,1,1,1,1,1,1,1,1,1,1,1,1,1,1,1,1,1,1,1,1,1,1,1,1,1,1,1,1,1,1,1,1,1,1,1,1,1,1,1,1,1,1,1,1,1,1,1,1,1,1,1,1,1,1],"height":29,"name":"Ground","opacity":1,"type":"tilelayer","visible":true,"width":39,"x":0,"y":0},{"draworder":"topdown","name":"Chars","objects":[{"gid":16,"height":64,"id":2,"name":"","rotation":0,"type":"","visible":true,"width":64,"x":32,"y":224},{"gid":17,"height":64,"id":3,"name":"","rotation":0,"type":"","visible":true,"width":64,"x":896,"y":864},{"gid":18,"height":64,"id":4,"name":"","rotation":0,"type":"","visible":true,"width":64,"x":992,"y":864},{"gid":19,"height":64,"id":5,"name":"","rotation":0,"type":"","visible":true,"width":64,"x":128,"y":224},{"gid":21,"height":64,"id":6,"name":"","rotation":0,"type":"","visible":true,"width":64,"x":560,"y":256},{"gid":21,"height":64,"id":7,"name":"","rotation":0,"type":"","visible":true,"width":64,"x":736,"y":192},{"gid":21,"height":64,"id":8,"name":"","rotation":0,"type":"","visible":true,"width":64,"x":848,"y":416},{"gid":21,"height":64,"id":9,"name":"","rotation":0,"type":"","visible":true,"width":64,"x":576,"y":480},{"gid":21,"height":64,"id":10,"name":"","rotation":0,"type":"","visible":true,"width":64,"x":304,"y":352},{"gid":21,"height":64,"id":11,"name":"","rotation":0,"type":"","visible":true,"width":64,"x":240,"y":608},{"gid":21,"height":64,"id":12,"name":"","rotation":0,"type":"","visible":true,"width":64,"x":608,"y":744},{"gid":21,"height":64,"id":13,"name":"","rotation":0,"type":"","visible":true,"width":64,"x":872,"y":624},{"gid":20,"height":64,"id":14,"name":"","rotation":0,"type":"","visible":true,"width":64,"x":752,"y":744},{"gid":20,"height":64,"id":15,"name":"","rotation":0,"type":"","visible":true,"width":64,"x":984,"y":624},{"gid":20,"height":64,"id":16,"name":"","rotation":0,"type":"","visible":true,"width":64,"x":1008,"y":416},{"gid":20,"height":64,"id":17,"name":"","rotation":0,"type":"","visible":true,"width":64,"x":800,"y":192},{"gid":20,"height":64,"id":18,"name":"","rotation":0,"type":"","visible":true,"width":64,"x":464,"y":256},{"gid":20,"height":64,"id":20,"name":"","rotation":0,"type":"","visible":true,"width":64,"x":208,"y":352},{"gid":20,"height":64,"id":22,"name":"","rotation":0,"type":"","visible":true,"width":64,"x":336,"y":608},{"gid":20,"height":64,"id":23,"name":"","rotation":0,"type":"","visible":true,"width":64,"x":512,"y":480}],"opacity":1,"type":"objectgroup","visible":true,"x":0,"y":0},{"draworder":"topdown","name":"Objects","objects":[],"opacity":1,"type":"objectgroup","visible":true,"x":0,"y":0}],"nextobjectid":24,"orientation":"orthogonal","renderorder":"right-down","tiledversion":"1.1.3","tileheight":32,"tilesets":[{"firstgid":1,"source":"../../../assets/tilemaps/tilesets/Ground.json"},{"firstgid":16,"source":"../../../assets/tilemaps/tilesets/Chars.json"}],"tilewidth":32,"type":"map","version":1,"width":39}