{"height":29,"infinite":false,"layers":[{"data":[1,1,1,1,1,1,1,1,1,1,1,1,1,1,1,1,1,1,1,1,1,1,1,1,1,1,1,1,1,1,1,1,1,1,1,1,1,1,1,1,0,0,1,1,5,0,0,0,0,0,0,0,0,0,0,0,0,0,0,0,0,0,0,0,0,0,0,0,1,0,0,0,0,0,0,0,1,1,1,0,0,1,1,0,0,0,0,0,0,0,0,0,0,0,0,0,0,0,0,0,0,0,0,0,0,0,0,1,0,0,1,1,1,0,0,1,1,1,0,0,1,1,0,0,0,0,0,0,0,1,1,1,1,1,1,1,1,1,1,1,1,1,3,0,0,0,1,0,0,1,1,1,0,0,1,1,1,0,0,1,1,0,0,0,0,0,0,0,1,0,0,0,0,0,0,0,0,0,0,0,0,4,3,0,0,1,0,0,1,1,1,0,0,1,1,1,0,0,1,1,0,0,0,0,0,0,2,5,0,0,0,0,0,0,0,0,0,0,0,0,0,0,0,0,1,0,0,1,1,1,0,0,1,1,1,0,0,1,1,0,0,0,0,0,0,1,0,0,0,0,0,0,0,0,0,0,0,0,0,0,0,0,0,1,0,0,1,1,1,0,0,1,1,1,0,0,1,1,1,1,1,1,1,1,5,0,0,0,0,0,0,0,0,0,0,0,0,0,0,0,0,2,1,0,0,1,1,1,0,0,1,1,1,0,0,1,1,0,0,0,0,0,0,0,0,0,0,0,0,0,0,0,0,0,0,0,0,0,0,2,1,1,0,0,1,1,1,0,0,1,1,1,0,0,1,1,0,0,0,0,0,0,0,0,0,0,0,0,0,0,0,0,0,0,0,0,0,0,0,0,1,0,0,1,1,1,0,0,1,1,1,0,0,1,1,0,0,0,0,0,0,0,0,0,0,0,0,0,0,0,0,0,0,0,0,0,0,0,0,1,0,0,1,1,1,0,0,1,1,1,0,0,1,1,0,0,0,0,0,0,0,0,0,0,0,0,0,0,0,0,0,0,2,1,1,1,0,0,1,0,0,1,1,1,0,0,1,1,1,0,0,1,1,0,0,0,0,0,0,2,1,6,6,6,6,6,6,6,6,6,6,1,1,1,1,3,0,0,0,0,1,1,1,0,0,1,1,1,0,0,1,1,1,1,1,1,1,1,1,1,1,1,1,1,1,1,1,1,1,1,5,0,0,0,1,0,0,0,0,0,1,1,0,0,1,1,1,0,0,1,1,1,1,1,1,1,1,5,0,0,0,0,0,0,0,0,0,0,0,0,0,0,0,1,0,0,0,0,0,0,1,0,0,1,1,1,0,0,1,1,0,0,0,0,0,0,0,0,0,0,0,0,0,0,0,0,0,0,0,0,0,0,4,3,0,0,0,0,0,1,0,0,1,1,1,0,0,1,1,0,0,0,0,0,0,0,0,0,0,0,0,0,0,0,0,0,0,0,0,0,0,0,4,0,0,0,0,0,1,0,0,1,1,1,0,0,1,1,0,0,1,1,1,1,3,0,0,0,0,0,0,0,0,0,0,0,0,2,0,0,0,0,0,0,0,0,0,1,0,0,1,1,1,0,0,4,1,0,0,5,0,0,0,4,3,0,0,0,0,0,0,0,0,0,0,0,1,0,0,0,0,0,0,0,1,1,1,0,0,1,1,1,0,0,0,0,0,0,0,0,0,0,0,4,1,1,1,1,0,0,0,0,0,0,0,1,0,0,1,1,1,1,1,1,1,1,0,0,1,1,1,0,0,0,0,0,0,0,0,0,0,0,0,0,0,0,0,0,0,0,0,0,1,1,1,0,0,1,0,0,0,1,1,1,5,0,0,1,1,1,0,0,0,0,0,0,0,0,0,0,0,0,0,0,0,0,0,0,0,0,0,1,1,1,0,0,1,0,1,0,1,0,0,0,0,0,1,1,1,1,1,1,1,1,1,1,1,1,3,0,0,0,0,0,0,0,0,2,1,1,1,1,1,0,0,1,0,1,0,1,0,0,0,0,0,0,1,1,0,0,0,0,0,0,0,0,0,4,1,1,1,1,3,0,0,0,1,1,1,1,1,1,0,0,1,0,1,0,1,0,0,0,0,0,1,1,1,0,0,0,0,0,0,0,0,0,0,0,0,0,0,0,0,0,2,1,1,1,1,1,1,0,0,1,0,0,0,1,1,1,1,1,1,1,1,1,0,0,0,0,0,0,0,0,0,0,0,0,0,0,0,0,2,1,1,1,1,1,1,1,0,0,1,1,1,1,1,1,1,1,1,1,1,1,1,0,0,0,0,0,0,0,0,0,0,0,0,0,0,0,0,1,1,1,1,1,1,1,1,0,0,0,0,0,0,0,0,0,0,0,0,0,1,1,0,0,0,0,0,0,0,0,0,0,0,0,0,0,0,0,1,1,1,1,1,1,1,1,0,0,0,0,0,0,0,0,0,0,0,0,0,1,1,1,1,1,1,1,7,7,7,7,7,7,7,7,7,7,1,1,1,1,1,1,1,1,1,1,1,1,1,1,1,1,1,1,1,1,1,1,1],"height":29,"name":"Ground","opacity":1,"type":"tilelayer","visible":true,"width":39,"x":0,"y":0},{"draworder":"topdown","name":"Chars","objects":[{"gid":20,"height":64,"id":1,"name":"","rotation":0,"type":"","visible":true,"width":64,"x":352,"y":880},{"gid":20,"height":64,"id":2,"name":"","rotation":0,"type":"","visible":true,"width":64,"x":432,"y":576},{"gid":20,"height":64,"id":3,"name":"","rotation":0,"type":"","visible":true,"width":64,"x":912,"y":496},{"gid":20,"height":64,"id":4,"name":"","rotation":0,"type":"","visible":true,"width":64,"x":848,"y":112},{"gid":21,"height":64,"id":5,"name":"","rotation":0,"type":"","visible":true,"width":64,"x":1008,"y":544},{"gid":21,"height":64,"id":6,"name":"","rotation":0,"type":"","visible":true,"width":64,"x":544,"y":216},{"gid":21,"height":64,"id":7,"name":"","rotation":0,"type":"","visible":true,"width":64,"x":224,"y":688},{"gid":21,"height":64,"id":8,"name":"","rotation":0,"type":"","visible":true,"width":64,"x":688,"y":624},{"gid":18,"height":64,"id":9,"name":"","rotation":0,"type":"","visible":true,"width":64,"x":176,"y":224},{"gid":19,"height":64,"id":10,"name":"","rotation":0,"type":"","visible":true,"width":64,"x":272,"y":224},{"gid":17,"height":64,"id":11,"name":"","rotation":0,"type":"","visible":true,"width":64,"x":272,"y":416},{"gid":16,"height":64,"id":12,"name":"","rotation":0,"type":"","visible":true,"width":64,"x":192,"y":416}],"opacity":1,"type":"objectgroup","visible":true,"x":0,"y":0},{"draworder":"topdown","name":"Objects","objects":[{"gid":31,"height":64,"id":13,"name":"","properties":{"color":"blue","group":6},"propertytypes":{"color":"string","group":"int"},"rotation":-90,"type":"","visible":true,"width":64,"x":1243,"y":904},{"gid":31,"height":64,"id":14,"name":"","properties":{"group":4},"propertytypes":{"group":"int"},"rotation":-90,"type":"","visible":true,"width":64,"x":736,"y":704},{"gid":29,"height":64,"id":15,"name":"","properties":{"group":10,"initialState":1},"propertytypes":{"group":"int","initialState":"int"},"rotation":90,"type":"","visible":true,"width":64,"x":32,"y":0},{"gid":29,"height":64,"id":16,"name":"","properties":{"color":"blue","group":11,"initialState":1},"propertytypes":{"color":"string","group":"int","initialState":"int"},"rotation":90,"type":"","visible":true,"width":64,"x":800,"y":384},{"height":32,"id":17,"name":"","properties":{"dx":-4,"group":1},"propertytypes":{"dx":"int","group":"int"},"rotation":0,"type":"platform","visible":true,"width":128,"x":128,"y":544},{"height":32,"id":18,"name":"","properties":{"dx":-4,"group":0},"propertytypes":{"dx":"int","group":"int"},"rotation":0,"type":"platform","visible":true,"width":128,"x":96,"y":224},{"height":32,"id":19,"name":"","properties":{"dx":2,"group":4},"propertytypes":{"dx":"int","group":"int"},"rotation":0,"type":"platform","visible":true,"width":64,"x":1184,"y":704},{"height":32,"id":20,"name":"","properties":{"dx":0,"dy":2,"group":0},"propertytypes":{"dx":"int","dy":"int","group":"int"},"rotation":0,"type":"platform","visible":true,"width":128,"x":512,"y":384},{"height":96,"id":21,"name":"","properties":{"dx":0,"dy":-3,"group":6},"propertytypes":{"dx":"int","dy":"int","group":"int"},"rotation":0,"type":"platform","visible":true,"width":32,"x":800,"y":32},{"gid":26,"height":64,"id":23,"name":"","properties":{"group":1},"propertytypes":{"group":"int"},"rotation":0,"type":"","visible":true,"width":64,"x":80,"y":928},{"gid":24,"height":64,"id":24,"name":"","rotation":0,"type":"","visible":true,"width":64,"x":784,"y":384},{"height":0,"id":25,"name":"","polyline":[{"x":0,"y":-16},{"x":0,"y":-336},{"x":160,"y":-336},{"x":160,"y":368}],"properties":{"barWidth":1.7},"propertytypes":{"barWidth":"float"},"rotation":0,"type":"pulley","visible":true,"width":0,"x":992,"y":384},{"gid":37,"height":64,"id":26,"name":"","properties":{"friction":0},"propertytypes":{"friction":"float"},"rotation":0,"type":"","visible":true,"width":64,"x":1120,"y":736},{"gid":36,"height":64,"id":27,"name":"","properties":{"friction":0},"propertytypes":{"friction":"float"},"rotation":0,"type":"","visible":true,"width":64,"x":960,"y":352},{"gid":36,"height":64,"id":28,"name":"","rotation":0,"type":"","visible":true,"width":64,"x":256,"y":544},{"height":32,"id":29,"name":"","properties":{"dx":2,"group":1},"propertytypes":{"dx":"int","group":"int"},"rotation":0,"type":"platform","visible":true,"width":128,"x":864,"y":608}],"opacity":1,"type":"objectgroup","visible":true,"x":0,"y":0}],"nextobjectid":30,"orientation":"orthogonal","renderorder":"right-down","tiledversion":"1.1.3","tileheight":32,"tilesets":[{"firstgid":1,"source":"../../../assets/tilemaps/tilesets/Ground.json"},{"firstgid":16,"source":"../../../assets/tilemaps/tilesets/Chars.json"},{"firstgid":24,"source":"../../../assets/tilemaps/tilesets/Objects.json"}],"tilewidth":32,"type":"map","version":1,"width":39}