{"height":29,"infinite":false,"layers":[{"data":[1,1,1,1,1,1,1,1,1,1,1,1,1,1,1,1,1,1,1,1,1,1,1,1,1,1,1,1,1,1,1,1,1,1,1,1,1,1,1,1,1,1,1,5,0,0,0,0,0,0,0,0,0,0,0,0,1,1,0,0,0,0,0,0,0,0,0,0,0,0,0,0,0,0,0,0,0,1,1,1,1,1,0,0,0,0,0,0,0,0,0,0,0,0,0,1,1,0,0,0,0,0,0,0,0,0,0,0,0,0,0,0,0,0,0,0,1,1,1,1,1,0,0,0,0,0,0,0,0,0,0,0,0,0,1,1,0,0,0,0,0,0,0,0,0,0,0,0,0,0,0,0,0,0,0,1,1,1,1,1,3,0,0,0,0,0,2,1,1,1,0,0,0,1,5,0,0,0,0,0,0,0,0,0,0,4,1,1,1,1,1,1,1,1,1,1,1,1,1,1,1,1,1,1,1,5,0,0,0,0,0,0,0,0,0,0,0,0,0,0,0,0,0,0,0,0,0,0,0,0,0,0,4,1,1,0,0,0,0,0,0,0,0,0,0,0,0,0,0,0,0,0,0,0,0,0,0,0,0,0,0,0,0,0,0,0,0,0,0,0,0,0,1,1,0,0,0,0,0,0,0,0,0,0,0,0,0,0,1,1,1,1,1,5,0,0,0,0,0,2,0,0,0,1,1,1,0,0,0,0,0,1,1,0,0,0,0,0,0,0,0,0,0,0,0,0,0,0,0,0,0,0,0,0,0,0,0,0,1,0,0,0,1,1,1,0,0,0,0,0,1,1,0,0,0,0,0,0,0,0,0,0,1,1,3,0,0,0,0,0,0,0,0,0,2,0,0,1,0,0,0,1,1,1,1,1,1,1,1,1,1,0,0,0,0,0,0,0,0,0,0,0,0,1,0,0,0,0,0,0,0,0,2,1,0,0,1,0,0,0,0,4,1,1,1,1,1,1,1,1,0,0,0,0,0,0,2,1,0,0,0,0,1,3,0,0,0,0,0,0,2,1,1,0,0,1,3,0,0,0,0,0,0,0,0,0,0,1,1,0,0,0,0,0,0,1,1,0,0,0,0,0,0,0,0,0,0,0,0,1,1,1,0,0,1,1,3,0,0,0,0,0,0,0,0,0,1,1,0,0,0,0,0,0,1,1,0,0,0,0,0,0,0,0,0,2,1,1,1,1,1,0,0,1,1,1,3,0,0,0,0,0,0,0,0,1,1,0,0,0,2,1,1,1,5,0,0,0,0,0,0,0,0,0,0,0,0,1,1,1,0,0,1,1,1,1,3,0,0,0,0,0,0,0,1,1,0,0,0,1,1,1,1,0,0,0,0,2,1,1,1,3,0,0,0,0,1,1,1,0,0,1,1,1,1,1,1,1,1,1,1,1,1,1,1,0,0,0,1,1,1,1,0,0,0,0,0,0,0,0,1,0,0,0,0,1,1,1,0,0,4,1,1,1,1,1,1,1,1,1,1,1,1,1,1,0,0,1,0,0,0,0,0,0,0,0,0,0,0,1,0,0,0,0,1,1,5,0,0,0,0,0,0,0,0,0,4,1,1,1,1,1,1,0,0,0,1,0,0,0,0,0,0,0,0,0,0,0,1,0,0,0,0,0,0,0,0,0,0,0,0,0,0,0,0,0,4,1,1,1,1,1,0,0,0,1,0,0,0,0,0,0,0,0,0,0,0,1,1,1,0,0,0,0,0,0,0,0,0,0,0,0,0,0,0,0,4,1,1,1,1,0,0,1,5,0,0,1,1,0,0,0,0,0,0,0,0,0,1,0,0,0,0,0,0,0,0,0,0,0,0,0,0,0,0,0,0,0,1,1,0,0,0,0,0,0,0,4,1,1,1,1,1,0,0,0,0,0,0,0,0,0,0,0,0,0,0,0,0,0,0,0,0,0,0,0,0,1,1,0,0,0,0,0,0,0,0,0,0,0,0,1,0,0,0,0,0,0,0,1,1,1,1,1,1,1,1,1,1,1,1,3,0,0,0,0,1,1,1,1,1,1,1,1,3,0,0,0,0,0,0,0,0,0,0,0,0,0,1,1,1,1,1,1,1,1,1,1,1,1,1,0,0,0,0,1,1,1,1,1,1,1,1,1,0,0,0,0,0,0,0,0,1,1,1,1,1,1,5,0,0,0,0,4,1,1,1,1,1,1,0,0,0,0,1,1,1,1,1,1,1,1,1,0,0,0,0,0,0,0,0,1,5,0,0,0,0,0,0,0,0,0,0,4,1,1,1,1,1,3,0,0,0,1,1,0,0,0,0,0,0,0,0,0,1,1,1,1,1,1,1,0,0,0,0,0,0,0,0,0,0,0,0,1,1,1,1,1,1,1,1,1,1,1,0,0,0,0,0,0,0,0,0,1,1,1,1,1,1,1,3,0,0,0,0,0,0,0,0,0,0,2,1,1,1,1,1,1,1,1,1,1,1,1,1,1,1,1,1,1,1,1,1,1,1,1,1,1,1,1,1,1,1,1,1,1,1,1,1,1,1,1,1,1,1,1,1,1,1,1,1],"height":29,"name":"Ground","opacity":1,"type":"tilelayer","visible":true,"width":39,"x":0,"y":0},{"draworder":"topdown","name":"Chars","objects":[{"gid":16,"height":64,"id":1,"name":"","rotation":0,"type":"","visible":true,"width":64,"x":608,"y":416},{"gid":17,"height":64,"id":2,"name":"","rotation":0,"type":"","visible":true,"width":64,"x":448,"y":480},{"gid":19,"height":64,"id":3,"name":"","rotation":0,"type":"","visible":true,"width":64,"x":1120,"y":480},{"gid":18,"height":64,"id":4,"name":"","rotation":0,"type":"","visible":true,"width":64,"x":1024,"y":480},{"gid":20,"height":64,"id":5,"name":"","rotation":0,"type":"","visible":true,"width":64,"x":560,"y":600},{"gid":20,"height":64,"id":6,"name":"","rotation":0,"type":"","visible":true,"width":64,"x":144,"y":416},{"gid":20,"height":64,"id":7,"name":"","rotation":0,"type":"","visible":true,"width":64,"x":1072,"y":112},{"gid":20,"height":64,"id":8,"name":"","rotation":0,"type":"","visible":true,"width":64,"x":1136,"y":112},{"gid":21,"height":64,"id":9,"name":"","rotation":0,"type":"","visible":true,"width":64,"x":1072,"y":256},{"gid":21,"height":64,"id":11,"name":"","rotation":0,"type":"","visible":true,"width":64,"x":1136,"y":256},{"gid":21,"height":64,"id":12,"name":"","rotation":0,"type":"","visible":true,"width":64,"x":608,"y":208},{"gid":21,"height":64,"id":13,"name":"","rotation":0,"type":"","visible":true,"width":64,"x":312,"y":512},{"gid":21,"height":64,"id":14,"name":"","rotation":0,"type":"","visible":true,"width":64,"x":1088,"y":792}],"opacity":1,"type":"objectgroup","visible":true,"x":0,"y":0},{"draworder":"topdown","name":"Objects","objects":[{"gid":35,"height":64,"id":15,"name":"","properties":{"boxSize":1.85},"propertytypes":{"boxSize":"float"},"rotation":90,"type":"","visible":true,"width":64,"x":984,"y":640},{"gid":35,"height":64,"id":16,"name":"","properties":{"boxSize":1.85},"propertytypes":{"boxSize":"float"},"rotation":90,"type":"","visible":true,"width":64,"x":848,"y":640},{"gid":35,"height":64,"id":17,"name":"","properties":{"boxSize":1.85},"propertytypes":{"boxSize":"float"},"rotation":0,"type":"","visible":true,"width":64,"x":720,"y":704},{"gid":35,"height":64,"id":18,"name":"","properties":{"boxSize":1.85},"propertytypes":{"boxSize":"float"},"rotation":0,"type":"","visible":true,"width":64,"x":552,"y":768},{"gid":35,"height":64,"id":19,"name":"","properties":{"boxSize":1.85},"propertytypes":{"boxSize":"float"},"rotation":90,"type":"","visible":true,"width":64,"x":384,"y":768},{"gid":35,"height":64,"id":20,"name":"","properties":{"boxSize":1.85},"propertytypes":{"boxSize":"float"},"rotation":90.8184554616887,"type":"","visible":true,"width":64,"x":251.460361023467,"y":831.546168589364},{"gid":35,"height":64,"id":21,"name":"","properties":{"boxSize":1.85},"propertytypes":{"boxSize":"float"},"rotation":0,"type":"","visible":true,"width":64,"x":344,"y":672},{"height":32,"id":22,"name":"","properties":{"dx":-3,"group":43},"propertytypes":{"dx":"int","group":"int"},"rotation":0,"type":"platform","visible":true,"width":96,"x":864,"y":224},{"height":32,"id":25,"name":"","properties":{"dx":-3,"group":2},"propertytypes":{"dx":"int","group":"int"},"rotation":0,"type":"platform","visible":true,"width":96,"x":864,"y":256},{"height":32,"id":26,"name":"","properties":{"dx":-3,"dy":0,"group":5},"propertytypes":{"dx":"int","dy":"int","group":"int"},"rotation":0,"type":"platform","visible":true,"width":96,"x":864,"y":288},{"height":32,"id":27,"name":"","properties":{"group":42},"propertytypes":{"group":"int"},"rotation":0,"type":"platform","visible":true,"width":96,"x":448,"y":128},{"height":96,"id":28,"name":"","properties":{"dx":0,"dy":-3,"group":41},"propertytypes":{"dx":"int","dy":"int","group":"int"},"rotation":0,"type":"platform","visible":true,"width":32,"x":1024,"y":32},{"height":96,"id":29,"name":"","properties":{"dx":0,"dy":3,"group":4},"propertytypes":{"dx":"int","dy":"int","group":"int"},"rotation":0,"type":"platform","visible":true,"width":32,"x":992,"y":128},{"gid":25,"height":64,"id":30,"name":"","properties":{"group":2},"propertytypes":{"group":"int"},"rotation":0,"type":"","visible":true,"width":64,"x":192,"y":192},{"gid":23,"height":64,"id":31,"name":"","properties":{"group":5},"propertytypes":{"group":"int"},"rotation":0,"type":"","visible":true,"width":64,"x":1136,"y":864},{"gid":28,"height":64,"id":32,"name":"","properties":{"initialState":1},"propertytypes":{"initialState":"int"},"rotation":0,"type":"","visible":true,"width":64,"x":0,"y":896},{"gid":30,"height":64,"id":33,"name":"","properties":{"group":42},"propertytypes":{"group":"int"},"rotation":180,"type":"","visible":true,"width":64,"x":832,"y":0},{"gid":30,"height":64,"id":34,"name":"","properties":{"group":41},"propertytypes":{"group":"int"},"rotation":180,"type":"","visible":true,"width":64,"x":672,"y":416},{"gid":30,"height":64,"id":35,"name":"","properties":{"group":4},"propertytypes":{"group":"int"},"rotation":180,"type":"","visible":true,"width":64,"x":512,"y":480},{"gid":30,"height":64,"id":36,"name":"","properties":{"group":43},"propertytypes":{"group":"int"},"rotation":-90,"type":"","visible":true,"width":64,"x":1248,"y":712}],"opacity":1,"type":"objectgroup","visible":true,"x":0,"y":0}],"nextobjectid":37,"orientation":"orthogonal","renderorder":"right-down","tiledversion":"1.1.3","tileheight":32,"tilesets":[{"firstgid":1,"source":"../../../assets/tilemaps/tilesets/Ground.json"},{"firstgid":16,"source":"../../../assets/tilemaps/tilesets/Chars.json"},{"firstgid":23,"source":"../../../assets/tilemaps/tilesets/Objects.json"}],"tilewidth":32,"type":"map","version":1,"width":39}