{
"index":5,
"id":"light2",
"label":"light temple",
"color":"#AF7F36",
"type":"tree",
"levels":[
{"id":1,"_id":1,"x":0.5,"y":0.85,"filename":"tutorials/levels/light_01.json","time":30,"mobileTime":50,"required":0,"initial":true},
{"id":2,"_id":2,"x":0.5,"y":0.75,"filename":"light/levels/light_02.json","time":40,"mobileTime":92,"required":0},
{"id":5,"_id":3,"x":0.5,"y":0.6,"filename":"light/levels/light_05.json","time":50,"mobileTime":55,"required":0},
{"id":10,"_id":4,"x":0.55,"y":0.5,"filename":"light/levels/light_10.json","time":60,"mobileTime":70,"required":0},
{"id":9,"_id":5,"x":0.45,"y":0.5,"filename":"light/levels/light_09.json","time":28,"mobileTime":50,"type":"speed","required":0},
{"id":18,"_id":6,"x":0.45,"y":0.4,"filename":"light/levels/light_18.json","type":"dark","time":45,"mobileTime":60,"required":0},
{"id":19,"_id":7,"x":0.55,"y":0.4,"filename":"light/levels/light_19.json","time":90,"mobileTime":110,"required":0},
{"id":23,"_id":8,"x":0.5,"y":0.3,"filename":"light/levels/light_23.json","time":65,"mobileTime":90,"required":0},
{"id":15,"_id":9,"x":0.65,"y":0.45,"filename":"light/levels/light_15.json","type":"dark","time":22,"mobileTime":40,"required":0},
{"id":14,"_id":10,"x":0.35,"y":0.45,"filename":"light/levels/light_14.json","time":80,"mobileTime":110,"required":0},
{"id":16,"_id":14,"x":0.75,"y":0.45,"filename":"light/levels/light_16.json","time":60,"mobileTime":80,"required":0},
{"id":11,"_id":15,"x":0.75,"y":0.6,"filename":"light/levels/light_11.json","time":130,"mobileTime":160,"required":0},
{"id":25,"_id":16,"x":0.75,"y":0.3,"filename":"light/levels/light_25.json","time":45,"mobileTime":80,"required":0},
{"id":8,"_id":17,"x":0.25,"y":0.6,"filename":"light/levels/light_08.json","time":85,"mobileTime":110,"required":0},
{"id":21,"_id":18,"x":0.25,"y":0.3,"filename":"light/levels/light_21.json","time":28,"mobileTime":32,"required":0},
{"id":13,"_id":19,"x":0.25,"y":0.45,"filename":"light/levels/light_13.json","time":30,"mobileTime":60,"type":"dark","required":0},
{"id":4,"_id":20,"x":0.4,"y":0.7,"filename":"light/levels/light_04.json","time":30,"mobileTime":45,"type":"speed","required":0},
{"id":6,"_id":21,"x":0.6,"y":0.7,"filename":"light/levels/light_06.json","type":"dark","time":50,"mobileTime":110,"required":0},
{"id":28,"_id":22,"x":0.5,"y":0.18,"filename":"light/levels/light_28.json","time":100,"mobileTime":115,"required":0},
{"id":22,"_id":23,"x":0.4,"y":0.2,"filename":"light/levels/light_22.json","time":115,"mobileTime":180,"required":0},
{"id":24,"_id":24,"x":0.6,"y":0.2,"filename":"light/levels/light_24.json","time":35,"mobileTime":45,"type":"speed","required":0},
{"id":0,"_id":25,"x":0.5,"y":0.95,"filename":"tutorials/levels/forest_01.json","time":40,"mobileTime":70,"required":0,"initial":true},
{"id":31,"_id":26,"x":0.4,"y":0.9,"filename":"light/levels/light_31.json","time":90,"mobileTime":100,"type":"puzzle","required":0},
{"id":40,"_id":27,"x":0.6,"y":0.9,"filename":"light/levels/light_40.json","time":65,"mobileTime":70,"type":"puzzle","required":0},
{"id":26,"_id":28,"x":0.85,"y":0.35,"filename":"light/levels/light_26.json","type":"dark","time":40,"mobileTime":55,"required":0},
{"id":17,"_id":29,"x":0.85,"y":0.55,"filename":"light/levels/light_17.json","type":"speed","time":16,"mobileTime":35,"required":0},
{"id":38,"_id":30,"x":0.95,"y":0.45,"filename":"light/levels/light_38.json","time":45,"mobileTime":58,"type":"puzzle","required":0},
{"id":7,"_id":31,"x":0.7,"y":0.75,"filename":"light/levels/light_07.json","type":"speed","time":20,"mobileTime":30,"required":0},
{"id":39,"_id":32,"x":0.9,"y":0.75,"filename":"light/levels/light_39.json","time":55,"mobileTime":75,"type":"puzzle","required":0},
{"id":3,"_id":33,"x":0.3,"y":0.75,"filename":"light/levels/light_03.json","type":"dark","time":25,"mobileTime":55,"required":0},
{"id":12,"_id":34,"x":0.15,"y":0.55,"filename":"light/levels/light_12.json","time":80,"mobileTime":140,"required":0},
{"id":20,"_id":35,"x":0.15,"y":0.35,"filename":"light/levels/light_20.json","type":"speed","time":25,"mobileTime":45,"required":0},
{"id":33,"_id":36,"x":0.05,"y":0.45,"filename":"light/levels/light_33.json","time":53,"mobileTime":63,"type":"puzzle","required":0},
{"id":32,"_id":37,"x":0.1,"y":0.75,"filename":"light/levels/light_32.json","time":45,"mobileTime":55,"type":"puzzle","required":0},
{"id":27,"_id":38,"x":0.3,"y":0.15,"filename":"light/levels/light_27.json","type":"speed","time":40,"mobileTime":55,"required":0},
{"id":29,"_id":39,"x":0.7,"y":0.15,"filename":"light/levels/light_29.json","time":80,"mobileTime":90,"required":0},
{"id":30,"_id":40,"x":0.5,"y":0.08,"filename":"light/levels/light_30.json","type":"dark","time":60,"mobileTime":70,"required":0},
{"id":34,"_id":41,"x":0.1,"y":0.2,"filename":"light/levels/light_34.json","time":80,"mobileTime":160,"type":"puzzle","required":0},
{"id":37,"_id":42,"x":0.9,"y":0.2,"filename":"light/levels/light_37.json","time":65,"mobileTime":85,"type":"puzzle","required":0},
{"id":35,"_id":43,"x":0.4,"y":0.039,"filename":"light/levels/light_35.json","time":100,"mobileTime":110,"type":"puzzle","required":0},
{"id":36,"_id":44,"x":0.6,"y":0.039,"filename":"light/levels/light_36.json","time":65,"mobileTime":90,"type":"puzzle","required":0}
],
"edges":[
{"id":"temp","source":32,"target":27,"_id":"3227"},
{"id":"temp","source":30,"target":42,"_id":"3042"},
{"id":"temp","source":44,"target":43,"_id":"4443"},
{"id":"temp","source":41,"target":36,"_id":"4136"},
{"id":"temp","source":37,"target":26,"_id":"3726"},
{"id":"temp","source":37,"target":34,"_id":"3734"},
{"id":"temp","source":34,"target":36,"_id":"3436"},
{"id":"temp","source":41,"target":38,"_id":"4138"},
{"id":"temp","source":38,"target":43,"_id":"3843"},
{"id":"temp","source":44,"target":39,"_id":"4439"},
{"id":"temp","source":39,"target":42,"_id":"3942"},
{"id":"temp","source":30,"target":29,"_id":"3029"},
{"id":"temp","source":29,"target":32,"_id":"2932"},
{"id":"temp","source":26,"target":1,"_id":"261"},
{"id":"temp","source":1,"target":27,"_id":"127"},
{"id":"temp","source":1,"target":2,"_id":"12"},
{"id":"temp","source":1,"target":33,"_id":"133"},
{"id":"temp","source":1,"target":31,"_id":"131"},
{"id":"temp","source":31,"target":29,"_id":"3129"},
{"id":"temp","source":29,"target":14,"_id":"2914"},
{"id":"temp","source":14,"target":28,"_id":"1428"},
{"id":"temp","source":14,"target":16,"_id":"1416"},
{"id":"temp","source":15,"target":14,"_id":"1514"},
{"id":"temp","source":28,"target":30,"_id":"2830"},
{"id":"temp","source":36,"target":35,"_id":"3635"},
{"id":"temp","source":35,"target":19,"_id":"3519"},
{"id":"temp","source":19,"target":34,"_id":"1934"},
{"id":"temp","source":34,"target":33,"_id":"3433"},
{"id":"temp","source":2,"target":21,"_id":"221"},
{"id":"temp","source":2,"target":20,"_id":"220"},
{"id":"temp","source":2,"target":3,"_id":"23"},
{"id":"temp","source":5,"target":7,"_id":"57"},
{"id":"temp","source":4,"target":6,"_id":"46"},
{"id":"temp","source":6,"target":10,"_id":"610"},
{"id":"temp","source":10,"target":5,"_id":"105"},
{"id":"temp","source":5,"target":3,"_id":"53"},
{"id":"temp","source":3,"target":4,"_id":"34"},
{"id":"temp","source":4,"target":9,"_id":"49"},
{"id":"temp","source":9,"target":7,"_id":"97"},
{"id":"temp","source":7,"target":8,"_id":"78"},
{"id":"temp","source":8,"target":6,"_id":"86"},
{"id":"temp","source":9,"target":14,"_id":"914"},
{"id":"temp","source":10,"target":19,"_id":"1019"},
{"id":"temp","source":40,"target":22,"_id":"4022"},
{"id":"temp","source":39,"target":40,"_id":"3940"},
{"id":"temp","source":40,"target":38,"_id":"4038"},
{"id":"temp","source":40,"target":44,"_id":"4044"},
{"id":"temp","source":18,"target":19,"_id":"1819"},
{"id":"temp","source":19,"target":17,"_id":"1917"},
{"id":"temp","source":19,"target":20,"_id":"1920"},
{"id":"temp","source":21,"target":14,"_id":"2114"},
{"id":"temp","source":21,"target":15,"_id":"2115"},
{"id":"temp","source":17,"target":20,"_id":"1720"},
{"id":"temp","source":19,"target":23,"_id":"1923"},
{"id":"temp","source":23,"target":18,"_id":"2318"},
{"id":"temp","source":24,"target":16,"_id":"2416"},
{"id":"temp","source":14,"target":24,"_id":"1424"},
{"id":"temp","source":24,"target":22,"_id":"2422"},
{"id":"temp","source":23,"target":22,"_id":"2322"},
{"id":"temp","source":8,"target":22,"_id":"822"},
{"id":"temp","source":27,"target":31,"_id":"2731"},
{"id":"temp","source":31,"target":32,"_id":"3132"},
{"id":"temp","source":26,"target":33,"_id":"2633"},
{"id":"temp","source":37,"target":33,"_id":"3733"},
{"id":"temp","source":35,"target":38,"_id":"3538"},
{"id":"temp","source":41,"target":35,"_id":"4135"},
{"id":"temp","source":28,"target":39,"_id":"2839"},
{"id":"temp","source":28,"target":42,"_id":"2842"},
{"id":"temp","source":40,"target":43,"_id":"4043"}
]
}